-- phpMyAdmin SQL Dump
-- version 5.1.1
-- https://www.phpmyadmin.net/
--
-- Host: localhost
-- Generation Time: Sep 01, 2022 at 12:31 PM
-- Server version: 10.4.20-MariaDB
-- PHP Version: 7.4.22

SET SQL_MODE = "NO_AUTO_VALUE_ON_ZERO";
START TRANSACTION;
SET time_zone = "+00:00";


/*!40101 SET @OLD_CHARACTER_SET_CLIENT=@@CHARACTER_SET_CLIENT */;
/*!40101 SET @OLD_CHARACTER_SET_RESULTS=@@CHARACTER_SET_RESULTS */;
/*!40101 SET @OLD_COLLATION_CONNECTION=@@COLLATION_CONNECTION */;
/*!40101 SET NAMES utf8mb4 */;

--
-- Database: `connectm_IOT`
--

-- --------------------------------------------------------

--
-- Table structure for table `company_companyAdmin_mapping`
--

CREATE TABLE `company_companyAdmin_mapping` (
  `company_uuid` varchar(255) NOT NULL,
  `company_admin_uuid` varchar(255) NOT NULL,
  `isActive` int(2) NOT NULL,
  `mapping_date` timestamp NOT NULL DEFAULT current_timestamp() ON UPDATE current_timestamp()
) ENGINE=InnoDB DEFAULT CHARSET=utf8mb4;

-- --------------------------------------------------------

--
-- Table structure for table `deviceInputHistory`
--

CREATE TABLE `deviceInputHistory` (
  `auto_Id` int(11) NOT NULL,
  `sensorTypeId` int(2) NOT NULL,
  `Temp` varchar(50) NOT NULL,
  `activity_Id` int(2) NOT NULL,
  `status` int(2) NOT NULL,
  `CreatedDate` timestamp NOT NULL DEFAULT current_timestamp()
) ENGINE=MyISAM DEFAULT CHARSET=latin1;

--
-- Dumping data for table `deviceInputHistory`
--

INSERT INTO `deviceInputHistory` (`auto_Id`, `sensorTypeId`, `Temp`, `activity_Id`, `status`, `CreatedDate`) VALUES
(1, 7, '28', 1, 0, '2016-05-03 12:04:39'),
(2, 7, '28', 1, 0, '2016-05-03 12:32:18'),
(3, 7, '28', 1, 0, '2016-05-03 12:32:22'),
(4, 7, '28', 1, 0, '2016-05-03 12:32:25'),
(5, 7, '28', 1, 0, '2016-05-03 12:32:28'),
(6, 7, '28', 1, 0, '2016-05-03 12:32:31'),
(7, 7, '28', 1, 0, '2016-05-03 12:32:34'),
(8, 7, '28', 1, 0, '2016-05-03 12:32:38'),
(9, 7, '28', 1, 0, '2016-05-03 12:32:41'),
(10, 7, '28', 1, 0, '2016-05-03 12:32:44'),
(11, 7, '28', 1, 0, '2016-05-03 12:32:48'),
(12, 7, '28', 1, 0, '2016-05-03 12:32:51'),
(13, 7, '28', 1, 0, '2016-05-03 12:32:54'),
(14, 7, '28', 1, 0, '2016-05-03 12:32:58'),
(15, 7, '28', 1, 0, '2016-05-03 12:33:01'),
(16, 7, '28', 1, 0, '2016-05-03 12:33:04'),
(17, 7, '28', 1, 0, '2016-05-03 12:33:07'),
(18, 7, '28', 1, 0, '2016-05-03 12:33:10'),
(19, 7, '28', 1, 0, '2016-05-03 12:33:13'),
(20, 7, '28', 1, 0, '2016-05-03 12:33:17'),
(21, 7, '28', 1, 0, '2016-05-03 12:33:20'),
(22, 7, '28', 1, 0, '2016-05-03 12:33:23'),
(23, 7, '28', 1, 0, '2016-05-03 12:33:26'),
(24, 7, '28', 1, 0, '2016-05-03 12:33:30'),
(25, 7, '28', 1, 0, '2016-05-03 12:33:33'),
(26, 7, '28', 1, 0, '2016-05-03 12:33:36'),
(27, 7, '28', 1, 0, '2016-05-03 12:33:39'),
(28, 7, '28', 1, 0, '2016-05-03 12:33:43'),
(29, 7, '28', 1, 0, '2016-05-03 12:33:46'),
(30, 7, '28', 1, 0, '2016-05-03 12:33:49'),
(31, 7, '28', 1, 0, '2016-05-03 12:33:52'),
(32, 7, '28', 1, 0, '2016-05-03 12:33:55'),
(33, 7, '28', 1, 0, '2016-05-03 12:33:59'),
(34, 7, '28', 1, 0, '2016-05-03 12:34:02'),
(35, 7, '28', 1, 0, '2016-05-03 12:34:05'),
(36, 7, '28', 1, 0, '2016-05-03 12:34:08'),
(37, 7, '28', 1, 0, '2016-05-03 12:34:12'),
(38, 7, '28', 1, 0, '2016-05-03 12:34:15'),
(39, 7, '28', 1, 0, '2016-05-03 12:34:18'),
(40, 7, '28', 1, 0, '2016-05-03 12:34:21'),
(41, 7, '28', 1, 0, '2016-05-03 12:34:25'),
(42, 7, '28', 1, 0, '2016-05-03 12:34:28'),
(43, 7, '28', 1, 0, '2016-05-03 12:34:31'),
(44, 7, '28', 1, 0, '2016-05-03 12:34:34'),
(45, 7, '28', 1, 0, '2016-05-03 12:34:37'),
(46, 7, '28', 1, 0, '2016-05-03 12:34:41'),
(47, 7, '28', 1, 0, '2016-05-03 12:34:44'),
(48, 7, '28', 1, 0, '2016-05-03 12:34:47'),
(49, 7, '28', 1, 0, '2016-05-03 12:34:50'),
(50, 7, '28', 1, 0, '2016-05-03 12:34:54'),
(51, 7, '28', 1, 0, '2016-05-03 12:34:57'),
(52, 7, '28', 1, 0, '2016-05-03 12:35:00'),
(53, 7, '28', 1, 0, '2016-05-03 12:35:03'),
(54, 7, '28', 1, 0, '2016-05-03 12:35:07'),
(55, 7, '28', 1, 0, '2016-05-03 12:35:10'),
(56, 7, '28', 1, 0, '2016-05-03 12:35:13'),
(57, 7, '28', 1, 0, '2016-05-03 12:35:16'),
(58, 7, '28', 1, 0, '2016-05-03 12:35:19'),
(59, 7, '28', 1, 0, '2016-05-03 12:35:23'),
(60, 7, '28', 1, 0, '2016-05-03 12:35:26'),
(61, 7, '28', 1, 0, '2016-05-03 12:35:29'),
(62, 7, '28', 1, 0, '2016-05-03 12:35:32'),
(63, 7, '28', 1, 0, '2016-05-03 12:35:36'),
(64, 7, '28', 1, 0, '2016-05-03 12:35:39'),
(65, 7, '28', 1, 0, '2016-05-03 12:35:42'),
(66, 7, '28', 1, 0, '2016-05-03 12:35:45'),
(67, 7, '28', 1, 0, '2016-05-03 12:35:49'),
(68, 7, '28', 1, 0, '2016-05-03 12:35:52'),
(69, 7, '28', 1, 0, '2016-05-03 12:35:55'),
(70, 7, '28', 1, 0, '2016-05-03 12:35:58'),
(71, 7, '28', 1, 0, '2016-05-03 12:36:02'),
(72, 7, '28', 1, 0, '2016-05-03 12:36:05'),
(73, 7, '28', 1, 0, '2016-05-03 12:36:08'),
(74, 7, '28', 1, 0, '2016-05-03 12:36:11'),
(75, 7, '28', 1, 0, '2016-05-03 12:36:14'),
(76, 7, '28', 1, 0, '2016-05-03 12:36:18'),
(77, 7, '28', 1, 0, '2016-05-03 12:36:21'),
(78, 7, '28', 1, 0, '2016-05-03 12:36:24'),
(79, 7, '28', 1, 0, '2016-05-03 12:36:27'),
(80, 7, '28', 1, 0, '2016-05-03 12:36:31'),
(81, 7, '28', 1, 0, '2016-05-03 12:36:34'),
(82, 7, '28', 1, 0, '2016-05-03 12:36:37'),
(83, 7, '28', 1, 0, '2016-05-03 12:36:41'),
(84, 7, '28', 1, 0, '2016-05-03 12:36:44'),
(85, 7, '28', 1, 0, '2016-05-03 12:36:47'),
(86, 7, '28', 1, 0, '2016-05-03 12:36:50'),
(87, 7, '28', 1, 0, '2016-05-03 12:36:54'),
(88, 7, '28', 1, 0, '2016-05-03 12:36:57'),
(89, 7, '28', 1, 0, '2016-05-03 12:37:00'),
(90, 7, '28', 1, 0, '2016-05-03 12:37:03'),
(91, 7, '28', 1, 0, '2016-05-03 12:37:07'),
(92, 7, '28', 1, 0, '2016-05-03 12:37:10'),
(93, 7, '28', 1, 0, '2016-05-03 12:37:13'),
(94, 7, '28', 1, 0, '2016-05-03 12:37:17'),
(95, 7, '28', 1, 0, '2016-05-03 12:55:56'),
(96, 7, '28', 1, 0, '2016-05-03 12:56:14'),
(97, 7, '28', 1, 0, '2016-05-03 12:56:18'),
(98, 7, '28', 1, 0, '2016-05-03 12:56:22'),
(99, 7, '28', 1, 0, '2016-05-03 12:56:26'),
(100, 7, '28', 1, 0, '2016-05-03 12:56:32'),
(101, 7, '28', 1, 0, '2016-05-03 12:56:50'),
(102, 7, '28', 1, 0, '2016-05-03 12:57:08'),
(103, 7, '28', 1, 0, '2016-05-03 12:57:15'),
(104, 7, '28', 1, 0, '2016-05-03 12:57:22'),
(105, 7, '28', 1, 0, '2016-05-03 12:57:26'),
(106, 7, '28', 1, 0, '2016-05-03 12:57:29'),
(107, 7, '28', 1, 0, '2016-05-03 12:57:33'),
(108, 7, '28', 1, 0, '2016-05-03 12:57:37'),
(109, 7, '28', 1, 0, '2016-05-03 12:57:50'),
(110, 7, '28', 1, 0, '2016-05-03 12:58:05'),
(111, 7, '28', 1, 0, '2016-05-03 12:58:09'),
(112, 7, '28', 1, 0, '2016-05-03 12:58:13'),
(113, 7, '28', 1, 0, '2016-05-03 12:58:16'),
(114, 7, '28', 1, 0, '2016-05-03 12:58:20'),
(115, 7, '28', 1, 0, '2016-05-03 12:58:27'),
(116, 7, '28', 1, 0, '2016-05-03 12:58:31'),
(117, 7, '28', 1, 0, '2016-05-03 12:58:35'),
(118, 7, '28', 1, 0, '2016-05-03 12:58:58'),
(119, 7, '28', 1, 0, '2016-05-03 12:59:02'),
(120, 7, '28', 1, 0, '2016-05-03 12:59:09'),
(121, 7, '28', 1, 0, '2016-05-03 12:59:13'),
(122, 7, '28', 1, 0, '2016-05-03 12:59:20'),
(123, 7, '28', 1, 0, '2016-05-03 12:59:23'),
(124, 7, '28', 1, 0, '2016-05-04 06:27:11'),
(125, 7, '28', 1, 0, '2016-05-04 06:27:14'),
(126, 7, '28', 1, 0, '2016-05-04 06:27:18'),
(127, 7, '28', 1, 0, '2016-05-04 06:27:25'),
(128, 7, '28', 1, 0, '2016-05-04 06:27:29'),
(129, 7, '28', 1, 0, '2016-05-04 06:27:59'),
(130, 7, '28', 1, 0, '2016-05-04 06:28:03'),
(131, 7, '28', 1, 0, '2016-05-04 06:28:09'),
(132, 7, '28', 1, 0, '2016-05-04 06:28:13'),
(133, 7, '28', 1, 0, '2016-05-04 06:28:17'),
(134, 7, '28', 1, 0, '2016-05-04 06:28:21'),
(135, 7, '28', 1, 0, '2016-05-04 06:28:25'),
(136, 7, '28', 1, 0, '2016-05-04 06:28:35'),
(137, 7, '28', 1, 0, '2016-05-04 06:28:38'),
(138, 7, '28', 1, 0, '2016-05-04 06:28:54'),
(139, 7, '28', 1, 0, '2016-05-04 06:29:00'),
(140, 7, '28', 1, 0, '2016-05-04 06:29:07'),
(141, 7, '28', 1, 0, '2016-05-04 06:29:14'),
(142, 7, '28', 1, 0, '2016-05-04 06:29:18'),
(143, 7, '28', 1, 0, '2016-05-04 06:29:22'),
(144, 7, '28', 1, 0, '2016-05-04 06:29:45'),
(145, 7, '28', 1, 0, '2016-05-04 06:29:49'),
(146, 7, '28', 1, 0, '2016-05-04 06:29:53'),
(147, 7, '28', 1, 0, '2016-05-04 06:29:57'),
(148, 7, '28', 1, 0, '2016-05-04 06:30:01'),
(149, 7, '28', 1, 0, '2016-05-04 06:30:06'),
(150, 7, '28', 1, 0, '2016-05-04 06:30:12'),
(151, 7, '28', 1, 0, '2016-05-04 06:30:14'),
(152, 7, '28', 1, 0, '2016-05-04 06:30:18'),
(153, 7, '28', 1, 0, '2016-05-04 06:30:47'),
(154, 7, '28', 1, 0, '2016-05-04 06:30:51'),
(155, 7, '28', 1, 0, '2016-05-04 06:30:55'),
(156, 7, '28', 1, 0, '2016-05-04 06:30:59'),
(157, 7, '28', 1, 0, '2016-05-04 06:31:03'),
(158, 7, '28', 1, 0, '2016-05-04 06:31:10'),
(159, 7, '28', 1, 0, '2016-05-04 06:31:10'),
(160, 7, '28', 1, 0, '2016-05-04 06:31:20'),
(161, 7, '28', 1, 0, '2016-05-04 06:31:41'),
(162, 7, '28', 1, 0, '2016-05-04 06:31:45'),
(163, 7, '28', 1, 0, '2016-05-04 06:31:51'),
(164, 7, '28', 1, 0, '2016-05-04 06:31:55'),
(165, 7, '28', 1, 0, '2016-05-04 06:31:59'),
(166, 7, '28', 1, 0, '2016-05-04 06:32:03'),
(167, 7, '28', 1, 0, '2016-05-04 06:32:07'),
(168, 7, '28', 1, 0, '2016-05-04 06:32:36'),
(169, 7, '28', 1, 0, '2016-05-04 06:32:42'),
(170, 7, '28', 1, 0, '2016-05-04 06:32:51'),
(171, 7, '28', 1, 0, '2016-05-04 06:32:55'),
(172, 7, '28', 1, 0, '2016-05-04 06:33:01'),
(173, 7, '28', 1, 0, '2016-05-04 06:33:05'),
(174, 7, '28', 1, 0, '2016-05-04 06:33:15'),
(175, 7, '24.00', 1, 0, '2016-05-04 06:42:45'),
(176, 7, '24.00', 1, 1, '2016-05-04 06:42:46'),
(177, 7, '25.00', 1, 0, '2016-05-04 06:42:50'),
(178, 7, '24.00', 1, 0, '2016-05-04 06:42:54'),
(179, 7, '25.00', 1, 0, '2016-05-04 06:42:58'),
(180, 7, '25.00', 1, 1, '2016-05-04 06:42:58'),
(181, 7, '25.00', 1, 0, '2016-05-04 06:43:02'),
(182, 7, '25.00', 1, 0, '2016-05-04 06:43:09'),
(183, 7, '25.00', 1, 1, '2016-05-04 06:43:09'),
(184, 7, '25.00', 1, 1, '2016-05-04 06:43:16'),
(185, 7, '25.00', 1, 1, '2016-05-04 06:43:31'),
(186, 7, '25.00', 1, 0, '2016-05-04 06:43:41'),
(187, 7, '25.00', 1, 1, '2016-05-04 06:43:42'),
(188, 7, '25.00', 1, 1, '2016-05-04 06:43:45'),
(189, 7, '25.00', 1, 0, '2016-05-04 06:43:49'),
(190, 7, '25.00', 1, 1, '2016-05-04 06:43:50'),
(191, 7, '25.00', 1, 0, '2016-05-04 06:43:54'),
(192, 7, '25.00', 1, 0, '2016-05-04 06:43:58'),
(193, 7, '25.00', 1, 0, '2016-05-04 06:44:01'),
(194, 7, '25.00', 1, 1, '2016-05-04 06:44:02'),
(195, 7, '25.00', 1, 0, '2016-05-04 06:44:06'),
(196, 7, '23.00', 1, 0, '2016-05-04 06:44:10'),
(197, 7, '23.00', 1, 1, '2016-05-04 06:44:10'),
(198, 7, '23.00', 1, 1, '2016-05-04 06:44:14'),
(199, 7, '23.00', 1, 1, '2016-05-04 06:44:18'),
(200, 7, '31.00', 1, 0, '2016-05-04 06:44:30'),
(201, 7, '31.00', 1, 1, '2016-05-04 06:44:31'),
(202, 7, '24.00', 1, 0, '2016-05-04 06:44:35'),
(203, 7, '24.00', 1, 1, '2016-05-04 06:44:35'),
(204, 7, '25.00', 1, 0, '2016-05-04 06:44:39'),
(205, 7, '25.00', 1, 0, '2016-05-04 06:44:43'),
(206, 7, '25.00', 1, 0, '2016-05-04 06:44:47'),
(207, 7, '25.00', 1, 1, '2016-05-04 06:44:47'),
(208, 7, '25.00', 1, 0, '2016-05-04 06:44:51'),
(209, 7, '25.00', 1, 1, '2016-05-04 06:44:52'),
(210, 7, '25.00', 1, 0, '2016-05-04 06:44:56'),
(211, 7, '25.00', 1, 0, '2016-05-04 06:45:00'),
(212, 7, '25.00', 1, 0, '2016-05-04 06:45:09'),
(213, 7, '25.00', 1, 1, '2016-05-04 06:45:10'),
(214, 7, '25.00', 1, 1, '2016-05-04 06:45:13'),
(215, 7, '25.00', 1, 1, '2016-05-04 06:45:20'),
(216, 7, '25.00', 1, 1, '2016-05-04 06:45:24'),
(217, 7, '25.00', 1, 0, '2016-05-04 06:45:28'),
(218, 7, '25.00', 1, 1, '2016-05-04 06:45:30'),
(219, 7, '25.00', 1, 0, '2016-05-04 06:45:32'),
(220, 7, '25.00', 1, 1, '2016-05-04 06:45:33'),
(221, 7, '25.00', 1, 0, '2016-05-04 06:45:37'),
(222, 7, '25.00', 1, 0, '2016-05-04 06:45:40'),
(223, 7, '25.00', 1, 1, '2016-05-04 06:45:41'),
(224, 7, '25.00', 1, 1, '2016-05-04 06:45:45'),
(225, 7, '25.00', 1, 0, '2016-05-04 06:45:49'),
(226, 7, '25.00', 1, 1, '2016-05-04 06:45:49'),
(227, 7, '25.00', 1, 1, '2016-05-04 06:45:53'),
(228, 7, '24.00', 1, 0, '2016-05-04 06:45:57'),
(229, 7, '24.00', 1, 1, '2016-05-04 06:45:57'),
(230, 7, '25.00', 1, 0, '2016-05-04 06:46:07'),
(231, 7, '25.00', 1, 1, '2016-05-04 06:46:11'),
(232, 7, '24.00', 1, 0, '2016-05-04 06:46:26'),
(233, 7, '25.00', 1, 0, '2016-05-04 06:46:30'),
(234, 7, '25.00', 1, 0, '2016-05-04 06:46:34'),
(235, 7, '25.00', 1, 1, '2016-05-04 06:46:35'),
(236, 7, '25.00', 1, 0, '2016-05-04 06:46:39'),
(237, 7, '25.00', 1, 1, '2016-05-04 06:46:39'),
(238, 7, '25.00', 1, 0, '2016-05-04 06:46:43'),
(239, 7, '25.00', 1, 0, '2016-05-04 06:46:47'),
(240, 7, '25.00', 1, 1, '2016-05-04 06:46:51'),
(241, 7, '25.00', 1, 1, '2016-05-04 06:47:00'),
(242, 7, '25.00', 1, 1, '2016-05-04 06:47:04'),
(243, 7, '25.00', 1, 1, '2016-05-04 06:47:11'),
(244, 7, '25.00', 1, 1, '2016-05-04 06:47:14'),
(245, 7, '24.00', 1, 0, '2016-05-04 06:47:18'),
(246, 7, '24.00', 1, 0, '2016-05-04 06:47:22'),
(247, 7, '25.00', 1, 0, '2016-05-04 06:47:26'),
(248, 7, '25.00', 1, 1, '2016-05-04 06:47:27'),
(249, 7, '24.00', 1, 0, '2016-05-04 06:47:31'),
(250, 7, '24.00', 1, 0, '2016-05-04 06:47:35'),
(251, 7, '24.00', 1, 0, '2016-05-04 06:47:38'),
(252, 7, '24.00', 1, 0, '2016-05-04 06:47:42'),
(253, 7, '24.00', 1, 1, '2016-05-04 06:47:43'),
(254, 7, '24.00', 1, 0, '2016-05-04 06:47:47'),
(255, 7, '24.00', 1, 1, '2016-05-04 06:47:47'),
(256, 7, '24.00', 1, 1, '2016-05-04 06:47:54'),
(257, 7, '24.00', 1, 1, '2016-05-04 06:48:06'),
(258, 7, '24.00', 1, 0, '2016-05-04 06:48:13'),
(259, 7, '24.00', 1, 0, '2016-05-04 06:48:17'),
(260, 7, '24.00', 1, 0, '2016-05-04 06:48:20'),
(261, 7, '24.00', 1, 1, '2016-05-04 06:48:21'),
(262, 7, '24.00', 1, 0, '2016-05-04 06:48:27'),
(263, 7, '24.00', 1, 0, '2016-05-04 06:48:31'),
(264, 7, '24.00', 1, 0, '2016-05-04 06:48:35'),
(265, 7, '24.00', 1, 1, '2016-05-04 06:48:35'),
(266, 7, '24.00', 1, 0, '2016-05-04 06:48:39'),
(267, 7, '24.00', 1, 1, '2016-05-04 06:48:43'),
(268, 7, '24.00', 1, 1, '2016-05-04 06:48:50'),
(269, 7, '24.00', 1, 1, '2016-05-04 06:48:56'),
(270, 7, '24.00', 1, 1, '2016-05-04 06:49:00'),
(271, 7, '24.00', 1, 0, '2016-05-04 06:49:11'),
(272, 7, '24.00', 1, 0, '2016-05-04 06:49:15'),
(273, 7, '24.00', 1, 0, '2016-05-04 06:49:18'),
(274, 7, '24.00', 1, 0, '2016-05-04 06:49:26'),
(275, 7, '24.00', 1, 0, '2016-05-04 06:49:29'),
(276, 7, '24.00', 1, 0, '2016-05-04 06:49:33'),
(277, 7, '24.00', 1, 0, '2016-05-04 06:49:37'),
(278, 7, '24.00', 1, 0, '2016-05-04 06:49:44'),
(279, 7, '24.00', 1, 1, '2016-05-04 06:49:47'),
(280, 7, '24.00', 1, 1, '2016-05-04 06:50:00'),
(281, 7, '24.00', 1, 0, '2016-05-04 06:50:06'),
(282, 7, '24.00', 1, 1, '2016-05-04 06:50:07'),
(283, 7, '25.00', 1, 0, '2016-05-04 06:50:11'),
(284, 7, '25.00', 1, 0, '2016-05-04 06:50:15'),
(285, 7, '25.00', 1, 1, '2016-05-04 06:50:19'),
(286, 7, '25.00', 1, 0, '2016-05-04 06:50:28'),
(287, 7, '25.00', 1, 0, '2016-05-04 06:50:41'),
(288, 7, '25.00', 1, 0, '2016-05-04 06:50:44'),
(289, 7, '25.00', 1, 1, '2016-05-04 06:50:51'),
(290, 7, '25.00', 1, 1, '2016-05-04 06:50:55'),
(291, 7, '28.00', 1, 0, '2016-05-04 06:51:01'),
(292, 7, '28.00', 1, 1, '2016-05-04 06:51:02'),
(293, 7, '28.00', 1, 1, '2016-05-04 06:51:09'),
(294, 7, '25.00', 1, 0, '2016-05-04 06:51:13'),
(295, 7, '25.00', 1, 0, '2016-05-04 06:51:19'),
(296, 7, '25.00', 1, 1, '2016-05-04 06:51:20'),
(297, 7, '32.00', 1, 0, '2016-05-04 06:51:24'),
(298, 7, '32.00', 1, 1, '2016-05-04 06:51:24'),
(299, 7, '32.00', 1, 1, '2016-05-04 06:51:28'),
(300, 7, '25.00', 1, 0, '2016-05-04 06:51:32'),
(301, 7, '25.00', 1, 0, '2016-05-04 06:51:36'),
(302, 7, '25.00', 1, 1, '2016-05-04 06:51:36'),
(303, 7, '25.00', 1, 1, '2016-05-04 06:51:49'),
(304, 7, '25.00', 1, 1, '2016-05-04 06:51:53'),
(305, 7, '28.00', 1, 0, '2016-05-04 06:51:56'),
(306, 7, '28.00', 1, 1, '2016-05-04 06:51:57'),
(307, 7, '25.00', 1, 0, '2016-05-04 06:52:01'),
(308, 7, '25.00', 1, 0, '2016-05-04 06:52:05'),
(309, 7, '25.00', 1, 1, '2016-05-04 06:52:05'),
(310, 7, '25.00', 1, 0, '2016-05-04 06:52:09'),
(311, 7, '25.00', 1, 0, '2016-05-04 06:52:13'),
(312, 7, '25.00', 1, 0, '2016-05-04 06:52:20'),
(313, 7, '25.00', 1, 1, '2016-05-04 06:52:24'),
(314, 7, '25.00', 1, 1, '2016-05-04 06:52:33'),
(315, 7, '25.00', 1, 1, '2016-05-04 06:52:41'),
(316, 7, '25.00', 1, 0, '2016-05-04 06:52:45'),
(317, 7, '25.00', 1, 0, '2016-05-04 06:52:55'),
(318, 7, '25.00', 1, 0, '2016-05-04 06:52:58'),
(319, 7, '25.00', 1, 1, '2016-05-04 06:52:59'),
(320, 7, '25.00', 1, 1, '2016-05-04 06:53:03'),
(321, 7, '25.00', 1, 0, '2016-05-04 06:53:07'),
(322, 7, '25.00', 1, 0, '2016-05-04 06:53:11'),
(323, 7, '25.00', 1, 0, '2016-05-04 06:53:14'),
(324, 7, '25.00', 1, 1, '2016-05-04 06:53:15'),
(325, 7, '25.00', 1, 0, '2016-05-04 06:53:19'),
(326, 7, '25.00', 1, 1, '2016-05-04 06:53:26'),
(327, 7, '25.00', 1, 1, '2016-05-04 06:53:41'),
(328, 7, '26.00', 1, 0, '2016-05-04 06:53:47'),
(329, 7, '26.00', 1, 1, '2016-05-04 06:53:48'),
(330, 7, '25.00', 1, 0, '2016-05-04 06:53:52'),
(331, 7, '25.00', 1, 0, '2016-05-04 06:53:56'),
(332, 7, '25.00', 1, 1, '2016-05-04 06:53:56'),
(333, 7, '25.00', 1, 1, '2016-05-04 06:54:00'),
(334, 7, '25.00', 1, 0, '2016-05-04 06:54:04'),
(335, 7, '25.00', 1, 1, '2016-05-04 06:54:04'),
(336, 7, '25.00', 1, 0, '2016-05-04 06:54:08'),
(337, 7, '25.00', 1, 1, '2016-05-04 06:54:09'),
(338, 7, '25.00', 1, 0, '2016-05-04 06:54:13'),
(339, 7, '25.00', 1, 1, '2016-05-04 06:54:13'),
(340, 7, '25.00', 1, 1, '2016-05-04 06:54:20'),
(341, 7, '25.00', 1, 0, '2016-05-04 06:54:27'),
(342, 7, '25.00', 1, 1, '2016-05-04 06:54:39'),
(343, 7, '26.00', 1, 0, '2016-05-04 06:54:43'),
(344, 7, '26.00', 1, 1, '2016-05-04 06:54:43'),
(345, 7, '24.00', 1, 0, '2016-05-04 06:54:47'),
(346, 7, '24.00', 1, 1, '2016-05-04 06:54:49'),
(347, 7, '25.00', 1, 0, '2016-05-04 06:54:53'),
(348, 7, '25.00', 1, 0, '2016-05-04 06:54:56'),
(349, 7, '25.00', 1, 1, '2016-05-04 06:54:57'),
(350, 7, '25.00', 1, 0, '2016-05-04 06:55:01'),
(351, 7, '25.00', 1, 0, '2016-05-04 06:55:05'),
(352, 7, '25.00', 1, 1, '2016-05-04 06:55:05'),
(353, 7, '25.00', 1, 0, '2016-05-04 06:55:09'),
(354, 7, '25.00', 1, 1, '2016-05-04 06:55:13'),
(355, 7, '25.00', 1, 1, '2016-05-04 06:55:20'),
(356, 7, '25.00', 1, 1, '2016-05-04 06:55:29'),
(357, 7, '26.00', 1, 0, '2016-05-04 06:55:39'),
(358, 7, '25.00', 1, 0, '2016-05-04 06:55:43'),
(359, 7, '25.00', 1, 0, '2016-05-04 06:55:47'),
(360, 7, '25.00', 1, 0, '2016-05-04 06:55:51'),
(361, 7, '25.00', 1, 0, '2016-05-04 06:55:54'),
(362, 7, '25.00', 1, 0, '2016-05-04 06:56:01'),
(363, 7, '25.00', 1, 1, '2016-05-04 06:56:02'),
(364, 7, '25.00', 1, 0, '2016-05-04 06:56:05'),
(365, 7, '25.00', 1, 1, '2016-05-04 06:56:06'),
(366, 7, '25.00', 1, 0, '2016-05-04 06:56:10'),
(367, 7, '25.00', 1, 1, '2016-05-04 06:56:11'),
(368, 7, '25.00', 1, 0, '2016-05-04 06:56:14'),
(369, 7, '25.00', 1, 0, '2016-05-04 06:56:18'),
(370, 7, '25.00', 1, 1, '2016-05-04 06:56:19'),
(371, 7, '25.00', 1, 0, '2016-05-04 06:56:22'),
(372, 7, '25.00', 1, 0, '2016-05-04 06:56:26'),
(373, 7, '25.00', 1, 0, '2016-05-04 06:56:30'),
(374, 7, '25.00', 1, 1, '2016-05-04 06:56:31'),
(375, 7, '25.00', 1, 0, '2016-05-04 06:56:34'),
(376, 7, '25.00', 1, 1, '2016-05-04 06:56:35'),
(377, 7, '25.00', 1, 0, '2016-05-04 06:56:39'),
(378, 7, '25.00', 1, 0, '2016-05-04 06:56:43'),
(379, 7, '25.00', 1, 0, '2016-05-04 06:56:47'),
(380, 7, '25.00', 1, 0, '2016-05-04 06:56:50'),
(381, 7, '25.00', 1, 0, '2016-05-04 06:56:54'),
(382, 7, '25.00', 1, 1, '2016-05-04 06:56:55'),
(383, 7, '25.00', 1, 0, '2016-05-04 06:56:58'),
(384, 7, '25.00', 1, 0, '2016-05-04 06:57:02'),
(385, 7, '25.00', 1, 1, '2016-05-04 06:57:03'),
(386, 7, '25.00', 1, 0, '2016-05-04 06:57:09'),
(387, 7, '25.00', 1, 0, '2016-05-04 06:57:13'),
(388, 7, '25.00', 1, 1, '2016-05-04 06:57:14'),
(389, 7, '25.00', 1, 0, '2016-05-04 06:57:17'),
(390, 7, '25.00', 1, 0, '2016-05-04 06:57:21'),
(391, 7, '25.00', 1, 0, '2016-05-04 06:57:25'),
(392, 7, '25.00', 1, 1, '2016-05-04 06:57:26'),
(393, 7, '25.00', 1, 0, '2016-05-04 06:57:30'),
(394, 7, '25.00', 1, 0, '2016-05-04 06:57:33'),
(395, 7, '25.00', 1, 0, '2016-05-04 06:57:37'),
(396, 7, '25.00', 1, 1, '2016-05-04 06:57:38'),
(397, 7, '25.00', 1, 0, '2016-05-04 06:57:42'),
(398, 7, '25.00', 1, 0, '2016-05-04 06:57:45'),
(399, 7, '25.00', 1, 0, '2016-05-04 06:57:49'),
(400, 7, '25.00', 1, 1, '2016-05-04 06:57:50'),
(401, 7, '25.00', 1, 0, '2016-05-04 06:57:54'),
(402, 7, '25.00', 1, 0, '2016-05-04 06:57:57'),
(403, 7, '25.00', 1, 0, '2016-05-04 06:58:01'),
(404, 7, '25.00', 1, 0, '2016-05-04 06:58:05'),
(405, 7, '25.00', 1, 1, '2016-05-04 06:58:09'),
(406, 7, '25.00', 1, 0, '2016-05-04 06:58:14'),
(407, 7, '25.00', 1, 1, '2016-05-04 06:58:14'),
(408, 7, '25.00', 1, 0, '2016-05-04 06:58:17'),
(409, 7, '25.00', 1, 1, '2016-05-04 06:58:17'),
(410, 7, '25.00', 1, 0, '2016-05-04 06:58:21'),
(411, 7, '25.00', 1, 0, '2016-05-04 06:58:25'),
(412, 7, '25.00', 1, 0, '2016-05-04 06:58:29'),
(413, 7, '25.00', 1, 1, '2016-05-04 06:58:29'),
(414, 7, '25.00', 1, 0, '2016-05-04 06:58:33'),
(415, 7, '25.00', 1, 1, '2016-05-04 06:58:37'),
(416, 7, '25.00', 1, 0, '2016-05-04 06:58:40'),
(417, 7, '25.00', 1, 1, '2016-05-04 06:58:41'),
(418, 7, '25.00', 1, 1, '2016-05-04 06:58:45'),
(419, 7, '25.00', 1, 0, '2016-05-04 06:58:49'),
(420, 7, '25.00', 1, 0, '2016-05-04 06:58:52'),
(421, 7, '25.00', 1, 0, '2016-05-04 06:58:56'),
(422, 7, '25.00', 1, 0, '2016-05-04 06:59:03'),
(423, 7, '25.00', 1, 0, '2016-05-04 06:59:07'),
(424, 7, '25.00', 1, 0, '2016-05-04 06:59:10'),
(425, 7, '25.00', 1, 1, '2016-05-04 06:59:11'),
(426, 7, '25.00', 1, 0, '2016-05-04 06:59:15'),
(427, 7, '25.00', 1, 0, '2016-05-04 06:59:19'),
(428, 7, '25.00', 1, 0, '2016-05-04 06:59:22'),
(429, 7, '25.00', 1, 1, '2016-05-04 06:59:23'),
(430, 7, '25.00', 1, 0, '2016-05-04 06:59:27'),
(431, 7, '25.00', 1, 0, '2016-05-04 06:59:31'),
(432, 7, '25.00', 1, 0, '2016-05-04 06:59:34'),
(433, 7, '25.00', 1, 1, '2016-05-04 06:59:35'),
(434, 7, '25.00', 1, 0, '2016-05-04 06:59:39'),
(435, 7, '25.00', 1, 0, '2016-05-04 06:59:43'),
(436, 7, '25.00', 1, 0, '2016-05-04 06:59:51'),
(437, 7, '25.00', 1, 0, '2016-05-04 06:59:55'),
(438, 7, '25.00', 1, 1, '2016-05-04 06:59:56'),
(439, 7, '25.00', 1, 0, '2016-05-04 07:00:02'),
(440, 7, '25.00', 1, 0, '2016-05-04 07:00:06'),
(441, 7, '25.00', 1, 0, '2016-05-04 07:00:10'),
(442, 7, '25.00', 1, 0, '2016-05-04 07:00:14'),
(443, 7, '25.00', 1, 1, '2016-05-04 07:00:14'),
(444, 7, '25.00', 1, 0, '2016-05-04 07:00:18'),
(445, 7, '25.00', 1, 0, '2016-05-04 07:00:22'),
(446, 7, '25.00', 1, 1, '2016-05-04 07:00:22'),
(447, 7, '25.00', 1, 0, '2016-05-04 07:00:26'),
(448, 7, '25.00', 1, 0, '2016-05-04 07:00:30'),
(449, 7, '25.00', 1, 0, '2016-05-04 07:00:34'),
(450, 7, '25.00', 1, 1, '2016-05-04 07:00:34'),
(451, 7, '25.00', 1, 0, '2016-05-04 07:00:38'),
(452, 7, '25.00', 1, 0, '2016-05-04 07:00:42'),
(453, 7, '25.00', 1, 1, '2016-05-04 07:00:43'),
(454, 7, '25.00', 1, 0, '2016-05-04 07:00:46'),
(455, 7, '25.00', 1, 1, '2016-05-04 07:00:53'),
(456, 7, '25.00', 1, 0, '2016-05-04 07:01:00'),
(457, 7, '25.00', 1, 0, '2016-05-04 07:01:03'),
(458, 7, '25.00', 1, 0, '2016-05-04 07:01:07'),
(459, 7, '25.00', 1, 0, '2016-05-04 07:01:11'),
(460, 7, '25.00', 1, 1, '2016-05-04 07:01:12'),
(461, 7, '25.00', 1, 0, '2016-05-04 07:01:15'),
(462, 7, '25.00', 1, 1, '2016-05-04 07:01:16'),
(463, 7, '25.00', 1, 0, '2016-05-04 07:01:20'),
(464, 7, '25.00', 1, 0, '2016-05-04 07:01:23'),
(465, 7, '25.00', 1, 0, '2016-05-04 07:01:27'),
(466, 7, '25.00', 1, 1, '2016-05-04 07:01:28'),
(467, 7, '25.00', 1, 0, '2016-05-04 07:01:32'),
(468, 7, '25.00', 1, 0, '2016-05-04 07:01:36'),
(469, 7, '25.00', 1, 0, '2016-05-04 07:01:43'),
(470, 7, '25.00', 1, 0, '2016-05-04 07:01:46'),
(471, 7, '25.00', 1, 1, '2016-05-04 07:01:47'),
(472, 7, '25.00', 1, 0, '2016-05-04 07:01:51'),
(473, 7, '25.00', 1, 0, '2016-05-04 07:01:54'),
(474, 7, '25.00', 1, 0, '2016-05-04 07:01:58'),
(475, 7, '25.00', 1, 0, '2016-05-04 07:02:02'),
(476, 7, '25.00', 1, 0, '2016-05-04 07:02:06'),
(477, 7, '25.00', 1, 1, '2016-05-04 07:02:06'),
(478, 7, '25.00', 1, 0, '2016-05-04 07:02:10'),
(479, 7, '25.00', 1, 0, '2016-05-04 07:02:14'),
(480, 7, '25.00', 1, 1, '2016-05-04 07:02:15'),
(481, 7, '25.00', 1, 0, '2016-05-04 07:02:18'),
(482, 7, '25.00', 1, 1, '2016-05-04 07:02:19'),
(483, 7, '25.00', 1, 0, '2016-05-04 07:02:23'),
(484, 7, '25.00', 1, 1, '2016-05-04 07:02:25'),
(485, 7, '25.00', 1, 0, '2016-05-04 07:02:27'),
(486, 7, '25.00', 1, 1, '2016-05-04 07:02:28'),
(487, 7, '25.00', 1, 0, '2016-05-04 07:02:34'),
(488, 7, '25.00', 1, 1, '2016-05-04 07:02:35'),
(489, 7, '25.00', 1, 0, '2016-05-04 07:02:38'),
(490, 7, '25.00', 1, 0, '2016-05-04 07:02:42'),
(491, 7, '25.00', 1, 1, '2016-05-04 07:02:43'),
(492, 7, '25.00', 1, 0, '2016-05-04 07:02:46'),
(493, 7, '25.00', 1, 1, '2016-05-04 07:02:50'),
(494, 7, '25.00', 1, 0, '2016-05-04 07:02:54'),
(495, 7, '25.00', 1, 0, '2016-05-04 07:02:58'),
(496, 7, '25.00', 1, 0, '2016-05-04 07:03:02'),
(497, 7, '25.00', 1, 0, '2016-05-04 07:03:05'),
(498, 7, '25.00', 1, 0, '2016-05-04 07:03:11'),
(499, 7, '25.00', 1, 0, '2016-05-04 07:03:15'),
(500, 7, '25.00', 1, 0, '2016-05-04 07:03:19'),
(501, 7, '25.00', 1, 1, '2016-05-04 07:03:20'),
(502, 7, '25.00', 1, 0, '2016-05-04 07:03:23'),
(503, 7, '25.00', 1, 0, '2016-05-04 07:03:27'),
(504, 7, '25.00', 1, 0, '2016-05-04 07:03:31'),
(505, 7, '25.00', 1, 0, '2016-05-04 07:03:35'),
(506, 7, '25.00', 1, 1, '2016-05-04 07:03:36'),
(507, 7, '25.00', 1, 0, '2016-05-04 07:03:42'),
(508, 7, '25.00', 1, 1, '2016-05-04 07:03:42'),
(509, 7, '25.00', 1, 0, '2016-05-04 07:03:49'),
(510, 7, '25.00', 1, 1, '2016-05-04 07:03:50'),
(511, 7, '25.00', 1, 0, '2016-05-04 07:03:53'),
(512, 7, '25.00', 1, 0, '2016-05-04 07:03:57'),
(513, 7, '25.00', 1, 0, '2016-05-04 07:04:04'),
(514, 7, '25.00', 1, 0, '2016-05-04 07:04:08'),
(515, 7, '25.00', 1, 0, '2016-05-04 07:04:12'),
(516, 7, '25.00', 1, 0, '2016-05-04 07:04:15'),
(517, 7, '25.00', 1, 0, '2016-05-04 07:04:19'),
(518, 7, '25.00', 1, 0, '2016-05-04 07:04:23'),
(519, 7, '25.00', 1, 0, '2016-05-04 07:04:27'),
(520, 7, '25.00', 1, 1, '2016-05-04 07:04:27'),
(521, 7, '25.00', 1, 1, '2016-05-04 07:04:32'),
(522, 7, '25.00', 1, 0, '2016-05-04 07:04:36'),
(523, 7, '25.00', 1, 1, '2016-05-04 07:04:36'),
(524, 7, '25.00', 1, 0, '2016-05-04 07:04:40'),
(525, 7, '25.00', 1, 1, '2016-05-04 07:04:41'),
(526, 7, '25.00', 1, 0, '2016-05-04 07:04:44'),
(527, 7, '25.00', 1, 1, '2016-05-04 07:04:45'),
(528, 7, '25.00', 1, 0, '2016-05-04 07:04:49'),
(529, 7, '25.00', 1, 0, '2016-05-04 07:04:53'),
(530, 7, '25.00', 1, 1, '2016-05-04 07:04:53'),
(531, 7, '25.00', 1, 0, '2016-05-04 07:04:57'),
(532, 7, '25.00', 1, 0, '2016-05-04 07:05:01'),
(533, 7, '25.00', 1, 0, '2016-05-04 07:05:05'),
(534, 7, '25.00', 1, 0, '2016-05-04 07:05:09'),
(535, 7, '25.00', 1, 0, '2016-05-04 07:05:15'),
(536, 7, '25.00', 1, 1, '2016-05-04 07:05:16'),
(537, 7, '25.00', 1, 0, '2016-05-04 07:05:20'),
(538, 7, '25.00', 1, 0, '2016-05-04 07:05:26'),
(539, 7, '25.00', 1, 1, '2016-05-04 07:05:27'),
(540, 7, '25.00', 1, 0, '2016-05-04 07:05:30'),
(541, 7, '25.00', 1, 1, '2016-05-04 07:05:31'),
(542, 7, '25.00', 1, 0, '2016-05-04 07:05:35'),
(543, 7, '25.00', 1, 0, '2016-05-04 07:05:38'),
(544, 7, '25.00', 1, 1, '2016-05-04 07:05:39'),
(545, 7, '25.00', 1, 0, '2016-05-04 07:05:43'),
(546, 7, '25.00', 1, 1, '2016-05-04 07:05:44'),
(547, 7, '25.00', 1, 0, '2016-05-04 07:05:47'),
(548, 7, '25.00', 1, 0, '2016-05-04 07:05:51'),
(549, 7, '25.00', 1, 1, '2016-05-04 07:05:52'),
(550, 7, '25.00', 1, 0, '2016-05-04 07:05:55'),
(551, 7, '25.00', 1, 0, '2016-05-04 07:05:59'),
(552, 7, '25.00', 1, 0, '2016-05-04 07:06:03'),
(553, 7, '25.00', 1, 0, '2016-05-04 07:06:07'),
(554, 7, '25.00', 1, 0, '2016-05-04 07:06:11'),
(555, 7, '25.00', 1, 0, '2016-05-04 07:06:14'),
(556, 7, '25.00', 1, 1, '2016-05-04 07:06:15'),
(557, 7, '25.00', 1, 0, '2016-05-04 07:06:19'),
(558, 7, '25.00', 1, 0, '2016-05-04 07:06:23'),
(559, 7, '25.00', 1, 0, '2016-05-04 07:06:26'),
(560, 7, '25.00', 1, 1, '2016-05-04 07:06:27'),
(561, 7, '25.00', 1, 0, '2016-05-04 07:06:31'),
(562, 7, '25.00', 1, 1, '2016-05-04 07:06:31'),
(563, 7, '25.00', 1, 0, '2016-05-04 07:06:35'),
(564, 7, '25.00', 1, 1, '2016-05-04 07:06:36'),
(565, 7, '25.00', 1, 0, '2016-05-04 07:06:39'),
(566, 7, '25.00', 1, 1, '2016-05-04 07:06:40'),
(567, 7, '25.00', 1, 0, '2016-05-04 07:06:44'),
(568, 7, '25.00', 1, 1, '2016-05-04 07:06:44'),
(569, 7, '25.00', 1, 0, '2016-05-04 07:06:51'),
(570, 7, '25.00', 1, 1, '2016-05-04 07:06:51'),
(571, 7, '25.00', 1, 0, '2016-05-04 07:06:55'),
(572, 7, '25.00', 1, 1, '2016-05-04 07:06:56'),
(573, 7, '25.00', 1, 0, '2016-05-04 07:07:00'),
(574, 7, '25.00', 1, 0, '2016-05-04 07:07:04'),
(575, 7, '25.00', 1, 0, '2016-05-04 07:07:13'),
(576, 7, '25.00', 1, 0, '2016-05-04 07:07:17'),
(577, 7, '25.00', 1, 1, '2016-05-04 07:07:17'),
(578, 7, '25.00', 1, 0, '2016-05-04 07:07:21'),
(579, 7, '25.00', 1, 1, '2016-05-04 07:07:22'),
(580, 7, '25.00', 1, 1, '2016-05-04 07:07:25'),
(581, 7, '25.00', 1, 0, '2016-05-04 07:07:29'),
(582, 7, '25.00', 1, 0, '2016-05-04 07:07:33'),
(583, 7, '25.00', 1, 0, '2016-05-04 07:07:37'),
(584, 7, '25.00', 1, 0, '2016-05-04 07:07:41'),
(585, 7, '25.00', 1, 0, '2016-05-04 07:07:46'),
(586, 7, '25.00', 1, 0, '2016-05-04 07:07:48'),
(587, 7, '25.00', 1, 1, '2016-05-04 07:07:49'),
(588, 7, '25.00', 1, 0, '2016-05-04 07:07:53'),
(589, 7, '25.00', 1, 0, '2016-05-04 07:07:57'),
(590, 7, '25.00', 1, 0, '2016-05-04 07:08:00'),
(591, 7, '25.00', 1, 0, '2016-05-04 07:08:04'),
(592, 7, '25.00', 1, 0, '2016-05-04 07:08:08'),
(593, 7, '25.00', 1, 0, '2016-05-04 07:08:12'),
(594, 7, '25.00', 1, 0, '2016-05-04 07:08:16'),
(595, 7, '25.00', 1, 0, '2016-05-04 07:08:19'),
(596, 7, '25.00', 1, 1, '2016-05-04 07:08:20'),
(597, 7, '25.00', 1, 0, '2016-05-04 07:08:24'),
(598, 7, '25.00', 1, 0, '2016-05-04 07:08:28'),
(599, 7, '25.00', 1, 0, '2016-05-04 07:08:32'),
(600, 7, '25.00', 1, 0, '2016-05-04 07:08:35'),
(601, 7, '25.00', 1, 0, '2016-05-04 07:08:39'),
(602, 7, '25.00', 1, 0, '2016-05-04 07:08:43'),
(603, 7, '25.00', 1, 0, '2016-05-04 07:08:47'),
(604, 7, '25.00', 1, 1, '2016-05-04 07:08:47'),
(605, 7, '25.00', 1, 0, '2016-05-04 07:08:51'),
(606, 7, '25.00', 1, 1, '2016-05-04 07:08:52'),
(607, 7, '25.00', 1, 0, '2016-05-04 07:08:55'),
(608, 7, '25.00', 1, 1, '2016-05-04 07:08:56'),
(609, 7, '25.00', 1, 0, '2016-05-04 07:09:00'),
(610, 7, '25.00', 1, 1, '2016-05-04 07:09:00'),
(611, 7, '25.00', 1, 0, '2016-05-04 07:09:04'),
(612, 7, '25.00', 1, 0, '2016-05-04 07:09:08'),
(613, 7, '25.00', 1, 0, '2016-05-04 07:09:12'),
(614, 7, '25.00', 1, 0, '2016-05-04 07:09:15'),
(615, 7, '25.00', 1, 0, '2016-05-04 07:09:19'),
(616, 7, '25.00', 1, 1, '2016-05-04 07:09:20'),
(617, 7, '25.00', 1, 0, '2016-05-04 07:09:23'),
(618, 7, '25.00', 1, 1, '2016-05-04 07:09:24'),
(619, 7, '25.00', 1, 0, '2016-05-04 07:09:28'),
(620, 7, '25.00', 1, 1, '2016-05-04 07:09:32'),
(621, 7, '25.00', 1, 0, '2016-05-04 07:09:32'),
(622, 7, '25.00', 1, 0, '2016-05-04 07:09:36'),
(623, 7, '25.00', 1, 0, '2016-05-04 07:09:40'),
(624, 7, '25.00', 1, 0, '2016-05-04 07:09:44'),
(625, 7, '25.00', 1, 0, '2016-05-04 07:09:48'),
(626, 7, '25.00', 1, 0, '2016-05-04 07:09:58'),
(627, 7, '25.00', 1, 0, '2016-05-04 07:10:01'),
(628, 7, '25.00', 1, 1, '2016-05-04 07:10:02'),
(629, 7, '25.00', 1, 0, '2016-05-04 07:10:06'),
(630, 7, '25.00', 1, 0, '2016-05-04 07:10:12'),
(631, 7, '25.00', 1, 1, '2016-05-04 07:10:13'),
(632, 7, '25.00', 1, 0, '2016-05-04 07:10:17'),
(633, 7, '25.00', 1, 0, '2016-05-04 07:10:20'),
(634, 7, '25.00', 1, 0, '2016-05-04 07:10:24'),
(635, 7, '25.00', 1, 1, '2016-05-04 07:10:25'),
(636, 7, '25.00', 1, 0, '2016-05-04 07:10:28'),
(637, 7, '25.00', 1, 1, '2016-05-04 07:10:29'),
(638, 7, '25.00', 1, 0, '2016-05-04 07:10:33'),
(639, 7, '25.00', 1, 0, '2016-05-04 07:10:37'),
(640, 7, '25.00', 1, 1, '2016-05-04 07:10:37'),
(641, 7, '25.00', 1, 0, '2016-05-04 07:10:41'),
(642, 7, '25.00', 1, 0, '2016-05-04 07:10:45'),
(643, 7, '25.00', 1, 1, '2016-05-04 07:10:45'),
(644, 7, '25.00', 1, 0, '2016-05-04 07:10:49'),
(645, 7, '25.00', 1, 1, '2016-05-04 07:10:50'),
(646, 7, '25.00', 1, 0, '2016-05-04 07:10:54'),
(647, 7, '25.00', 1, 1, '2016-05-04 07:10:54'),
(648, 7, '25.00', 1, 0, '2016-05-04 07:10:58'),
(649, 7, '25.00', 1, 0, '2016-05-04 07:11:02'),
(650, 7, '25.00', 1, 0, '2016-05-04 07:11:06'),
(651, 7, '24.00', 1, 0, '2016-05-04 07:11:10'),
(652, 7, '25.00', 1, 0, '2016-05-04 07:11:14'),
(653, 7, '25.00', 1, 0, '2016-05-04 07:11:17'),
(654, 7, '25.00', 1, 1, '2016-05-04 07:11:19'),
(655, 7, '25.00', 1, 0, '2016-05-04 07:11:22'),
(656, 7, '24.00', 1, 0, '2016-05-04 07:11:26'),
(657, 7, '25.00', 1, 0, '2016-05-04 07:11:29'),
(658, 7, '25.00', 1, 0, '2016-05-04 07:11:33'),
(659, 7, '25.00', 1, 1, '2016-05-04 07:11:34'),
(660, 7, '25.00', 1, 1, '2016-05-04 07:11:37'),
(661, 7, '24.00', 1, 0, '2016-05-04 07:11:41'),
(662, 7, '25.00', 1, 0, '2016-05-04 07:11:45'),
(663, 7, '25.00', 1, 1, '2016-05-04 07:11:46'),
(664, 7, '25.00', 1, 0, '2016-05-04 07:11:49'),
(665, 7, '25.00', 1, 0, '2016-05-04 07:11:54'),
(666, 7, '25.00', 1, 1, '2016-05-04 07:11:54'),
(667, 7, '24.00', 1, 0, '2016-05-04 07:11:58'),
(668, 7, '25.00', 1, 0, '2016-05-04 07:12:01'),
(669, 7, '25.00', 1, 1, '2016-05-04 07:12:02'),
(670, 7, '24.00', 1, 0, '2016-05-04 07:12:06'),
(671, 7, '25.00', 1, 0, '2016-05-04 07:12:09'),
(672, 7, '25.00', 1, 1, '2016-05-04 07:12:10'),
(673, 7, '25.00', 1, 0, '2016-05-04 07:12:14'),
(674, 7, '25.00', 1, 0, '2016-05-04 07:12:18'),
(675, 7, '25.00', 1, 0, '2016-05-04 07:12:21'),
(676, 7, '25.00', 1, 1, '2016-05-04 07:12:22'),
(677, 7, '25.00', 1, 0, '2016-05-04 07:12:26'),
(678, 7, '25.00', 1, 0, '2016-05-04 07:12:30'),
(679, 7, '25.00', 1, 1, '2016-05-04 07:12:33'),
(680, 7, '25.00', 1, 0, '2016-05-04 07:12:37'),
(681, 7, '25.00', 1, 0, '2016-05-04 07:12:41'),
(682, 7, '25.00', 1, 0, '2016-05-04 07:12:45'),
(683, 7, '25.00', 1, 1, '2016-05-04 07:12:45'),
(684, 7, '25.00', 1, 0, '2016-05-04 07:12:49'),
(685, 7, '25.00', 1, 0, '2016-05-04 07:12:53'),
(686, 7, '25.00', 1, 1, '2016-05-04 07:12:54'),
(687, 7, '25.00', 1, 0, '2016-05-04 07:12:58'),
(688, 7, '25.00', 1, 0, '2016-05-04 07:13:01'),
(689, 7, '25.00', 1, 1, '2016-05-04 07:13:02'),
(690, 7, '25.00', 1, 0, '2016-05-04 07:13:06'),
(691, 7, '25.00', 1, 1, '2016-05-04 07:13:06'),
(692, 7, '25.00', 1, 0, '2016-05-04 07:13:10'),
(693, 7, '25.00', 1, 1, '2016-05-04 07:13:11'),
(694, 7, '25.00', 1, 0, '2016-05-04 07:13:17'),
(695, 7, '25.00', 1, 1, '2016-05-04 07:13:18'),
(696, 7, '25.00', 1, 0, '2016-05-04 07:13:22'),
(697, 7, '25.00', 1, 0, '2016-05-04 07:13:25'),
(698, 7, '25.00', 1, 0, '2016-05-04 07:13:32'),
(699, 7, '25.00', 1, 0, '2016-05-04 07:13:36'),
(700, 7, '25.00', 1, 0, '2016-05-04 07:13:40'),
(701, 7, '25.00', 1, 1, '2016-05-04 07:13:43'),
(702, 7, '25.00', 1, 0, '2016-05-04 07:13:50'),
(703, 7, '25.00', 1, 1, '2016-05-04 07:13:51'),
(704, 7, '25.00', 1, 0, '2016-05-04 07:13:54'),
(705, 7, '25.00', 1, 0, '2016-05-04 07:13:58'),
(706, 7, '25.00', 1, 0, '2016-05-04 07:14:02'),
(707, 7, '25.00', 1, 0, '2016-05-04 07:14:06'),
(708, 7, '25.00', 1, 0, '2016-05-04 07:14:10'),
(709, 7, '25.00', 1, 0, '2016-05-04 07:14:14'),
(710, 7, '25.00', 1, 1, '2016-05-04 07:14:18'),
(711, 7, '25.00', 1, 0, '2016-05-04 07:14:21'),
(712, 7, '25.00', 1, 1, '2016-05-04 07:14:22'),
(713, 7, '25.00', 1, 0, '2016-05-04 07:14:26'),
(714, 7, '25.00', 1, 0, '2016-05-04 07:14:29'),
(715, 7, '25.00', 1, 1, '2016-05-04 07:14:30'),
(716, 7, '25.00', 1, 0, '2016-05-04 07:14:34'),
(717, 7, '25.00', 1, 0, '2016-05-04 07:14:38'),
(718, 7, '25.00', 1, 0, '2016-05-04 07:14:41'),
(719, 7, '25.00', 1, 1, '2016-05-04 07:14:42'),
(720, 7, '25.00', 1, 0, '2016-05-04 07:14:46'),
(721, 7, '25.00', 1, 0, '2016-05-04 07:14:50'),
(722, 7, '25.00', 1, 0, '2016-05-04 07:14:53'),
(723, 7, '25.00', 1, 1, '2016-05-04 07:14:54'),
(724, 7, '25.00', 1, 0, '2016-05-04 07:14:58'),
(725, 7, '25.00', 1, 0, '2016-05-04 07:15:02'),
(726, 7, '25.00', 1, 1, '2016-05-04 07:15:02'),
(727, 7, '25.00', 1, 0, '2016-05-04 07:15:06'),
(728, 7, '25.00', 1, 0, '2016-05-04 07:15:10'),
(729, 7, '25.00', 1, 0, '2016-05-04 07:15:14'),
(730, 7, '25.00', 1, 1, '2016-05-04 07:15:14'),
(731, 7, '25.00', 1, 0, '2016-05-04 07:15:18'),
(732, 7, '25.00', 1, 0, '2016-05-04 07:15:22'),
(733, 7, '25.00', 1, 1, '2016-05-04 07:15:22'),
(734, 7, '25.00', 1, 0, '2016-05-04 07:15:26'),
(735, 7, '25.00', 1, 1, '2016-05-04 07:15:27'),
(736, 7, '25.00', 1, 0, '2016-05-04 07:15:33'),
(737, 7, '25.00', 1, 1, '2016-05-04 07:15:34'),
(738, 7, '25.00', 1, 0, '2016-05-04 07:15:38'),
(739, 7, '25.00', 1, 0, '2016-05-04 07:15:41'),
(740, 7, '25.00', 1, 0, '2016-05-04 07:15:45'),
(741, 7, '25.00', 1, 0, '2016-05-04 07:15:49'),
(742, 7, '25.00', 1, 1, '2016-05-04 07:15:50'),
(743, 7, '25.00', 1, 0, '2016-05-04 07:15:53'),
(744, 7, '25.00', 1, 1, '2016-05-04 07:15:57'),
(745, 7, '25.00', 1, 0, '2016-05-04 07:16:01'),
(746, 7, '25.00', 1, 1, '2016-05-04 07:16:01'),
(747, 7, '25.00', 1, 0, '2016-05-04 07:16:05'),
(748, 7, '25.00', 1, 1, '2016-05-04 07:16:06'),
(749, 7, '25.00', 1, 0, '2016-05-04 07:16:10'),
(750, 7, '25.00', 1, 0, '2016-05-04 07:16:19'),
(751, 7, '25.00', 1, 1, '2016-05-04 07:16:19'),
(752, 7, '25.00', 1, 0, '2016-05-04 07:16:24'),
(753, 7, '25.00', 1, 0, '2016-05-04 07:16:27'),
(754, 7, '25.00', 1, 0, '2016-05-04 07:16:31'),
(755, 7, '25.00', 1, 0, '2016-05-04 07:16:35'),
(756, 7, '25.00', 1, 1, '2016-05-04 07:16:35'),
(757, 7, '25.00', 1, 0, '2016-05-04 07:16:42'),
(758, 7, '25.00', 1, 1, '2016-05-04 07:16:43'),
(759, 7, '25.00', 1, 0, '2016-05-04 07:16:46'),
(760, 7, '25.00', 1, 0, '2016-05-04 07:16:50'),
(761, 7, '25.00', 1, 0, '2016-05-04 07:16:54'),
(762, 7, '25.00', 1, 1, '2016-05-04 07:16:55'),
(763, 7, '25.00', 1, 0, '2016-05-04 07:16:58'),
(764, 7, '25.00', 1, 0, '2016-05-04 07:17:05'),
(765, 7, '25.00', 1, 1, '2016-05-04 07:17:06'),
(766, 7, '25.00', 1, 0, '2016-05-04 07:17:09'),
(767, 7, '25.00', 1, 1, '2016-05-04 07:17:11'),
(768, 7, '25.00', 1, 0, '2016-05-04 07:17:17'),
(769, 7, '25.00', 1, 1, '2016-05-04 07:17:17'),
(770, 7, '25.00', 1, 0, '2016-05-04 07:17:21'),
(771, 7, '25.00', 1, 0, '2016-05-04 07:17:25'),
(772, 7, '25.00', 1, 0, '2016-05-04 07:17:29'),
(773, 7, '25.00', 1, 0, '2016-05-04 07:17:35'),
(774, 7, '25.00', 1, 1, '2016-05-04 07:17:36'),
(775, 7, '25.00', 1, 0, '2016-05-04 07:17:43'),
(776, 7, '25.00', 1, 0, '2016-05-04 07:17:47'),
(777, 7, '25.00', 1, 1, '2016-05-04 07:17:47'),
(778, 7, '25.00', 1, 0, '2016-05-04 07:17:52'),
(779, 7, '25.00', 1, 0, '2016-05-04 07:17:57'),
(780, 7, '25.00', 1, 1, '2016-05-04 07:17:57'),
(781, 7, '25.00', 1, 0, '2016-05-04 07:18:01'),
(782, 7, '25.00', 1, 1, '2016-05-04 07:18:02'),
(783, 7, '25.00', 1, 0, '2016-05-04 07:18:08'),
(784, 7, '25.00', 1, 0, '2016-05-04 07:18:12'),
(785, 7, '25.00', 1, 0, '2016-05-04 07:18:16'),
(786, 7, '25.00', 1, 0, '2016-05-04 07:18:20'),
(787, 7, '25.00', 1, 1, '2016-05-04 07:18:21'),
(788, 7, '25.00', 1, 0, '2016-05-04 07:18:24'),
(789, 7, '25.00', 1, 0, '2016-05-04 07:18:28'),
(790, 7, '25.00', 1, 0, '2016-05-04 07:18:32'),
(791, 7, '25.00', 1, 1, '2016-05-04 07:18:33'),
(792, 7, '25.00', 1, 0, '2016-05-04 07:18:36'),
(793, 7, '25.00', 1, 1, '2016-05-04 07:18:37'),
(794, 7, '25.00', 1, 0, '2016-05-04 07:18:41'),
(795, 7, '25.00', 1, 0, '2016-05-04 07:18:45'),
(796, 7, '25.00', 1, 0, '2016-05-04 07:18:48'),
(797, 7, '25.00', 1, 0, '2016-05-04 07:18:52'),
(798, 7, '25.00', 1, 1, '2016-05-04 07:18:53'),
(799, 7, '25.00', 1, 0, '2016-05-04 07:18:56'),
(800, 7, '25.00', 1, 1, '2016-05-04 07:18:57'),
(801, 7, '25.00', 1, 0, '2016-05-04 07:19:01'),
(802, 7, '25.00', 1, 0, '2016-05-04 07:19:07'),
(803, 7, '25.00', 1, 0, '2016-05-04 07:19:11'),
(804, 7, '25.00', 1, 1, '2016-05-04 07:19:12'),
(805, 7, '25.00', 1, 0, '2016-05-04 07:19:16'),
(806, 7, '25.00', 1, 0, '2016-05-04 07:19:19'),
(807, 7, '25.00', 1, 1, '2016-05-04 07:19:20'),
(808, 7, '25.00', 1, 0, '2016-05-04 07:19:24'),
(809, 7, '25.00', 1, 1, '2016-05-04 07:19:27'),
(810, 7, '25.00', 1, 0, '2016-05-04 07:19:31'),
(811, 7, '25.00', 1, 0, '2016-05-04 07:19:35'),
(812, 7, '25.00', 1, 0, '2016-05-04 07:19:39'),
(813, 7, '25.00', 1, 1, '2016-05-04 07:19:39'),
(814, 7, '25.00', 1, 0, '2016-05-04 07:19:43'),
(815, 7, '25.00', 1, 0, '2016-05-04 07:19:47'),
(816, 7, '25.00', 1, 0, '2016-05-04 07:19:51'),
(817, 7, '25.00', 1, 0, '2016-05-04 07:19:58'),
(818, 7, '25.00', 1, 0, '2016-05-04 07:20:01'),
(819, 7, '25.00', 1, 0, '2016-05-04 07:20:05'),
(820, 7, '25.00', 1, 1, '2016-05-04 07:20:06'),
(821, 7, '25.00', 1, 0, '2016-05-04 07:20:12'),
(822, 7, '25.00', 1, 0, '2016-05-04 07:20:16'),
(823, 7, '25.00', 1, 0, '2016-05-04 07:20:23'),
(824, 7, '25.00', 1, 1, '2016-05-04 07:20:23'),
(825, 7, '25.00', 1, 0, '2016-05-04 07:20:27'),
(826, 7, '25.00', 1, 0, '2016-05-04 07:20:31'),
(827, 7, '25.00', 1, 0, '2016-05-04 07:20:35'),
(828, 7, '25.00', 1, 1, '2016-05-04 07:20:36'),
(829, 7, '25.00', 1, 0, '2016-05-04 07:20:39'),
(830, 7, '25.00', 1, 0, '2016-05-04 07:20:43'),
(831, 7, '25.00', 1, 0, '2016-05-04 07:20:47'),
(832, 7, '25.00', 1, 0, '2016-05-04 07:20:51'),
(833, 7, '25.00', 1, 1, '2016-05-04 07:20:51'),
(834, 7, '25.00', 1, 0, '2016-05-04 07:20:55'),
(835, 7, '25.00', 1, 0, '2016-05-04 07:20:59'),
(836, 7, '25.00', 1, 1, '2016-05-04 07:21:00'),
(837, 7, '25.00', 1, 0, '2016-05-04 07:21:03'),
(838, 7, '25.00', 1, 0, '2016-05-04 07:21:07'),
(839, 7, '25.00', 1, 0, '2016-05-04 07:21:11'),
(840, 7, '25.00', 1, 0, '2016-05-04 07:21:15'),
(841, 7, '25.00', 1, 0, '2016-05-04 07:21:19'),
(842, 7, '25.00', 1, 0, '2016-05-04 07:21:22'),
(843, 7, '25.00', 1, 1, '2016-05-04 07:21:23'),
(844, 7, '25.00', 1, 0, '2016-05-04 07:21:27'),
(845, 7, '25.00', 1, 0, '2016-05-04 07:21:31'),
(846, 7, '25.00', 1, 0, '2016-05-04 07:21:34'),
(847, 7, '25.00', 1, 1, '2016-05-04 07:21:35'),
(848, 7, '25.00', 1, 0, '2016-05-04 07:21:39'),
(849, 7, '25.00', 1, 0, '2016-05-04 07:21:43'),
(850, 7, '25.00', 1, 0, '2016-05-04 07:21:49'),
(851, 7, '25.00', 1, 1, '2016-05-04 07:21:50'),
(852, 7, '25.00', 1, 0, '2016-05-04 07:21:57'),
(853, 7, '25.00', 1, 0, '2016-05-04 07:22:00'),
(854, 7, '25.00', 1, 0, '2016-05-04 07:22:04'),
(855, 7, '25.00', 1, 1, '2016-05-04 07:22:05'),
(856, 7, '25.00', 1, 0, '2016-05-04 07:22:08'),
(857, 7, '25.00', 1, 0, '2016-05-04 07:22:12'),
(858, 7, '25.00', 1, 1, '2016-05-04 07:22:13'),
(859, 7, '25.00', 1, 0, '2016-05-04 07:22:17'),
(860, 7, '25.00', 1, 0, '2016-05-04 07:22:20'),
(861, 7, '25.00', 1, 1, '2016-05-04 07:22:21'),
(862, 7, '25.00', 1, 0, '2016-05-04 07:22:25'),
(863, 7, '25.00', 1, 0, '2016-05-04 07:22:31'),
(864, 7, '25.00', 1, 0, '2016-05-04 07:22:35'),
(865, 7, '25.00', 1, 1, '2016-05-04 07:22:36'),
(866, 7, '25.00', 1, 0, '2016-05-04 07:22:39'),
(867, 7, '25.00', 1, 0, '2016-05-04 07:22:43'),
(868, 7, '25.00', 1, 0, '2016-05-04 07:22:47'),
(869, 7, '25.00', 1, 0, '2016-05-04 07:22:51'),
(870, 7, '25.00', 1, 1, '2016-05-04 07:22:52'),
(871, 7, '25.00', 1, 0, '2016-05-04 07:22:55'),
(872, 7, '25.00', 1, 0, '2016-05-04 07:22:59'),
(873, 7, '25.00', 1, 0, '2016-05-04 07:23:03'),
(874, 7, '25.00', 1, 1, '2016-05-04 07:23:07'),
(875, 7, '25.00', 1, 0, '2016-05-04 07:23:10'),
(876, 7, '25.00', 1, 1, '2016-05-04 07:23:11'),
(877, 7, '25.00', 1, 0, '2016-05-04 07:23:15'),
(878, 7, '25.00', 1, 1, '2016-05-04 07:23:15'),
(879, 7, '25.00', 1, 0, '2016-05-04 07:23:19'),
(880, 7, '25.00', 1, 0, '2016-05-04 07:23:23'),
(881, 7, '25.00', 1, 1, '2016-05-04 07:23:23'),
(882, 7, '25.00', 1, 0, '2016-05-04 07:23:27'),
(883, 7, '25.00', 1, 1, '2016-05-04 07:23:28'),
(884, 7, '25.00', 1, 0, '2016-05-04 07:23:31'),
(885, 7, '25.00', 1, 1, '2016-05-04 07:23:32'),
(886, 7, '25.00', 1, 1, '2016-05-04 07:23:36'),
(887, 7, '25.00', 1, 0, '2016-05-04 07:23:39'),
(888, 7, '25.00', 1, 1, '2016-05-04 07:23:40'),
(889, 7, '25.00', 1, 0, '2016-05-04 07:23:44'),
(890, 7, '25.00', 1, 1, '2016-05-04 07:23:44'),
(891, 7, '25.00', 1, 1, '2016-05-04 07:23:48'),
(892, 7, '25.00', 1, 0, '2016-05-04 07:23:52'),
(893, 7, '25.00', 1, 0, '2016-05-04 07:23:55'),
(894, 7, '25.00', 1, 1, '2016-05-04 07:23:56'),
(895, 7, '25.00', 1, 0, '2016-05-04 07:24:00'),
(896, 7, '25.00', 1, 0, '2016-05-04 07:24:04'),
(897, 7, '25.00', 1, 1, '2016-05-04 07:24:04'),
(898, 7, '25.00', 1, 0, '2016-05-04 07:24:08'),
(899, 7, '25.00', 1, 1, '2016-05-04 07:24:09'),
(900, 7, '25.00', 1, 0, '2016-05-04 07:24:12'),
(901, 7, '25.00', 1, 0, '2016-05-04 07:24:16'),
(902, 7, '25.00', 1, 1, '2016-05-04 07:24:17'),
(903, 7, '25.00', 1, 0, '2016-05-04 07:24:20'),
(904, 7, '25.00', 1, 0, '2016-05-04 07:24:24'),
(905, 7, '25.00', 1, 1, '2016-05-04 07:24:25'),
(906, 7, '25.00', 1, 0, '2016-05-04 07:24:29'),
(907, 7, '25.00', 1, 0, '2016-05-04 07:24:32'),
(908, 7, '25.00', 1, 0, '2016-05-04 07:24:36'),
(909, 7, '25.00', 1, 1, '2016-05-04 07:24:37'),
(910, 7, '25.00', 1, 0, '2016-05-04 07:24:40'),
(911, 7, '25.00', 1, 1, '2016-05-04 07:24:41'),
(912, 7, '25.00', 1, 0, '2016-05-04 07:24:45'),
(913, 7, '25.00', 1, 1, '2016-05-04 07:24:45'),
(914, 7, '25.00', 1, 1, '2016-05-04 07:24:49'),
(915, 7, '25.00', 1, 0, '2016-05-04 07:24:53'),
(916, 7, '25.00', 1, 0, '2016-05-04 07:24:57'),
(917, 7, '25.00', 1, 1, '2016-05-04 07:24:57'),
(918, 7, '25.00', 1, 0, '2016-05-04 07:25:01'),
(919, 7, '25.00', 1, 0, '2016-05-04 07:25:05'),
(920, 7, '25.00', 1, 1, '2016-05-04 07:25:05'),
(921, 7, '25.00', 1, 0, '2016-05-04 07:25:09'),
(922, 7, '25.00', 1, 1, '2016-05-04 07:25:10'),
(923, 7, '24.00', 1, 0, '2016-05-04 07:25:14'),
(924, 7, '24.00', 1, 1, '2016-05-04 07:25:17'),
(925, 7, '25.00', 1, 0, '2016-05-04 07:25:22'),
(926, 7, '25.00', 1, 1, '2016-05-04 07:25:22'),
(927, 7, '25.00', 1, 0, '2016-05-04 07:25:25'),
(928, 7, '25.00', 1, 1, '2016-05-04 07:25:26'),
(929, 7, '24.00', 1, 0, '2016-05-04 07:25:30'),
(930, 7, '24.00', 1, 0, '2016-05-04 07:25:34'),
(931, 7, '24.00', 1, 0, '2016-05-04 07:25:40'),
(932, 7, '24.00', 1, 0, '2016-05-04 07:25:44'),
(933, 7, '24.00', 1, 0, '2016-05-04 07:25:48'),
(934, 7, '24.00', 1, 0, '2016-05-04 07:25:52'),
(935, 7, '24.00', 1, 0, '2016-05-04 07:25:55'),
(936, 7, '24.00', 1, 0, '2016-05-04 07:25:59'),
(937, 7, '24.00', 1, 0, '2016-05-04 07:26:03'),
(938, 7, '24.00', 1, 0, '2016-05-04 07:26:07'),
(939, 7, '24.00', 1, 0, '2016-05-04 07:26:11'),
(940, 7, '24.00', 1, 0, '2016-05-04 07:26:15'),
(941, 7, '24.00', 1, 0, '2016-05-04 07:26:19'),
(942, 7, '24.00', 1, 0, '2016-05-04 07:26:22'),
(943, 7, '24.00', 1, 0, '2016-05-04 07:26:26'),
(944, 7, '24.00', 1, 1, '2016-05-04 07:26:27'),
(945, 7, '24.00', 1, 0, '2016-05-04 07:26:31'),
(946, 7, '24.00', 1, 0, '2016-05-04 07:26:35'),
(947, 7, '24.00', 1, 1, '2016-05-04 07:26:35'),
(948, 7, '24.00', 1, 0, '2016-05-04 07:26:39'),
(949, 7, '24.00', 1, 0, '2016-05-04 07:26:42'),
(950, 7, '24.00', 1, 0, '2016-05-04 07:26:46'),
(951, 7, '24.00', 1, 0, '2016-05-04 07:26:50'),
(952, 7, '24.00', 1, 1, '2016-05-04 07:26:51'),
(953, 7, '24.00', 1, 0, '2016-05-04 07:26:54'),
(954, 7, '24.00', 1, 0, '2016-05-04 07:26:58'),
(955, 7, '24.00', 1, 1, '2016-05-04 07:26:59'),
(956, 7, '24.00', 1, 0, '2016-05-04 07:27:03'),
(957, 7, '24.00', 1, 0, '2016-05-04 07:27:06'),
(958, 7, '24.00', 1, 0, '2016-05-04 07:27:11'),
(959, 7, '24.00', 1, 0, '2016-05-04 07:27:14'),
(960, 7, '24.00', 1, 1, '2016-05-04 07:27:18'),
(961, 7, '24.00', 1, 0, '2016-05-04 07:27:22'),
(962, 7, '24.00', 1, 0, '2016-05-04 07:27:25'),
(963, 7, '24.00', 1, 1, '2016-05-04 07:27:26'),
(964, 7, '24.00', 1, 0, '2016-05-04 07:27:30'),
(965, 7, '24.00', 1, 0, '2016-05-04 07:27:34'),
(966, 7, '24.00', 1, 0, '2016-05-04 07:27:38'),
(967, 7, '24.00', 1, 1, '2016-05-04 07:27:38'),
(968, 7, '24.00', 1, 0, '2016-05-04 07:27:45'),
(969, 7, '24.00', 1, 0, '2016-05-04 07:27:49'),
(970, 7, '24.00', 1, 0, '2016-05-04 07:27:53'),
(971, 7, '24.00', 1, 0, '2016-05-04 07:27:57'),
(972, 7, '24.00', 1, 0, '2016-05-04 07:28:00'),
(973, 7, '24.00', 1, 1, '2016-05-04 07:28:01'),
(974, 7, '24.00', 1, 0, '2016-05-04 07:28:05'),
(975, 7, '24.00', 1, 0, '2016-05-04 07:28:09'),
(976, 7, '24.00', 1, 0, '2016-05-04 07:28:12'),
(977, 7, '24.00', 1, 0, '2016-05-04 07:28:16'),
(978, 7, '24.00', 1, 0, '2016-05-04 07:28:20'),
(979, 7, '24.00', 1, 0, '2016-05-04 07:28:24'),
(980, 7, '24.00', 1, 0, '2016-05-04 07:28:28'),
(981, 7, '24.00', 1, 0, '2016-05-04 07:28:31'),
(982, 7, '24.00', 1, 1, '2016-05-04 07:28:32'),
(983, 7, '24.00', 1, 0, '2016-05-04 07:28:36'),
(984, 7, '24.00', 1, 0, '2016-05-04 07:28:40'),
(985, 7, '24.00', 1, 0, '2016-05-04 07:28:44'),
(986, 7, '24.00', 1, 0, '2016-05-04 07:28:50'),
(987, 7, '24.00', 1, 0, '2016-05-04 07:28:54'),
(988, 7, '24.00', 1, 0, '2016-05-04 07:28:58'),
(989, 7, '24.00', 1, 1, '2016-05-04 07:28:59'),
(990, 7, '24.00', 1, 0, '2016-05-04 07:29:02'),
(991, 7, '24.00', 1, 0, '2016-05-04 07:29:06'),
(992, 7, '24.00', 1, 1, '2016-05-04 07:29:07'),
(993, 7, '24.00', 1, 0, '2016-05-04 07:29:10'),
(994, 7, '24.00', 1, 0, '2016-05-04 07:29:14'),
(995, 7, '24.00', 1, 0, '2016-05-04 07:29:18'),
(996, 7, '24.00', 1, 0, '2016-05-04 07:29:22'),
(997, 7, '25.00', 1, 0, '2016-05-04 07:29:28'),
(998, 7, '25.00', 1, 1, '2016-05-04 07:29:29'),
(999, 7, '25.00', 1, 0, '2016-05-04 07:29:33'),
(1000, 7, '24.00', 1, 0, '2016-05-04 07:29:37'),
(1001, 7, '25.00', 1, 0, '2016-05-04 07:29:41'),
(1002, 7, '25.00', 1, 0, '2016-05-04 07:29:44'),
(1003, 7, '25.00', 1, 1, '2016-05-04 07:29:45'),
(1004, 7, '24.00', 1, 0, '2016-05-04 07:29:48'),
(1005, 7, '24.00', 1, 1, '2016-05-04 07:29:49'),
(1006, 7, '25.00', 1, 0, '2016-05-04 07:29:53'),
(1007, 7, '24.00', 1, 0, '2016-05-04 07:29:57'),
(1008, 7, '24.00', 1, 1, '2016-05-04 07:29:57'),
(1009, 7, '25.00', 1, 0, '2016-05-04 07:30:01'),
(1010, 7, '24.00', 1, 0, '2016-05-04 07:30:05'),
(1011, 7, '25.00', 1, 0, '2016-05-04 07:30:12'),
(1012, 7, '25.00', 1, 0, '2016-05-04 07:30:15'),
(1013, 7, '25.00', 1, 1, '2016-05-04 07:30:16'),
(1014, 7, '25.00', 1, 0, '2016-05-04 07:30:20'),
(1015, 7, '25.00', 1, 1, '2016-05-04 07:30:20'),
(1016, 7, '25.00', 1, 0, '2016-05-04 07:30:24'),
(1017, 7, '25.00', 1, 0, '2016-05-04 07:30:28'),
(1018, 7, '25.00', 1, 0, '2016-05-04 07:30:32'),
(1019, 7, '25.00', 1, 0, '2016-05-04 07:30:36'),
(1020, 7, '25.00', 1, 0, '2016-05-04 07:30:40'),
(1021, 7, '25.00', 1, 0, '2016-05-04 07:30:44'),
(1022, 7, '25.00', 1, 0, '2016-05-04 07:30:48'),
(1023, 7, '25.00', 1, 0, '2016-05-04 07:30:51'),
(1024, 7, '25.00', 1, 1, '2016-05-04 07:30:52'),
(1025, 7, '25.00', 1, 0, '2016-05-04 07:30:55'),
(1026, 7, '25.00', 1, 1, '2016-05-04 07:30:56'),
(1027, 7, '25.00', 1, 0, '2016-05-04 07:31:00'),
(1028, 7, '25.00', 1, 0, '2016-05-04 07:31:04'),
(1029, 7, '25.00', 1, 1, '2016-05-04 07:31:04'),
(1030, 7, '25.00', 1, 0, '2016-05-04 07:31:08'),
(1031, 7, '25.00', 1, 0, '2016-05-04 07:31:15'),
(1032, 7, '25.00', 1, 1, '2016-05-04 07:31:15'),
(1033, 7, '25.00', 1, 0, '2016-05-04 07:31:19'),
(1034, 7, '25.00', 1, 1, '2016-05-04 07:31:20'),
(1035, 7, '25.00', 1, 0, '2016-05-04 07:31:23'),
(1036, 7, '25.00', 1, 1, '2016-05-04 07:31:24'),
(1037, 7, '25.00', 1, 1, '2016-05-04 07:31:27'),
(1038, 7, '25.00', 1, 0, '2016-05-04 07:31:34'),
(1039, 7, '25.00', 1, 1, '2016-05-04 07:31:35'),
(1040, 7, '25.00', 1, 0, '2016-05-04 07:31:38'),
(1041, 7, '25.00', 1, 0, '2016-05-04 07:31:42'),
(1042, 7, '25.00', 1, 1, '2016-05-04 07:31:43'),
(1043, 7, '25.00', 1, 1, '2016-05-04 07:31:47'),
(1044, 7, '25.00', 1, 0, '2016-05-04 07:31:47'),
(1045, 7, '25.00', 1, 0, '2016-05-04 07:31:51'),
(1046, 7, '25.00', 1, 0, '2016-05-04 07:31:55'),
(1047, 7, '25.00', 1, 1, '2016-05-04 07:31:55'),
(1048, 7, '25.00', 1, 0, '2016-05-04 07:31:59'),
(1049, 7, '25.00', 1, 0, '2016-05-04 07:32:03'),
(1050, 7, '25.00', 1, 0, '2016-05-04 07:32:06'),
(1051, 7, '25.00', 1, 1, '2016-05-04 07:32:07'),
(1052, 7, '25.00', 1, 0, '2016-05-04 07:32:11'),
(1053, 7, '25.00', 1, 0, '2016-05-04 07:32:15'),
(1054, 7, '25.00', 1, 1, '2016-05-04 07:32:15'),
(1055, 7, '25.00', 1, 0, '2016-05-04 07:32:19'),
(1056, 7, '25.00', 1, 0, '2016-05-04 07:32:23'),
(1057, 7, '25.00', 1, 1, '2016-05-04 07:32:23'),
(1058, 7, '25.00', 1, 0, '2016-05-04 07:32:27'),
(1059, 7, '25.00', 1, 0, '2016-05-04 07:32:31'),
(1060, 7, '25.00', 1, 1, '2016-05-04 07:32:32'),
(1061, 7, '25.00', 1, 0, '2016-05-04 07:32:35'),
(1062, 7, '25.00', 1, 1, '2016-05-04 07:32:36'),
(1063, 7, '25.00', 1, 0, '2016-05-04 07:32:40'),
(1064, 7, '25.00', 1, 0, '2016-05-04 07:32:43'),
(1065, 7, '25.00', 1, 1, '2016-05-04 07:32:44'),
(1066, 7, '25.00', 1, 0, '2016-05-04 07:32:48'),
(1067, 7, '25.00', 1, 1, '2016-05-04 07:32:48'),
(1068, 7, '25.00', 1, 0, '2016-05-04 07:32:52'),
(1069, 7, '25.00', 1, 0, '2016-05-04 07:32:56'),
(1070, 7, '25.00', 1, 1, '2016-05-04 07:32:57'),
(1071, 7, '25.00', 1, 0, '2016-05-04 07:33:00'),
(1072, 7, '25.00', 1, 1, '2016-05-04 07:33:01'),
(1073, 7, '25.00', 1, 0, '2016-05-04 07:33:05'),
(1074, 7, '25.00', 1, 0, '2016-05-04 07:33:09'),
(1075, 7, '25.00', 1, 0, '2016-05-04 07:33:12'),
(1076, 7, '25.00', 1, 0, '2016-05-04 07:33:16'),
(1077, 7, '25.00', 1, 0, '2016-05-04 07:33:20'),
(1078, 7, '25.00', 1, 0, '2016-05-04 07:33:24'),
(1079, 7, '25.00', 1, 0, '2016-05-04 07:33:28'),
(1080, 7, '25.00', 1, 0, '2016-05-04 07:33:32'),
(1081, 7, '25.00', 1, 1, '2016-05-04 07:33:32'),
(1082, 7, '25.00', 1, 0, '2016-05-04 07:33:54'),
(1083, 7, '25.00', 1, 0, '2016-05-04 07:33:58'),
(1084, 7, '25.00', 1, 1, '2016-05-04 07:33:59'),
(1085, 7, '25.00', 1, 0, '2016-05-04 07:34:03'),
(1086, 7, '25.00', 1, 0, '2016-05-04 07:34:07'),
(1087, 7, '25.00', 1, 0, '2016-05-04 07:34:11'),
(1088, 7, '25.00', 1, 0, '2016-05-04 07:34:15'),
(1089, 7, '25.00', 1, 0, '2016-05-04 07:34:18'),
(1090, 7, '25.00', 1, 1, '2016-05-04 07:34:19'),
(1091, 7, '25.00', 1, 0, '2016-05-04 07:34:23'),
(1092, 7, '25.00', 1, 1, '2016-05-04 07:34:24'),
(1093, 7, '25.00', 1, 1, '2016-05-04 07:34:27'),
(1094, 7, '25.00', 1, 0, '2016-05-04 07:34:31'),
(1095, 7, '25.00', 1, 0, '2016-05-04 07:34:35'),
(1096, 7, '25.00', 1, 1, '2016-05-04 07:34:35');
INSERT INTO `deviceInputHistory` (`auto_Id`, `sensorTypeId`, `Temp`, `activity_Id`, `status`, `CreatedDate`) VALUES
(1097, 7, '25.00', 1, 0, '2016-05-04 07:34:39'),
(1098, 7, '25.00', 1, 1, '2016-05-04 07:34:41'),
(1099, 7, '25.00', 1, 0, '2016-05-04 07:34:43'),
(1100, 7, '25.00', 1, 0, '2016-05-04 07:34:47'),
(1101, 7, '25.00', 1, 1, '2016-05-04 07:34:48'),
(1102, 7, '25.00', 1, 0, '2016-05-04 07:34:52'),
(1103, 7, '25.00', 1, 1, '2016-05-04 07:34:55'),
(1104, 7, '25.00', 1, 0, '2016-05-04 07:34:59'),
(1105, 7, '25.00', 1, 1, '2016-05-04 07:35:00'),
(1106, 7, '25.00', 1, 0, '2016-05-04 07:35:03'),
(1107, 7, '25.00', 1, 1, '2016-05-04 07:35:04'),
(1108, 7, '25.00', 1, 0, '2016-05-04 07:35:08'),
(1109, 7, '25.00', 1, 0, '2016-05-04 07:35:12'),
(1110, 7, '25.00', 1, 0, '2016-05-04 07:35:16'),
(1111, 7, '25.00', 1, 0, '2016-05-04 07:35:20'),
(1112, 7, '25.00', 1, 0, '2016-05-04 07:35:26'),
(1113, 7, '25.00', 1, 1, '2016-05-04 07:35:27'),
(1114, 7, '25.00', 1, 0, '2016-05-04 07:35:31'),
(1115, 7, '25.00', 1, 0, '2016-05-04 07:35:34'),
(1116, 7, '25.00', 1, 0, '2016-05-04 07:35:38'),
(1117, 7, '25.00', 1, 1, '2016-05-04 07:35:39'),
(1118, 7, '25.00', 1, 0, '2016-05-04 07:35:43'),
(1119, 7, '25.00', 1, 0, '2016-05-04 07:35:46'),
(1120, 7, '25.00', 1, 0, '2016-05-04 07:35:53'),
(1121, 7, '25.00', 1, 0, '2016-05-04 07:36:00'),
(1122, 7, '25.00', 1, 0, '2016-05-04 07:36:03'),
(1123, 7, '25.00', 1, 0, '2016-05-04 07:36:10'),
(1124, 7, '25.00', 1, 0, '2016-05-04 07:36:14'),
(1125, 7, '25.00', 1, 1, '2016-05-04 07:36:15'),
(1126, 7, '25.00', 1, 0, '2016-05-04 07:36:18'),
(1127, 7, '25.00', 1, 0, '2016-05-04 07:36:22'),
(1128, 7, '25.00', 1, 0, '2016-05-04 07:36:27'),
(1129, 7, '25.00', 1, 0, '2016-05-04 07:36:31'),
(1130, 7, '25.00', 1, 1, '2016-05-04 07:36:32'),
(1131, 7, '24.00', 1, 0, '2016-05-04 07:36:35'),
(1132, 7, '24.00', 1, 0, '2016-05-04 07:36:39'),
(1133, 7, '24.00', 1, 0, '2016-05-04 07:36:45'),
(1134, 7, '24.00', 1, 1, '2016-05-04 07:36:46'),
(1135, 7, '24.00', 1, 0, '2016-05-04 07:36:50'),
(1136, 7, '24.00', 1, 0, '2016-05-04 07:36:53'),
(1137, 7, '24.00', 1, 1, '2016-05-04 07:36:54'),
(1138, 7, '24.00', 1, 1, '2016-05-04 07:36:58'),
(1139, 7, '24.00', 1, 0, '2016-05-04 07:37:03'),
(1140, 7, '24.00', 1, 0, '2016-05-04 07:37:05'),
(1141, 7, '24.00', 1, 0, '2016-05-04 07:37:09'),
(1142, 7, '24.00', 1, 0, '2016-05-04 07:37:13'),
(1143, 7, '24.00', 1, 0, '2016-05-04 07:37:17'),
(1144, 7, '24.00', 1, 1, '2016-05-04 07:37:17'),
(1145, 7, '24.00', 1, 0, '2016-05-04 07:37:21'),
(1146, 7, '24.00', 1, 0, '2016-05-04 07:37:25'),
(1147, 7, '24.00', 1, 0, '2016-05-04 07:37:29'),
(1148, 7, '24.00', 1, 0, '2016-05-04 07:37:33'),
(1149, 7, '24.00', 1, 1, '2016-05-04 07:37:33'),
(1150, 7, '24.00', 1, 0, '2016-05-04 07:37:37'),
(1151, 7, '24.00', 1, 1, '2016-05-04 07:37:37'),
(1152, 7, '24.00', 1, 0, '2016-05-04 07:37:41'),
(1153, 7, '24.00', 1, 0, '2016-05-04 07:37:48'),
(1154, 7, '24.00', 1, 0, '2016-05-04 07:37:52'),
(1155, 7, '24.00', 1, 0, '2016-05-04 07:37:56'),
(1156, 7, '24.00', 1, 0, '2016-05-04 07:37:59'),
(1157, 7, '24.00', 1, 0, '2016-05-04 07:38:06'),
(1158, 7, '24.00', 1, 0, '2016-05-04 07:38:10'),
(1159, 7, '24.00', 1, 0, '2016-05-04 07:38:14'),
(1160, 7, '24.00', 1, 0, '2016-05-04 07:38:21'),
(1161, 7, '24.00', 1, 0, '2016-05-04 07:38:24'),
(1162, 7, '24.00', 1, 1, '2016-05-04 07:38:25'),
(1163, 7, '24.00', 1, 1, '2016-05-04 07:38:29'),
(1164, 7, '24.00', 1, 0, '2016-05-04 07:38:32'),
(1165, 7, '24.00', 1, 1, '2016-05-04 07:38:33'),
(1166, 7, '24.00', 1, 0, '2016-05-04 07:38:37'),
(1167, 7, '24.00', 1, 1, '2016-05-04 07:38:37'),
(1168, 7, '24.00', 1, 0, '2016-05-04 07:38:44'),
(1169, 7, '24.00', 1, 0, '2016-05-04 07:38:48'),
(1170, 7, '24.00', 1, 0, '2016-05-04 07:38:52'),
(1171, 7, '24.00', 1, 0, '2016-05-04 07:38:55'),
(1172, 7, '24.00', 1, 0, '2016-05-04 07:38:59'),
(1173, 7, '24.00', 1, 0, '2016-05-04 07:39:03'),
(1174, 7, '24.00', 1, 0, '2016-05-04 07:39:07'),
(1175, 7, '24.00', 1, 1, '2016-05-04 07:39:07'),
(1176, 7, '24.00', 1, 0, '2016-05-04 07:39:11'),
(1177, 7, '24.00', 1, 1, '2016-05-04 07:39:12'),
(1178, 7, '24.00', 1, 0, '2016-05-04 07:39:15'),
(1179, 7, '24.00', 1, 0, '2016-05-04 07:39:22'),
(1180, 7, '24.00', 1, 0, '2016-05-04 07:39:26'),
(1181, 7, '24.00', 1, 0, '2016-05-04 07:39:30'),
(1182, 7, '24.00', 1, 1, '2016-05-04 07:39:30'),
(1183, 7, '24.00', 1, 0, '2016-05-04 07:39:38'),
(1184, 7, '24.00', 1, 0, '2016-05-04 07:39:41'),
(1185, 7, '24.00', 1, 0, '2016-05-04 07:39:45'),
(1186, 7, '24.00', 1, 1, '2016-05-04 07:39:46'),
(1187, 7, '24.00', 1, 0, '2016-05-04 07:39:49'),
(1188, 7, '24.00', 1, 1, '2016-05-04 07:39:50'),
(1189, 7, '24.00', 1, 0, '2016-05-04 07:39:54'),
(1190, 7, '24.00', 1, 1, '2016-05-04 07:39:54'),
(1191, 7, '24.00', 1, 0, '2016-05-04 07:39:58'),
(1192, 7, '24.00', 1, 1, '2016-05-04 07:40:00'),
(1193, 7, '24.00', 1, 0, '2016-05-04 07:40:03'),
(1194, 7, '24.00', 1, 0, '2016-05-04 07:40:07'),
(1195, 7, '24.00', 1, 1, '2016-05-04 07:40:07'),
(1196, 7, '24.00', 1, 0, '2016-05-04 07:40:11'),
(1197, 7, '24.00', 1, 0, '2016-05-04 07:40:15'),
(1198, 7, '24.00', 1, 0, '2016-05-04 07:40:21'),
(1199, 7, '24.00', 1, 1, '2016-05-04 07:40:22'),
(1200, 7, '24.00', 1, 0, '2016-05-04 07:40:28'),
(1201, 7, '24.00', 1, 1, '2016-05-04 07:40:30'),
(1202, 7, '24.00', 1, 0, '2016-05-04 07:40:35'),
(1203, 7, '24.00', 1, 0, '2016-05-04 07:40:39'),
(1204, 7, '24.00', 1, 0, '2016-05-04 07:40:48'),
(1205, 7, '24.00', 1, 0, '2016-05-04 07:40:52'),
(1206, 7, '24.00', 1, 0, '2016-05-04 07:40:57'),
(1207, 7, '24.00', 1, 1, '2016-05-04 07:41:16'),
(1208, 7, '24.00', 1, 0, '2016-05-04 07:41:20'),
(1209, 7, '24.00', 1, 0, '2016-05-04 07:41:23'),
(1210, 7, '24.00', 1, 0, '2016-05-04 07:41:27'),
(1211, 7, '24.00', 1, 1, '2016-05-04 07:41:28'),
(1212, 7, '24.00', 1, 0, '2016-05-04 07:41:32'),
(1213, 7, '24.00', 1, 0, '2016-05-04 07:41:38'),
(1214, 7, '24.00', 1, 1, '2016-05-04 07:41:39'),
(1215, 7, '24.00', 1, 0, '2016-05-04 07:41:43'),
(1216, 7, '24.00', 1, 0, '2016-05-04 07:41:46'),
(1217, 7, '24.00', 1, 1, '2016-05-04 07:41:47'),
(1218, 7, '24.00', 1, 0, '2016-05-04 07:41:56'),
(1219, 7, '24.00', 1, 0, '2016-05-04 07:42:00'),
(1220, 7, '24.00', 1, 1, '2016-05-04 07:42:03'),
(1221, 7, '24.00', 1, 0, '2016-05-04 07:42:11'),
(1222, 7, '24.00', 1, 0, '2016-05-04 07:42:17'),
(1223, 7, '24.00', 1, 0, '2016-05-04 07:42:21'),
(1224, 7, '24.00', 1, 1, '2016-05-04 07:42:22'),
(1225, 7, '24.00', 1, 0, '2016-05-04 07:42:26'),
(1226, 7, '25.00', 1, 0, '2016-05-04 07:42:30'),
(1227, 7, '24.00', 1, 0, '2016-05-04 07:42:34'),
(1228, 7, '24.00', 1, 0, '2016-05-04 07:42:38'),
(1229, 7, '24.00', 1, 0, '2016-05-04 07:42:46'),
(1230, 7, '24.00', 1, 0, '2016-05-04 07:42:47'),
(1231, 7, '24.00', 1, 0, '2016-05-04 07:42:56'),
(1232, 7, '24.00', 1, 0, '2016-05-04 07:42:59'),
(1233, 7, '24.00', 1, 0, '2016-05-04 07:43:03'),
(1234, 7, '25.00', 1, 0, '2016-05-04 07:43:07'),
(1235, 7, '25.00', 1, 1, '2016-05-04 07:43:08'),
(1236, 7, '24.00', 1, 0, '2016-05-04 07:43:11'),
(1237, 7, '24.00', 1, 1, '2016-05-04 07:43:15'),
(1238, 7, '25.00', 1, 0, '2016-05-04 07:43:19'),
(1239, 7, '24.00', 1, 0, '2016-05-04 07:43:29'),
(1240, 7, '25.00', 1, 0, '2016-05-04 07:43:33'),
(1241, 7, '25.00', 1, 0, '2016-05-04 07:43:38'),
(1242, 7, '24.00', 1, 0, '2016-05-04 07:43:42'),
(1243, 7, '25.00', 1, 0, '2016-05-04 07:43:45'),
(1244, 7, '25.00', 1, 1, '2016-05-04 07:43:45'),
(1245, 7, '25.00', 1, 0, '2016-05-04 07:43:49'),
(1246, 7, '25.00', 1, 0, '2016-05-04 07:43:56'),
(1247, 7, '25.00', 1, 0, '2016-05-04 07:44:00'),
(1248, 7, '25.00', 1, 0, '2016-05-04 07:44:03'),
(1249, 7, '25.00', 1, 1, '2016-05-04 07:44:04'),
(1250, 7, '25.00', 1, 1, '2016-05-04 07:44:08'),
(1251, 7, '25.00', 1, 0, '2016-05-04 07:44:11'),
(1252, 7, '25.00', 1, 1, '2016-05-04 07:44:12'),
(1253, 7, '25.00', 1, 0, '2016-05-04 07:44:22'),
(1254, 7, '25.00', 1, 0, '2016-05-04 07:44:25'),
(1255, 7, '25.00', 1, 0, '2016-05-04 07:44:29'),
(1256, 7, '25.00', 1, 1, '2016-05-04 07:44:36'),
(1257, 7, '25.00', 1, 0, '2016-05-04 07:44:40'),
(1258, 7, '25.00', 1, 1, '2016-05-04 07:44:40'),
(1259, 7, '25.00', 1, 0, '2016-05-04 07:44:44'),
(1260, 7, '25.00', 1, 0, '2016-05-04 07:44:48'),
(1261, 7, '25.00', 1, 1, '2016-05-04 07:44:52'),
(1262, 7, '25.00', 1, 0, '2016-05-04 07:44:56'),
(1263, 7, '25.00', 1, 0, '2016-05-04 07:45:00'),
(1264, 7, '25.00', 1, 0, '2016-05-04 07:45:03'),
(1265, 7, '25.00', 1, 1, '2016-05-04 07:45:04'),
(1266, 7, '25.00', 1, 0, '2016-05-04 07:45:08'),
(1267, 7, '25.00', 1, 0, '2016-05-04 07:45:11'),
(1268, 7, '25.00', 1, 1, '2016-05-04 07:45:12'),
(1269, 7, '25.00', 1, 0, '2016-05-04 07:45:16'),
(1270, 7, '25.00', 1, 1, '2016-05-04 07:45:16'),
(1271, 7, '25.00', 1, 0, '2016-05-04 07:45:20'),
(1272, 7, '25.00', 1, 0, '2016-05-04 07:45:24'),
(1273, 7, '25.00', 1, 1, '2016-05-04 07:45:24'),
(1274, 7, '25.00', 1, 0, '2016-05-04 07:45:28'),
(1275, 7, '25.00', 1, 1, '2016-05-04 07:45:29'),
(1276, 7, '25.00', 1, 0, '2016-05-04 07:45:32'),
(1277, 7, '25.00', 1, 1, '2016-05-04 07:45:33'),
(1278, 7, '25.00', 1, 0, '2016-05-04 07:45:37'),
(1279, 7, '25.00', 1, 1, '2016-05-04 07:45:41'),
(1280, 7, '25.00', 1, 0, '2016-05-04 07:45:44'),
(1281, 7, '25.00', 1, 1, '2016-05-04 07:45:45'),
(1282, 7, '25.00', 1, 0, '2016-05-04 07:45:49'),
(1283, 7, '25.00', 1, 1, '2016-05-04 07:45:49'),
(1284, 7, '25.00', 1, 0, '2016-05-04 07:45:53'),
(1285, 7, '25.00', 1, 1, '2016-05-04 07:45:54'),
(1286, 7, '25.00', 1, 0, '2016-05-04 07:46:04'),
(1287, 7, '25.00', 1, 0, '2016-05-04 07:46:08'),
(1288, 7, '25.00', 1, 0, '2016-05-04 07:46:12'),
(1289, 7, '25.00', 1, 1, '2016-05-04 07:46:12'),
(1290, 7, '25.00', 1, 1, '2016-05-04 07:46:16'),
(1291, 7, '25.00', 1, 0, '2016-05-04 07:46:20'),
(1292, 7, '25.00', 1, 1, '2016-05-04 07:46:20'),
(1293, 7, '25.00', 1, 0, '2016-05-04 07:46:24'),
(1294, 7, '25.00', 1, 0, '2016-05-04 07:46:28'),
(1295, 7, '25.00', 1, 1, '2016-05-04 07:46:29'),
(1296, 7, '25.00', 1, 0, '2016-05-04 07:46:32'),
(1297, 7, '25.00', 1, 1, '2016-05-04 07:46:33'),
(1298, 7, '25.00', 1, 0, '2016-05-04 07:46:37'),
(1299, 7, '25.00', 1, 0, '2016-05-04 07:46:40'),
(1300, 7, '25.00', 1, 1, '2016-05-04 07:46:41'),
(1301, 7, '25.00', 1, 1, '2016-05-04 07:46:45'),
(1302, 7, '25.00', 1, 0, '2016-05-04 07:46:48'),
(1303, 7, '25.00', 1, 1, '2016-05-04 07:46:49'),
(1304, 7, '25.00', 1, 0, '2016-05-04 07:46:53'),
(1305, 7, '25.00', 1, 1, '2016-05-04 07:46:53'),
(1306, 7, '25.00', 1, 0, '2016-05-04 07:46:57'),
(1307, 7, '25.00', 1, 1, '2016-05-04 07:46:58'),
(1308, 7, '25.00', 1, 0, '2016-05-04 07:47:02'),
(1309, 7, '25.00', 1, 0, '2016-05-04 07:47:05'),
(1310, 7, '25.00', 1, 1, '2016-05-04 07:47:06'),
(1311, 7, '25.00', 1, 0, '2016-05-04 07:47:09'),
(1312, 7, '25.00', 1, 1, '2016-05-04 07:47:10'),
(1313, 7, '25.00', 1, 0, '2016-05-04 07:47:17'),
(1314, 7, '25.00', 1, 1, '2016-05-04 07:47:17'),
(1315, 7, '25.00', 1, 0, '2016-05-04 07:47:24'),
(1316, 7, '25.00', 1, 1, '2016-05-04 07:47:24'),
(1317, 7, '25.00', 1, 0, '2016-05-04 07:47:28'),
(1318, 7, '25.00', 1, 0, '2016-05-04 07:47:32'),
(1319, 7, '25.00', 1, 1, '2016-05-04 07:47:33'),
(1320, 7, '25.00', 1, 0, '2016-05-04 07:47:37'),
(1321, 7, '25.00', 1, 0, '2016-05-04 07:47:40'),
(1322, 7, '25.00', 1, 0, '2016-05-04 07:47:44'),
(1323, 7, '25.00', 1, 1, '2016-05-04 07:47:45'),
(1324, 7, '25.00', 1, 0, '2016-05-04 07:47:49'),
(1325, 7, '25.00', 1, 0, '2016-05-04 07:47:52'),
(1326, 7, '25.00', 1, 1, '2016-05-04 07:47:53'),
(1327, 7, '25.00', 1, 0, '2016-05-04 07:47:57'),
(1328, 7, '25.00', 1, 0, '2016-05-04 07:48:01'),
(1329, 7, '25.00', 1, 0, '2016-05-04 07:48:04'),
(1330, 7, '25.00', 1, 1, '2016-05-04 07:48:05'),
(1331, 7, '25.00', 1, 0, '2016-05-04 07:48:10'),
(1332, 7, '25.00', 1, 0, '2016-05-04 07:48:13'),
(1333, 7, '25.00', 1, 0, '2016-05-04 07:48:16'),
(1334, 7, '25.00', 1, 1, '2016-05-04 07:48:17'),
(1335, 7, '25.00', 1, 0, '2016-05-04 07:48:21'),
(1336, 7, '25.00', 1, 1, '2016-05-04 07:48:24'),
(1337, 7, '25.00', 1, 0, '2016-05-04 07:48:28'),
(1338, 7, '25.00', 1, 1, '2016-05-04 07:48:29'),
(1339, 7, '25.00', 1, 0, '2016-05-04 07:48:35'),
(1340, 7, '25.00', 1, 0, '2016-05-04 07:48:39'),
(1341, 7, '25.00', 1, 1, '2016-05-04 07:48:40'),
(1342, 7, '25.00', 1, 0, '2016-05-04 07:48:44'),
(1343, 7, '25.00', 1, 0, '2016-05-04 07:48:47'),
(1344, 7, '25.00', 1, 0, '2016-05-04 07:48:51'),
(1345, 7, '25.00', 1, 1, '2016-05-04 07:48:52'),
(1346, 7, '25.00', 1, 0, '2016-05-04 07:48:56'),
(1347, 7, '25.00', 1, 0, '2016-05-04 07:48:59'),
(1348, 7, '25.00', 1, 0, '2016-05-04 07:49:03'),
(1349, 7, '25.00', 1, 0, '2016-05-04 07:49:07'),
(1350, 7, '25.00', 1, 0, '2016-05-04 07:49:11'),
(1351, 7, '25.00', 1, 0, '2016-05-04 07:49:15'),
(1352, 7, '25.00', 1, 0, '2016-05-04 07:49:18'),
(1353, 7, '25.00', 1, 1, '2016-05-04 07:49:20'),
(1354, 7, '25.00', 1, 0, '2016-05-04 07:49:23'),
(1355, 7, '25.00', 1, 1, '2016-05-04 07:49:23'),
(1356, 7, '25.00', 1, 0, '2016-05-04 07:49:27'),
(1357, 7, '25.00', 1, 0, '2016-05-04 07:49:31'),
(1358, 7, '25.00', 1, 1, '2016-05-04 07:49:32'),
(1359, 7, '25.00', 1, 0, '2016-05-04 07:49:35'),
(1360, 7, '25.00', 1, 0, '2016-05-04 07:49:39'),
(1361, 7, '25.00', 1, 1, '2016-05-04 07:49:40'),
(1362, 7, '25.00', 1, 0, '2016-05-04 07:49:44'),
(1363, 7, '25.00', 1, 0, '2016-05-04 07:49:48'),
(1364, 7, '25.00', 1, 0, '2016-05-04 07:49:51'),
(1365, 7, '25.00', 1, 1, '2016-05-04 07:49:52'),
(1366, 7, '25.00', 1, 0, '2016-05-04 07:49:56'),
(1367, 7, '25.00', 1, 0, '2016-05-04 07:50:00'),
(1368, 7, '25.00', 1, 0, '2016-05-04 07:50:03'),
(1369, 7, '25.00', 1, 0, '2016-05-04 07:50:07'),
(1370, 7, '25.00', 1, 1, '2016-05-04 07:50:08'),
(1371, 7, '25.00', 1, 0, '2016-05-04 07:50:12'),
(1372, 7, '25.00', 1, 0, '2016-05-04 07:50:15'),
(1373, 7, '25.00', 1, 0, '2016-05-04 07:50:22'),
(1374, 7, '25.00', 1, 0, '2016-05-04 07:50:26'),
(1375, 7, '25.00', 1, 0, '2016-05-04 07:50:30'),
(1376, 7, '25.00', 1, 0, '2016-05-04 07:50:37'),
(1377, 7, '25.00', 1, 1, '2016-05-04 07:50:37'),
(1378, 7, '25.00', 1, 0, '2016-05-04 07:50:41'),
(1379, 7, '25.00', 1, 0, '2016-05-04 07:50:45'),
(1380, 7, '25.00', 1, 0, '2016-05-04 07:50:49'),
(1381, 7, '25.00', 1, 0, '2016-05-04 07:50:53'),
(1382, 7, '25.00', 1, 1, '2016-05-04 07:50:53'),
(1383, 7, '25.00', 1, 0, '2016-05-04 07:50:57'),
(1384, 7, '25.00', 1, 0, '2016-05-04 07:51:01'),
(1385, 7, '25.00', 1, 0, '2016-05-04 07:51:05'),
(1386, 7, '25.00', 1, 0, '2016-05-04 07:51:09'),
(1387, 7, '25.00', 1, 0, '2016-05-04 07:51:12'),
(1388, 7, '25.00', 1, 0, '2016-05-04 07:51:16'),
(1389, 7, '25.00', 1, 0, '2016-05-04 07:51:20'),
(1390, 7, '25.00', 1, 0, '2016-05-04 07:51:24'),
(1391, 7, '25.00', 1, 1, '2016-05-04 07:51:24'),
(1392, 7, '25.00', 1, 0, '2016-05-04 07:51:28'),
(1393, 7, '25.00', 1, 1, '2016-05-04 07:51:29'),
(1394, 7, '25.00', 1, 0, '2016-05-04 07:51:32'),
(1395, 7, '25.00', 1, 1, '2016-05-04 07:51:33'),
(1396, 7, '25.00', 1, 0, '2016-05-04 07:51:37'),
(1397, 7, '25.00', 1, 1, '2016-05-04 07:51:37'),
(1398, 7, '25.00', 1, 0, '2016-05-04 07:51:41'),
(1399, 7, '25.00', 1, 1, '2016-05-04 07:51:43'),
(1400, 7, '25.00', 1, 0, '2016-05-04 07:51:45'),
(1401, 7, '25.00', 1, 1, '2016-05-04 07:51:46'),
(1402, 7, '25.00', 1, 0, '2016-05-04 07:51:50'),
(1403, 7, '25.00', 1, 1, '2016-05-04 07:51:50'),
(1404, 7, '25.00', 1, 0, '2016-05-04 07:51:54'),
(1405, 7, '25.00', 1, 1, '2016-05-04 07:51:55'),
(1406, 7, '25.00', 1, 0, '2016-05-04 07:51:58'),
(1407, 7, '25.00', 1, 0, '2016-05-04 07:52:02'),
(1408, 7, '25.00', 1, 1, '2016-05-04 07:52:03'),
(1409, 7, '25.00', 1, 0, '2016-05-04 07:52:06'),
(1410, 7, '25.00', 1, 1, '2016-05-04 07:52:07'),
(1411, 7, '25.00', 1, 0, '2016-05-04 07:52:11'),
(1412, 7, '25.00', 1, 0, '2016-05-04 07:52:15'),
(1413, 7, '25.00', 1, 1, '2016-05-04 07:52:15'),
(1414, 7, '25.00', 1, 0, '2016-05-04 07:52:19'),
(1415, 7, '25.00', 1, 0, '2016-05-04 07:52:23'),
(1416, 7, '25.00', 1, 1, '2016-05-04 07:52:23'),
(1417, 7, '25.00', 1, 0, '2016-05-04 07:52:27'),
(1418, 7, '25.00', 1, 0, '2016-05-04 07:52:31'),
(1419, 7, '25.00', 1, 0, '2016-05-04 07:52:35'),
(1420, 7, '25.00', 1, 1, '2016-05-04 07:52:35'),
(1421, 7, '25.00', 1, 0, '2016-05-04 07:52:39'),
(1422, 7, '25.00', 1, 1, '2016-05-04 07:52:40'),
(1423, 7, '25.00', 1, 0, '2016-05-04 07:52:43'),
(1424, 7, '25.00', 1, 1, '2016-05-04 07:52:44'),
(1425, 7, '25.00', 1, 0, '2016-05-04 07:52:48'),
(1426, 7, '25.00', 1, 1, '2016-05-04 07:52:48'),
(1427, 7, '25.00', 1, 0, '2016-05-04 07:52:52'),
(1428, 7, '25.00', 1, 1, '2016-05-04 07:52:53'),
(1429, 7, '25.00', 1, 0, '2016-05-04 07:52:56'),
(1430, 7, '25.00', 1, 0, '2016-05-04 07:53:00'),
(1431, 7, '25.00', 1, 0, '2016-05-04 07:53:04'),
(1432, 7, '25.00', 1, 0, '2016-05-04 07:53:08'),
(1433, 7, '25.00', 1, 0, '2016-05-04 07:53:12'),
(1434, 7, '25.00', 1, 0, '2016-05-04 07:53:16'),
(1435, 7, '25.00', 1, 0, '2016-05-04 07:53:20'),
(1436, 7, '25.00', 1, 0, '2016-05-04 07:53:23'),
(1437, 7, '25.00', 1, 1, '2016-05-04 07:53:24'),
(1438, 7, '25.00', 1, 0, '2016-05-04 07:53:28'),
(1439, 7, '25.00', 1, 1, '2016-05-04 07:53:28'),
(1440, 7, '25.00', 1, 0, '2016-05-04 07:53:32'),
(1441, 7, '25.00', 1, 0, '2016-05-04 07:53:36'),
(1442, 7, '25.00', 1, 1, '2016-05-04 07:53:36'),
(1443, 7, '25.00', 1, 0, '2016-05-04 07:53:40'),
(1444, 7, '25.00', 1, 1, '2016-05-04 07:53:41'),
(1445, 7, '25.00', 1, 0, '2016-05-04 07:53:45'),
(1446, 7, '25.00', 1, 0, '2016-05-04 07:53:48'),
(1447, 7, '25.00', 1, 1, '2016-05-04 07:53:49'),
(1448, 7, '25.00', 1, 0, '2016-05-04 07:53:53'),
(1449, 7, '25.00', 1, 1, '2016-05-04 07:53:53'),
(1450, 7, '25.00', 1, 0, '2016-05-04 07:53:57'),
(1451, 7, '25.00', 1, 0, '2016-05-04 07:54:01'),
(1452, 7, '25.00', 1, 0, '2016-05-04 07:54:05'),
(1453, 7, '25.00', 1, 1, '2016-05-04 07:54:06'),
(1454, 7, '25.00', 1, 0, '2016-05-04 07:54:09'),
(1455, 7, '25.00', 1, 0, '2016-05-04 07:54:13'),
(1456, 7, '25.00', 1, 0, '2016-05-04 07:54:20'),
(1457, 7, '25.00', 1, 0, '2016-05-04 07:54:29'),
(1458, 7, '25.00', 1, 0, '2016-05-04 07:54:33'),
(1459, 7, '25.00', 1, 0, '2016-05-04 07:54:37'),
(1460, 7, '25.00', 1, 1, '2016-05-04 07:54:37'),
(1461, 7, '25.00', 1, 0, '2016-05-04 07:54:41'),
(1462, 7, '25.00', 1, 0, '2016-05-04 07:54:45'),
(1463, 7, '25.00', 1, 0, '2016-05-04 07:54:49'),
(1464, 7, '25.00', 1, 0, '2016-05-04 07:54:55'),
(1465, 7, '25.00', 1, 1, '2016-05-04 07:54:59'),
(1466, 7, '25.00', 1, 0, '2016-05-04 07:55:03'),
(1467, 7, '25.00', 1, 1, '2016-05-04 07:55:03'),
(1468, 7, '25.00', 1, 0, '2016-05-04 07:55:07'),
(1469, 7, '25.00', 1, 1, '2016-05-04 07:55:08'),
(1470, 7, '25.00', 1, 0, '2016-05-04 07:55:16'),
(1471, 7, '32.00', 1, 1, '2016-05-04 07:55:16'),
(1472, 7, '25.00', 1, 1, '2016-05-04 07:55:16'),
(1473, 7, '32.00', 1, 0, '2016-05-04 07:55:16'),
(1474, 7, '25.00', 1, 0, '2016-05-04 07:55:20'),
(1475, 7, '25.00', 1, 1, '2016-05-04 07:55:20'),
(1476, 7, '25.00', 1, 0, '2016-05-04 07:55:24'),
(1477, 7, '25.00', 1, 1, '2016-05-04 07:55:25'),
(1478, 7, '25.00', 1, 0, '2016-05-04 07:55:28'),
(1479, 7, '25.00', 1, 0, '2016-05-04 07:55:32'),
(1480, 7, '25.00', 1, 1, '2016-05-04 07:55:33'),
(1481, 7, '25.00', 1, 0, '2016-05-04 07:55:36'),
(1482, 7, '25.00', 1, 1, '2016-05-04 07:55:37'),
(1483, 7, '25.00', 1, 0, '2016-05-04 07:55:41'),
(1484, 7, '25.00', 1, 1, '2016-05-04 07:55:41'),
(1485, 7, '25.00', 1, 0, '2016-05-04 07:55:45'),
(1486, 7, '25.00', 1, 0, '2016-05-04 07:55:49'),
(1487, 7, '25.00', 1, 1, '2016-05-04 07:55:49'),
(1488, 7, '25.00', 1, 0, '2016-05-04 07:55:53'),
(1489, 7, '25.00', 1, 0, '2016-05-04 07:55:57'),
(1490, 7, '25.00', 1, 1, '2016-05-04 07:55:58'),
(1491, 7, '25.00', 1, 0, '2016-05-04 07:56:01'),
(1492, 7, '25.00', 1, 1, '2016-05-04 07:56:02'),
(1493, 7, '25.00', 1, 0, '2016-05-04 07:56:06'),
(1494, 7, '25.00', 1, 0, '2016-05-04 07:56:10'),
(1495, 7, '25.00', 1, 1, '2016-05-04 07:56:10'),
(1496, 7, '25.00', 1, 0, '2016-05-04 07:56:14'),
(1497, 7, '25.00', 1, 0, '2016-05-04 07:56:18'),
(1498, 7, '25.00', 1, 0, '2016-05-04 07:56:22'),
(1499, 7, '25.00', 1, 1, '2016-05-04 07:56:22'),
(1500, 7, '25.00', 1, 0, '2016-05-04 07:56:26'),
(1501, 7, '25.00', 1, 1, '2016-05-04 07:56:28'),
(1502, 7, '25.00', 1, 0, '2016-05-04 07:56:35'),
(1503, 7, '25.00', 1, 0, '2016-05-04 07:56:39'),
(1504, 7, '25.00', 1, 1, '2016-05-04 07:56:40'),
(1505, 7, '25.00', 1, 0, '2016-05-04 07:56:44'),
(1506, 7, '25.00', 1, 1, '2016-05-04 07:56:44'),
(1507, 7, '25.00', 1, 0, '2016-05-04 07:56:48'),
(1508, 7, '25.00', 1, 0, '2016-05-04 07:56:52'),
(1509, 7, '25.00', 1, 1, '2016-05-04 07:56:52'),
(1510, 7, '25.00', 1, 0, '2016-05-04 07:56:56'),
(1511, 7, '25.00', 1, 1, '2016-05-04 07:56:57'),
(1512, 7, '25.00', 1, 0, '2016-05-04 07:57:00'),
(1513, 7, '25.00', 1, 0, '2016-05-04 07:57:04'),
(1514, 7, '25.00', 1, 0, '2016-05-04 07:57:08'),
(1515, 7, '25.00', 1, 0, '2016-05-04 07:57:12'),
(1516, 7, '25.00', 1, 1, '2016-05-04 07:57:12'),
(1517, 7, '25.00', 1, 0, '2016-05-04 07:57:16'),
(1518, 7, '25.00', 1, 0, '2016-05-04 07:57:20'),
(1519, 7, '24.00', 1, 0, '2016-05-04 07:57:24'),
(1520, 7, '25.00', 1, 0, '2016-05-04 07:57:28'),
(1521, 7, '25.00', 1, 1, '2016-05-04 07:57:28'),
(1522, 7, '24.00', 1, 0, '2016-05-04 07:57:32'),
(1523, 7, '24.00', 1, 0, '2016-05-04 07:57:36'),
(1524, 7, '24.00', 1, 0, '2016-05-04 07:57:40'),
(1525, 7, '24.00', 1, 0, '2016-05-04 07:57:44'),
(1526, 7, '24.00', 1, 0, '2016-05-04 07:57:47'),
(1527, 7, '24.00', 1, 1, '2016-05-04 07:57:48'),
(1528, 7, '24.00', 1, 0, '2016-05-04 07:57:52'),
(1529, 7, '24.00', 1, 1, '2016-05-04 07:57:52'),
(1530, 7, '24.00', 1, 0, '2016-05-04 07:57:56'),
(1531, 7, '24.00', 1, 1, '2016-05-04 07:57:57'),
(1532, 7, '24.00', 1, 0, '2016-05-04 07:58:00'),
(1533, 7, '24.00', 1, 1, '2016-05-04 07:58:01'),
(1534, 7, '24.00', 1, 0, '2016-05-04 07:58:05'),
(1535, 7, '24.00', 1, 0, '2016-05-04 07:58:12'),
(1536, 7, '24.00', 1, 0, '2016-05-04 07:58:16'),
(1537, 7, '24.00', 1, 0, '2016-05-04 07:58:19'),
(1538, 7, '24.00', 1, 0, '2016-05-04 07:58:23'),
(1539, 7, '24.00', 1, 0, '2016-05-04 07:58:27'),
(1540, 7, '24.00', 1, 1, '2016-05-04 07:58:28'),
(1541, 7, '24.00', 1, 0, '2016-05-04 07:58:32'),
(1542, 7, '24.00', 1, 0, '2016-05-04 07:58:36'),
(1543, 7, '24.00', 1, 0, '2016-05-04 07:58:39'),
(1544, 7, '24.00', 1, 1, '2016-05-04 07:58:40'),
(1545, 7, '24.00', 1, 0, '2016-05-04 07:58:44'),
(1546, 7, '24.00', 1, 0, '2016-05-04 07:58:51'),
(1547, 7, '24.00', 1, 0, '2016-05-04 07:58:54'),
(1548, 7, '24.00', 1, 1, '2016-05-04 07:58:55'),
(1549, 7, '24.00', 1, 0, '2016-05-04 07:58:59'),
(1550, 7, '24.00', 1, 0, '2016-05-04 07:59:02'),
(1551, 7, '24.00', 1, 1, '2016-05-04 07:59:03'),
(1552, 7, '24.00', 1, 0, '2016-05-04 07:59:07'),
(1553, 7, '24.00', 1, 0, '2016-05-04 07:59:13'),
(1554, 7, '24.00', 1, 1, '2016-05-04 07:59:14'),
(1555, 7, '24.00', 1, 0, '2016-05-04 07:59:18'),
(1556, 7, '24.00', 1, 0, '2016-05-04 07:59:22'),
(1557, 7, '24.00', 1, 0, '2016-05-04 07:59:26'),
(1558, 7, '24.00', 1, 0, '2016-05-04 07:59:29'),
(1559, 7, '24.00', 1, 0, '2016-05-04 07:59:33'),
(1560, 7, '24.00', 1, 0, '2016-05-04 07:59:37'),
(1561, 7, '24.00', 1, 1, '2016-05-04 07:59:38'),
(1562, 7, '24.00', 1, 0, '2016-05-04 07:59:42'),
(1563, 7, '24.00', 1, 0, '2016-05-04 07:59:46'),
(1564, 7, '24.00', 1, 0, '2016-05-04 07:59:49'),
(1565, 7, '24.00', 1, 0, '2016-05-04 07:59:56'),
(1566, 7, '24.00', 1, 0, '2016-05-04 08:00:03'),
(1567, 7, '24.00', 1, 0, '2016-05-04 08:00:07'),
(1568, 7, '24.00', 1, 0, '2016-05-04 08:00:10'),
(1569, 7, '24.00', 1, 1, '2016-05-04 08:00:14'),
(1570, 7, '24.00', 1, 0, '2016-05-04 08:00:21'),
(1571, 7, '24.00', 1, 0, '2016-05-04 08:00:27'),
(1572, 7, '24.00', 1, 0, '2016-05-04 08:00:31'),
(1573, 7, '24.00', 1, 1, '2016-05-04 08:00:32'),
(1574, 7, '24.00', 1, 0, '2016-05-04 08:00:36'),
(1575, 7, '24.00', 1, 0, '2016-05-04 08:00:39'),
(1576, 7, '24.00', 1, 0, '2016-05-04 08:00:43'),
(1577, 7, '24.00', 1, 0, '2016-05-04 08:00:50'),
(1578, 7, '24.00', 1, 0, '2016-05-04 08:00:54'),
(1579, 7, '24.00', 1, 1, '2016-05-04 08:00:57'),
(1580, 7, '24.00', 1, 0, '2016-05-04 08:01:01'),
(1581, 7, '24.00', 1, 1, '2016-05-04 08:01:02'),
(1582, 7, '24.00', 1, 0, '2016-05-04 08:01:06'),
(1583, 7, '24.00', 1, 0, '2016-05-04 08:01:09'),
(1584, 7, '24.00', 1, 0, '2016-05-04 08:01:13'),
(1585, 7, '24.00', 1, 0, '2016-05-04 08:01:17'),
(1586, 7, '24.00', 1, 1, '2016-05-04 08:01:18'),
(1587, 7, '24.00', 1, 0, '2016-05-04 08:01:21'),
(1588, 7, '24.00', 1, 0, '2016-05-04 08:01:25'),
(1589, 7, '24.00', 1, 0, '2016-05-04 08:01:32'),
(1590, 7, '24.00', 1, 0, '2016-05-04 08:01:36'),
(1591, 7, '24.00', 1, 0, '2016-05-04 08:01:39'),
(1592, 7, '24.00', 1, 1, '2016-05-04 08:01:40'),
(1593, 7, '24.00', 1, 0, '2016-05-04 08:01:49'),
(1594, 7, '24.00', 1, 0, '2016-05-04 08:01:53'),
(1595, 7, '24.00', 1, 0, '2016-05-04 08:01:57'),
(1596, 7, '24.00', 1, 0, '2016-05-04 08:02:01'),
(1597, 7, '24.00', 1, 0, '2016-05-04 08:02:05'),
(1598, 7, '24.00', 1, 0, '2016-05-04 08:02:09'),
(1599, 7, '24.00', 1, 0, '2016-05-04 08:02:13'),
(1600, 7, '24.00', 1, 0, '2016-05-04 08:02:16'),
(1601, 7, '24.00', 1, 0, '2016-05-04 08:02:20'),
(1602, 7, '24.00', 1, 0, '2016-05-04 08:02:24'),
(1603, 7, '24.00', 1, 0, '2016-05-04 08:02:28'),
(1604, 7, '24.00', 1, 0, '2016-05-04 08:02:35'),
(1605, 7, '24.00', 1, 1, '2016-05-04 08:02:38'),
(1606, 7, '24.00', 1, 0, '2016-05-04 08:02:42'),
(1607, 7, '24.00', 1, 1, '2016-05-04 08:02:43'),
(1608, 7, '24.00', 1, 0, '2016-05-04 08:02:46'),
(1609, 7, '24.00', 1, 1, '2016-05-04 08:02:47'),
(1610, 7, '24.00', 1, 0, '2016-05-04 08:02:51'),
(1611, 7, '24.00', 1, 0, '2016-05-04 08:02:54'),
(1612, 7, '24.00', 1, 0, '2016-05-04 08:03:01'),
(1613, 7, '24.00', 1, 0, '2016-05-04 08:03:05'),
(1614, 7, '24.00', 1, 0, '2016-05-04 08:03:09'),
(1615, 7, '24.00', 1, 0, '2016-05-04 08:03:13'),
(1616, 7, '24.00', 1, 0, '2016-05-04 08:03:16'),
(1617, 7, '24.00', 1, 0, '2016-05-04 08:03:20'),
(1618, 7, '24.00', 1, 1, '2016-05-04 08:03:21'),
(1619, 7, '24.00', 1, 0, '2016-05-04 08:03:25'),
(1620, 7, '24.00', 1, 0, '2016-05-04 08:03:28'),
(1621, 7, '24.00', 1, 1, '2016-05-04 08:03:29'),
(1622, 7, '24.00', 1, 0, '2016-05-04 08:03:33'),
(1623, 7, '24.00', 1, 1, '2016-05-04 08:03:34'),
(1624, 7, '24.00', 1, 0, '2016-05-04 08:03:37'),
(1625, 7, '24.00', 1, 0, '2016-05-04 08:03:41'),
(1626, 7, '24.00', 1, 0, '2016-05-04 08:03:45'),
(1627, 7, '24.00', 1, 0, '2016-05-04 08:03:49'),
(1628, 7, '24.00', 1, 0, '2016-05-04 08:03:52'),
(1629, 7, '24.00', 1, 1, '2016-05-04 08:03:53'),
(1630, 7, '24.00', 1, 0, '2016-05-04 08:04:00'),
(1631, 7, '24.00', 1, 0, '2016-05-04 08:04:03'),
(1632, 7, '24.00', 1, 1, '2016-05-04 08:04:04'),
(1633, 7, '24.00', 1, 1, '2016-05-04 08:04:08'),
(1634, 7, '24.00', 1, 0, '2016-05-04 08:04:12'),
(1635, 7, '24.00', 1, 0, '2016-05-04 08:04:15'),
(1636, 7, '24.00', 1, 1, '2016-05-04 08:04:16'),
(1637, 7, '24.00', 1, 0, '2016-05-04 08:04:20'),
(1638, 7, '24.00', 1, 0, '2016-05-04 08:04:24'),
(1639, 7, '24.00', 1, 0, '2016-05-04 08:04:30'),
(1640, 7, '24.00', 1, 1, '2016-05-04 08:04:31'),
(1641, 7, '24.00', 1, 0, '2016-05-04 08:04:35'),
(1642, 7, '24.00', 1, 0, '2016-05-04 08:04:38'),
(1643, 7, '24.00', 1, 0, '2016-05-04 08:04:54'),
(1644, 7, '24.00', 1, 0, '2016-05-04 08:04:58'),
(1645, 7, '24.00', 1, 0, '2016-05-04 08:05:02'),
(1646, 7, '24.00', 1, 0, '2016-05-04 08:05:06'),
(1647, 7, '24.00', 1, 0, '2016-05-04 08:05:10'),
(1648, 7, '25.00', 1, 0, '2016-05-04 08:05:14'),
(1649, 7, '25.00', 1, 1, '2016-05-04 08:05:14'),
(1650, 7, '24.00', 1, 0, '2016-05-04 08:05:19'),
(1651, 7, '24.00', 1, 0, '2016-05-04 08:05:22'),
(1652, 7, '24.00', 1, 0, '2016-05-04 08:05:26'),
(1653, 7, '24.00', 1, 0, '2016-05-04 08:05:30'),
(1654, 7, '25.00', 1, 0, '2016-05-04 08:05:34'),
(1655, 7, '25.00', 1, 1, '2016-05-04 08:05:35'),
(1656, 7, '24.00', 1, 0, '2016-05-04 08:05:39'),
(1657, 7, '25.00', 1, 0, '2016-05-04 08:05:43'),
(1658, 7, '24.00', 1, 0, '2016-05-04 08:05:46'),
(1659, 7, '24.00', 1, 1, '2016-05-04 08:05:47'),
(1660, 7, '25.00', 1, 0, '2016-05-04 08:05:51'),
(1661, 7, '25.00', 1, 1, '2016-05-04 08:05:52'),
(1662, 7, '25.00', 1, 0, '2016-05-04 08:05:56'),
(1663, 7, '25.00', 1, 0, '2016-05-04 08:05:59'),
(1664, 7, '25.00', 1, 1, '2016-05-04 08:06:00'),
(1665, 7, '25.00', 1, 0, '2016-05-04 08:06:04'),
(1666, 7, '25.00', 1, 1, '2016-05-04 08:06:05'),
(1667, 7, '25.00', 1, 0, '2016-05-04 08:06:08'),
(1668, 7, '25.00', 1, 1, '2016-05-04 08:06:09'),
(1669, 7, '25.00', 1, 0, '2016-05-04 08:06:13'),
(1670, 7, '25.00', 1, 0, '2016-05-04 08:06:17'),
(1671, 7, '25.00', 1, 0, '2016-05-04 08:06:21'),
(1672, 7, '25.00', 1, 0, '2016-05-04 08:06:25'),
(1673, 7, '25.00', 1, 1, '2016-05-04 08:06:26'),
(1674, 7, '25.00', 1, 0, '2016-05-04 08:06:29'),
(1675, 7, '25.00', 1, 0, '2016-05-04 08:06:34'),
(1676, 7, '25.00', 1, 0, '2016-05-04 08:06:37'),
(1677, 7, '25.00', 1, 1, '2016-05-04 08:06:38'),
(1678, 7, '25.00', 1, 0, '2016-05-04 08:06:42'),
(1679, 7, '25.00', 1, 0, '2016-05-04 08:06:46'),
(1680, 7, '25.00', 1, 1, '2016-05-04 08:06:47'),
(1681, 7, '25.00', 1, 0, '2016-05-04 08:06:50'),
(1682, 7, '25.00', 1, 1, '2016-05-04 08:06:51'),
(1683, 7, '25.00', 1, 0, '2016-05-04 08:06:55'),
(1684, 7, '25.00', 1, 1, '2016-05-04 08:06:56'),
(1685, 7, '25.00', 1, 0, '2016-05-04 08:07:00'),
(1686, 7, '25.00', 1, 0, '2016-05-04 08:07:03'),
(1687, 7, '25.00', 1, 1, '2016-05-04 08:07:04'),
(1688, 7, '25.00', 1, 0, '2016-05-04 08:07:08'),
(1689, 7, '25.00', 1, 0, '2016-05-04 08:07:12'),
(1690, 7, '25.00', 1, 1, '2016-05-04 08:07:13'),
(1691, 7, '25.00', 1, 0, '2016-05-04 08:07:17'),
(1692, 7, '25.00', 1, 0, '2016-05-04 08:07:21'),
(1693, 7, '25.00', 1, 0, '2016-05-04 08:07:24'),
(1694, 7, '25.00', 1, 1, '2016-05-04 08:07:25'),
(1695, 7, '25.00', 1, 0, '2016-05-04 08:07:29'),
(1696, 7, '25.00', 1, 1, '2016-05-04 08:07:30'),
(1697, 7, '25.00', 1, 0, '2016-05-04 08:07:34'),
(1698, 7, '25.00', 1, 0, '2016-05-04 08:07:37'),
(1699, 7, '25.00', 1, 1, '2016-05-04 08:07:38'),
(1700, 7, '25.00', 1, 0, '2016-05-04 08:07:42'),
(1701, 7, '25.00', 1, 1, '2016-05-04 08:07:43'),
(1702, 7, '25.00', 1, 0, '2016-05-04 08:07:47'),
(1703, 7, '25.00', 1, 0, '2016-05-04 08:07:51'),
(1704, 7, '31.00', 1, 0, '2016-05-04 08:07:55'),
(1705, 7, '31.00', 1, 1, '2016-05-04 08:07:56'),
(1706, 7, '25.00', 1, 0, '2016-05-04 08:08:00'),
(1707, 7, '25.00', 1, 0, '2016-05-04 08:08:03'),
(1708, 7, '25.00', 1, 0, '2016-05-04 08:08:07'),
(1709, 7, '25.00', 1, 0, '2016-05-04 08:08:11'),
(1710, 7, '25.00', 1, 1, '2016-05-04 08:08:12'),
(1711, 7, '25.00', 1, 0, '2016-05-04 08:08:16'),
(1712, 7, '25.00', 1, 1, '2016-05-04 08:08:20'),
(1713, 7, '25.00', 1, 0, '2016-05-04 08:08:23'),
(1714, 7, '25.00', 1, 1, '2016-05-04 08:08:24'),
(1715, 7, '25.00', 1, 0, '2016-05-04 08:08:28'),
(1716, 7, '25.00', 1, 1, '2016-05-04 08:08:29'),
(1717, 7, '25.00', 1, 0, '2016-05-04 08:08:32'),
(1718, 7, '25.00', 1, 0, '2016-05-04 08:08:36'),
(1719, 7, '25.00', 1, 0, '2016-05-04 08:08:41'),
(1720, 7, '25.00', 1, 0, '2016-05-04 08:08:44'),
(1721, 7, '25.00', 1, 1, '2016-05-04 08:08:45'),
(1722, 7, '25.00', 1, 0, '2016-05-04 08:08:49'),
(1723, 7, '25.00', 1, 0, '2016-05-04 08:08:53'),
(1724, 7, '25.00', 1, 0, '2016-05-04 08:08:57'),
(1725, 7, '25.00', 1, 0, '2016-05-04 08:09:01'),
(1726, 7, '25.00', 1, 1, '2016-05-04 08:09:02'),
(1727, 7, '25.00', 1, 0, '2016-05-04 08:09:05'),
(1728, 7, '25.00', 1, 1, '2016-05-04 08:09:06'),
(1729, 7, '25.00', 1, 0, '2016-05-04 08:09:10'),
(1730, 7, '25.00', 1, 1, '2016-05-04 08:09:10'),
(1731, 7, '25.00', 1, 0, '2016-05-04 08:09:14'),
(1732, 7, '25.00', 1, 0, '2016-05-04 08:09:18'),
(1733, 7, '25.00', 1, 1, '2016-05-04 08:09:19'),
(1734, 7, '25.00', 1, 0, '2016-05-04 08:09:23'),
(1735, 7, '25.00', 1, 0, '2016-05-04 08:09:27'),
(1736, 7, '25.00', 1, 1, '2016-05-04 08:09:27'),
(1737, 7, '25.00', 1, 0, '2016-05-04 08:09:31'),
(1738, 7, '25.00', 1, 0, '2016-05-04 08:09:35'),
(1739, 7, '25.00', 1, 0, '2016-05-04 08:09:39'),
(1740, 7, '25.00', 1, 1, '2016-05-04 08:09:40'),
(1741, 7, '25.00', 1, 0, '2016-05-04 08:09:44'),
(1742, 7, '25.00', 1, 0, '2016-05-04 08:09:48'),
(1743, 7, '25.00', 1, 0, '2016-05-04 08:09:52'),
(1744, 7, '25.00', 1, 1, '2016-05-04 08:09:53'),
(1745, 7, '25.00', 1, 0, '2016-05-04 08:09:59'),
(1746, 7, '25.00', 1, 1, '2016-05-04 08:10:00'),
(1747, 7, '25.00', 1, 0, '2016-05-04 08:10:05'),
(1748, 7, '25.00', 1, 0, '2016-05-04 08:10:07'),
(1749, 7, '25.00', 1, 1, '2016-05-04 08:10:08'),
(1750, 7, '25.00', 1, 0, '2016-05-04 08:10:12'),
(1751, 7, '25.00', 1, 1, '2016-05-04 08:10:13'),
(1752, 7, '25.00', 1, 0, '2016-05-04 08:10:17'),
(1753, 7, '25.00', 1, 1, '2016-05-04 08:10:21'),
(1754, 7, '25.00', 1, 0, '2016-05-04 08:10:24'),
(1755, 7, '25.00', 1, 0, '2016-05-04 08:10:28'),
(1756, 7, '25.00', 1, 0, '2016-05-04 08:10:32'),
(1757, 7, '25.00', 1, 0, '2016-05-04 08:10:36'),
(1758, 7, '25.00', 1, 0, '2016-05-04 08:10:40'),
(1759, 7, '25.00', 1, 0, '2016-05-04 08:10:44'),
(1760, 7, '25.00', 1, 1, '2016-05-04 08:10:45'),
(1761, 7, '25.00', 1, 0, '2016-05-04 08:10:49'),
(1762, 7, '25.00', 1, 0, '2016-05-04 08:10:53'),
(1763, 7, '25.00', 1, 0, '2016-05-04 08:10:57'),
(1764, 7, '25.00', 1, 1, '2016-05-04 08:10:57'),
(1765, 7, '25.00', 1, 0, '2016-05-04 08:11:01'),
(1766, 7, '25.00', 1, 0, '2016-05-04 08:11:05'),
(1767, 7, '25.00', 1, 1, '2016-05-04 08:11:06'),
(1768, 7, '25.00', 1, 0, '2016-05-04 08:11:10'),
(1769, 7, '25.00', 1, 0, '2016-05-04 08:11:13'),
(1770, 7, '25.00', 1, 1, '2016-05-04 08:11:15'),
(1771, 7, '25.00', 1, 0, '2016-05-04 08:11:18'),
(1772, 7, '25.00', 1, 1, '2016-05-04 08:11:19'),
(1773, 7, '25.00', 1, 0, '2016-05-04 08:11:22'),
(1774, 7, '25.00', 1, 1, '2016-05-04 08:11:23'),
(1775, 7, '25.00', 1, 0, '2016-05-04 08:11:27'),
(1776, 7, '25.00', 1, 1, '2016-05-04 08:11:28'),
(1777, 7, '25.00', 1, 0, '2016-05-04 08:11:32'),
(1778, 7, '25.00', 1, 0, '2016-05-04 08:11:36'),
(1779, 7, '25.00', 1, 0, '2016-05-04 08:11:40'),
(1780, 7, '25.00', 1, 0, '2016-05-04 08:11:43'),
(1781, 7, '25.00', 1, 0, '2016-05-04 08:11:48'),
(1782, 7, '25.00', 1, 0, '2016-05-04 08:11:51'),
(1783, 7, '25.00', 1, 0, '2016-05-04 08:11:55'),
(1784, 7, '25.00', 1, 0, '2016-05-04 08:11:59'),
(1785, 7, '25.00', 1, 1, '2016-05-04 08:12:00'),
(1786, 7, '25.00', 1, 0, '2016-05-04 08:12:04'),
(1787, 7, '25.00', 1, 0, '2016-05-04 08:12:08'),
(1788, 7, '25.00', 1, 0, '2016-05-04 08:12:11'),
(1789, 7, '25.00', 1, 1, '2016-05-04 08:12:12'),
(1790, 7, '25.00', 1, 0, '2016-05-04 08:12:16'),
(1791, 7, '25.00', 1, 0, '2016-05-04 08:12:20'),
(1792, 7, '25.00', 1, 0, '2016-05-04 08:12:24'),
(1793, 7, '25.00', 1, 0, '2016-05-04 08:12:28'),
(1794, 7, '25.00', 1, 0, '2016-05-04 08:12:31'),
(1795, 7, '25.00', 1, 1, '2016-05-04 08:12:32'),
(1796, 7, '25.00', 1, 0, '2016-05-04 08:12:36'),
(1797, 7, '25.00', 1, 0, '2016-05-04 08:12:40'),
(1798, 7, '25.00', 1, 1, '2016-05-04 08:12:41'),
(1799, 7, '25.00', 1, 0, '2016-05-04 08:12:44'),
(1800, 7, '25.00', 1, 1, '2016-05-04 08:12:45'),
(1801, 7, '25.00', 1, 0, '2016-05-04 08:12:49'),
(1802, 7, '25.00', 1, 0, '2016-05-04 08:12:53'),
(1803, 7, '25.00', 1, 0, '2016-05-04 08:12:57'),
(1804, 7, '25.00', 1, 1, '2016-05-04 08:12:58'),
(1805, 7, '25.00', 1, 0, '2016-05-04 08:13:01'),
(1806, 7, '25.00', 1, 1, '2016-05-04 08:13:02'),
(1807, 7, '25.00', 1, 0, '2016-05-04 08:13:06'),
(1808, 7, '25.00', 1, 0, '2016-05-04 08:13:10'),
(1809, 7, '25.00', 1, 0, '2016-05-04 08:13:17'),
(1810, 7, '25.00', 1, 1, '2016-05-04 08:13:18'),
(1811, 7, '25.00', 1, 0, '2016-05-04 08:13:21'),
(1812, 7, '25.00', 1, 1, '2016-05-04 08:13:22'),
(1813, 7, '25.00', 1, 0, '2016-05-04 08:13:26'),
(1814, 7, '25.00', 1, 1, '2016-05-04 08:13:27'),
(1815, 7, '25.00', 1, 0, '2016-05-04 08:13:31'),
(1816, 7, '25.00', 1, 0, '2016-05-04 08:13:35'),
(1817, 7, '25.00', 1, 0, '2016-05-04 08:13:38'),
(1818, 7, '25.00', 1, 1, '2016-05-04 08:13:39'),
(1819, 7, '25.00', 1, 0, '2016-05-04 08:13:43'),
(1820, 7, '25.00', 1, 0, '2016-05-04 08:13:47'),
(1821, 7, '25.00', 1, 0, '2016-05-04 08:13:51'),
(1822, 7, '25.00', 1, 1, '2016-05-04 08:13:52'),
(1823, 7, '25.00', 1, 0, '2016-05-04 08:13:55'),
(1824, 7, '25.00', 1, 0, '2016-05-04 08:13:59'),
(1825, 7, '25.00', 1, 0, '2016-05-04 08:14:03'),
(1826, 7, '25.00', 1, 1, '2016-05-04 08:14:04'),
(1827, 7, '25.00', 1, 0, '2016-05-04 08:14:08'),
(1828, 7, '25.00', 1, 1, '2016-05-04 08:14:09'),
(1829, 7, '25.00', 1, 0, '2016-05-04 08:14:12'),
(1830, 7, '25.00', 1, 1, '2016-05-04 08:14:13'),
(1831, 7, '26.00', 1, 0, '2016-05-04 08:14:17'),
(1832, 7, '26.00', 1, 1, '2016-05-04 08:14:18'),
(1833, 7, '25.00', 1, 0, '2016-05-04 08:14:22'),
(1834, 7, '25.00', 1, 0, '2016-05-04 08:14:25'),
(1835, 7, '25.00', 1, 0, '2016-05-04 08:14:32'),
(1836, 7, '25.00', 1, 0, '2016-05-04 08:14:36'),
(1837, 7, '25.00', 1, 0, '2016-05-04 08:14:40'),
(1838, 7, '25.00', 1, 1, '2016-05-04 08:14:41'),
(1839, 7, '25.00', 1, 0, '2016-05-04 08:14:45'),
(1840, 7, '25.00', 1, 1, '2016-05-04 08:14:46'),
(1841, 7, '25.00', 1, 0, '2016-05-04 08:14:49'),
(1842, 7, '25.00', 1, 0, '2016-05-04 08:14:53'),
(1843, 7, '25.00', 1, 1, '2016-05-04 08:14:54'),
(1844, 7, '25.00', 1, 0, '2016-05-04 08:14:58'),
(1845, 7, '25.00', 1, 0, '2016-05-04 08:15:02'),
(1846, 7, '25.00', 1, 0, '2016-05-04 08:15:06'),
(1847, 7, '25.00', 1, 1, '2016-05-04 08:15:06'),
(1848, 7, '25.00', 1, 0, '2016-05-04 08:15:10'),
(1849, 7, '25.00', 1, 1, '2016-05-04 08:15:11'),
(1850, 7, '25.00', 1, 0, '2016-05-04 08:15:15'),
(1851, 7, '25.00', 1, 0, '2016-05-04 08:15:19'),
(1852, 7, '25.00', 1, 1, '2016-05-04 08:15:20'),
(1853, 7, '25.00', 1, 0, '2016-05-04 08:15:26'),
(1854, 7, '25.00', 1, 1, '2016-05-04 08:15:27'),
(1855, 7, '25.00', 1, 0, '2016-05-04 08:15:31'),
(1856, 7, '25.00', 1, 0, '2016-05-04 08:15:38'),
(1857, 7, '25.00', 1, 0, '2016-05-04 08:15:42'),
(1858, 7, '25.00', 1, 0, '2016-05-04 08:15:46'),
(1859, 7, '25.00', 1, 0, '2016-05-04 08:15:50'),
(1860, 7, '25.00', 1, 0, '2016-05-04 08:15:54'),
(1861, 7, '25.00', 1, 0, '2016-05-04 08:15:59'),
(1862, 7, '25.00', 1, 0, '2016-05-04 08:16:02'),
(1863, 7, '25.00', 1, 0, '2016-05-04 08:16:06'),
(1864, 7, '25.00', 1, 1, '2016-05-04 08:16:06'),
(1865, 7, '25.00', 1, 0, '2016-05-04 08:16:10'),
(1866, 7, '25.00', 1, 1, '2016-05-04 08:16:11'),
(1867, 7, '25.00', 1, 0, '2016-05-04 08:16:15'),
(1868, 7, '25.00', 1, 1, '2016-05-04 08:16:16'),
(1869, 7, '25.00', 1, 0, '2016-05-04 08:16:19'),
(1870, 7, '25.00', 1, 1, '2016-05-04 08:16:20'),
(1871, 7, '25.00', 1, 0, '2016-05-04 08:16:24'),
(1872, 7, '25.00', 1, 1, '2016-05-04 08:16:24'),
(1873, 7, '25.00', 1, 0, '2016-05-04 08:16:28'),
(1874, 7, '25.00', 1, 1, '2016-05-04 08:16:29'),
(1875, 7, '25.00', 1, 0, '2016-05-04 08:16:33'),
(1876, 7, '25.00', 1, 1, '2016-05-04 08:16:34'),
(1877, 7, '25.00', 1, 0, '2016-05-04 08:16:38'),
(1878, 7, '25.00', 1, 0, '2016-05-04 08:16:41'),
(1879, 7, '25.00', 1, 1, '2016-05-04 08:16:42'),
(1880, 7, '25.00', 1, 0, '2016-05-04 08:16:46'),
(1881, 7, '25.00', 1, 0, '2016-05-04 08:16:50'),
(1882, 7, '25.00', 1, 1, '2016-05-04 08:16:51'),
(1883, 7, '25.00', 1, 0, '2016-05-04 08:16:54'),
(1884, 7, '25.00', 1, 1, '2016-05-04 08:16:55'),
(1885, 7, '25.00', 1, 0, '2016-05-04 08:16:59'),
(1886, 7, '25.00', 1, 0, '2016-05-04 08:17:03'),
(1887, 7, '25.00', 1, 0, '2016-05-04 08:17:07'),
(1888, 7, '25.00', 1, 1, '2016-05-04 08:17:08'),
(1889, 7, '25.00', 1, 0, '2016-05-04 08:17:12'),
(1890, 7, '25.00', 1, 0, '2016-05-04 08:17:19'),
(1891, 7, '25.00', 1, 0, '2016-05-04 08:17:22'),
(1892, 7, '25.00', 1, 0, '2016-05-04 08:17:26'),
(1893, 7, '25.00', 1, 0, '2016-05-04 08:17:30'),
(1894, 7, '25.00', 1, 1, '2016-05-04 08:17:31'),
(1895, 7, '25.00', 1, 0, '2016-05-04 08:17:35'),
(1896, 7, '25.00', 1, 0, '2016-05-04 08:17:39'),
(1897, 7, '25.00', 1, 0, '2016-05-04 08:17:42'),
(1898, 7, '25.00', 1, 1, '2016-05-04 08:17:45'),
(1899, 7, '25.00', 1, 0, '2016-05-04 08:17:47'),
(1900, 7, '25.00', 1, 1, '2016-05-04 08:17:48'),
(1901, 7, '25.00', 1, 0, '2016-05-04 08:17:52'),
(1902, 7, '25.00', 1, 0, '2016-05-04 08:17:55'),
(1903, 7, '25.00', 1, 1, '2016-05-04 08:17:56'),
(1904, 7, '25.00', 1, 0, '2016-05-04 08:18:00'),
(1905, 7, '25.00', 1, 0, '2016-05-04 08:18:04'),
(1906, 7, '25.00', 1, 0, '2016-05-04 08:18:08'),
(1907, 7, '25.00', 1, 0, '2016-05-04 08:18:12'),
(1908, 7, '25.00', 1, 0, '2016-05-04 08:18:16'),
(1909, 7, '25.00', 1, 1, '2016-05-04 08:18:17'),
(1910, 7, '25.00', 1, 0, '2016-05-04 08:18:21'),
(1911, 7, '25.00', 1, 0, '2016-05-04 08:18:25'),
(1912, 7, '25.00', 1, 0, '2016-05-04 08:18:28'),
(1913, 7, '25.00', 1, 1, '2016-05-04 08:18:29'),
(1914, 7, '25.00', 1, 0, '2016-05-04 08:18:33'),
(1915, 7, '25.00', 1, 1, '2016-05-04 08:18:34'),
(1916, 7, '25.00', 1, 0, '2016-05-04 08:18:38'),
(1917, 7, '25.00', 1, 0, '2016-05-04 08:18:42'),
(1918, 7, '25.00', 1, 0, '2016-05-04 08:18:46'),
(1919, 7, '25.00', 1, 0, '2016-05-04 08:18:50'),
(1920, 7, '25.00', 1, 0, '2016-05-04 08:18:54'),
(1921, 7, '25.00', 1, 0, '2016-05-04 08:18:57'),
(1922, 7, '25.00', 1, 0, '2016-05-04 08:19:01'),
(1923, 7, '25.00', 1, 0, '2016-05-04 08:19:05'),
(1924, 7, '25.00', 1, 0, '2016-05-04 08:19:09'),
(1925, 7, '25.00', 1, 0, '2016-05-04 08:19:13'),
(1926, 7, '25.00', 1, 0, '2016-05-04 08:19:17'),
(1927, 7, '25.00', 1, 0, '2016-05-04 08:19:21'),
(1928, 7, '25.00', 1, 0, '2016-05-04 08:19:25'),
(1929, 7, '25.00', 1, 1, '2016-05-04 08:19:26'),
(1930, 7, '25.00', 1, 0, '2016-05-04 08:19:30'),
(1931, 7, '25.00', 1, 1, '2016-05-04 08:19:30'),
(1932, 7, '25.00', 1, 0, '2016-05-04 08:19:34'),
(1933, 7, '25.00', 1, 1, '2016-05-04 08:19:35'),
(1934, 7, '25.00', 1, 0, '2016-05-04 08:19:39'),
(1935, 7, '25.00', 1, 1, '2016-05-04 08:19:39'),
(1936, 7, '25.00', 1, 0, '2016-05-04 08:19:43'),
(1937, 7, '25.00', 1, 1, '2016-05-04 08:19:45'),
(1938, 7, '32.00', 1, 0, '2016-05-04 08:19:48'),
(1939, 7, '32.00', 1, 1, '2016-05-04 08:19:49'),
(1940, 7, '25.00', 1, 0, '2016-05-04 08:19:52'),
(1941, 7, '25.00', 1, 1, '2016-05-04 08:19:53'),
(1942, 7, '25.00', 1, 0, '2016-05-04 08:19:57'),
(1943, 7, '25.00', 1, 1, '2016-05-04 08:19:58'),
(1944, 7, '25.00', 1, 0, '2016-05-04 08:20:02'),
(1945, 7, '25.00', 1, 0, '2016-05-04 08:20:06'),
(1946, 7, '25.00', 1, 0, '2016-05-04 08:20:10'),
(1947, 7, '25.00', 1, 0, '2016-05-04 08:20:13'),
(1948, 7, '25.00', 1, 1, '2016-05-04 08:20:14'),
(1949, 7, '25.00', 1, 0, '2016-05-04 08:20:18'),
(1950, 7, '25.00', 1, 1, '2016-05-04 08:20:19'),
(1951, 7, '25.00', 1, 0, '2016-05-04 08:20:23'),
(1952, 7, '25.00', 1, 0, '2016-05-04 08:20:27'),
(1953, 7, '25.00', 1, 0, '2016-05-04 08:20:31'),
(1954, 7, '25.00', 1, 0, '2016-05-04 08:20:35'),
(1955, 7, '25.00', 1, 0, '2016-05-04 08:20:38'),
(1956, 7, '25.00', 1, 1, '2016-05-04 08:20:39'),
(1957, 7, '25.00', 1, 0, '2016-05-04 08:20:43'),
(1958, 7, '25.00', 1, 0, '2016-05-04 08:20:47'),
(1959, 7, '25.00', 1, 0, '2016-05-04 08:20:51'),
(1960, 7, '25.00', 1, 0, '2016-05-04 08:20:55'),
(1961, 7, '25.00', 1, 0, '2016-05-04 08:20:59'),
(1962, 7, '25.00', 1, 0, '2016-05-04 08:21:03'),
(1963, 7, '25.00', 1, 0, '2016-05-04 08:21:07'),
(1964, 7, '25.00', 1, 0, '2016-05-04 08:21:11'),
(1965, 7, '25.00', 1, 0, '2016-05-04 08:21:15'),
(1966, 7, '25.00', 1, 1, '2016-05-04 08:21:15'),
(1967, 7, '25.00', 1, 0, '2016-05-04 08:21:19'),
(1968, 7, '25.00', 1, 0, '2016-05-04 08:21:23'),
(1969, 7, '25.00', 1, 1, '2016-05-04 08:21:24'),
(1970, 7, '25.00', 1, 0, '2016-05-04 08:21:28'),
(1971, 7, '25.00', 1, 0, '2016-05-04 08:21:32'),
(1972, 7, '25.00', 1, 0, '2016-05-04 08:21:35'),
(1973, 7, '25.00', 1, 1, '2016-05-04 08:21:36'),
(1974, 7, '25.00', 1, 0, '2016-05-04 08:21:40'),
(1975, 7, '25.00', 1, 1, '2016-05-04 08:21:41'),
(1976, 7, '25.00', 1, 0, '2016-05-04 08:21:45'),
(1977, 7, '25.00', 1, 0, '2016-05-04 08:21:51'),
(1978, 7, '25.00', 1, 1, '2016-05-04 08:21:53'),
(1979, 7, '25.00', 1, 0, '2016-05-04 08:21:56'),
(1980, 7, '25.00', 1, 0, '2016-05-04 08:22:00'),
(1981, 7, '25.00', 1, 1, '2016-05-04 08:22:00'),
(1982, 7, '25.00', 1, 0, '2016-05-04 08:22:04'),
(1983, 7, '25.00', 1, 0, '2016-05-04 08:22:08'),
(1984, 7, '25.00', 1, 1, '2016-05-04 08:22:09'),
(1985, 7, '25.00', 1, 0, '2016-05-04 08:22:13'),
(1986, 7, '25.00', 1, 0, '2016-05-04 08:22:16'),
(1987, 7, '25.00', 1, 1, '2016-05-04 08:22:17'),
(1988, 7, '25.00', 1, 0, '2016-05-04 08:22:21'),
(1989, 7, '25.00', 1, 0, '2016-05-04 08:22:25'),
(1990, 7, '25.00', 1, 0, '2016-05-04 08:22:29'),
(1991, 7, '25.00', 1, 0, '2016-05-04 08:22:33'),
(1992, 7, '25.00', 1, 0, '2016-05-04 08:22:37'),
(1993, 7, '25.00', 1, 0, '2016-05-04 08:22:41'),
(1994, 7, '25.00', 1, 0, '2016-05-04 08:22:45'),
(1995, 7, '25.00', 1, 0, '2016-05-04 08:22:48'),
(1996, 7, '25.00', 1, 1, '2016-05-04 08:22:49'),
(1997, 7, '25.00', 1, 0, '2016-05-04 08:22:53'),
(1998, 7, '25.00', 1, 1, '2016-05-04 08:22:54'),
(1999, 7, '25.00', 1, 0, '2016-05-04 08:22:58'),
(2000, 7, '25.00', 1, 1, '2016-05-04 08:22:58'),
(2001, 7, '25.00', 1, 0, '2016-05-04 08:23:03'),
(2002, 7, '25.00', 1, 0, '2016-05-04 08:23:07'),
(2003, 7, '25.00', 1, 0, '2016-05-04 08:23:10'),
(2004, 7, '25.00', 1, 1, '2016-05-04 08:23:11'),
(2005, 7, '25.00', 1, 0, '2016-05-04 08:23:15'),
(2006, 7, '25.00', 1, 0, '2016-05-04 08:23:19'),
(2007, 7, '25.00', 1, 1, '2016-05-04 08:23:20'),
(2008, 7, '25.00', 1, 0, '2016-05-04 08:23:23'),
(2009, 7, '25.00', 1, 1, '2016-05-04 08:23:24'),
(2010, 7, '25.00', 1, 0, '2016-05-04 08:23:28'),
(2011, 7, '25.00', 1, 1, '2016-05-04 08:23:29'),
(2012, 7, '25.00', 1, 0, '2016-05-04 08:23:33'),
(2013, 7, '25.00', 1, 0, '2016-05-04 08:23:38'),
(2014, 7, '25.00', 1, 0, '2016-05-04 08:23:40'),
(2015, 7, '25.00', 1, 1, '2016-05-04 08:23:41'),
(2016, 7, '25.00', 1, 0, '2016-05-04 08:23:45'),
(2017, 7, '25.00', 1, 1, '2016-05-04 08:23:46'),
(2018, 7, '25.00', 1, 0, '2016-05-04 08:23:50'),
(2019, 7, '25.00', 1, 0, '2016-05-04 08:23:53'),
(2020, 7, '25.00', 1, 1, '2016-05-04 08:23:54'),
(2021, 7, '25.00', 1, 0, '2016-05-04 08:23:58'),
(2022, 7, '25.00', 1, 0, '2016-05-04 08:24:02'),
(2023, 7, '25.00', 1, 0, '2016-05-04 08:24:06'),
(2024, 7, '25.00', 1, 0, '2016-05-04 08:24:10'),
(2025, 7, '25.00', 1, 0, '2016-05-04 08:24:14'),
(2026, 7, '25.00', 1, 0, '2016-05-04 08:24:20'),
(2027, 7, '25.00', 1, 1, '2016-05-04 08:24:21'),
(2028, 7, '25.00', 1, 0, '2016-05-04 08:24:25'),
(2029, 7, '25.00', 1, 0, '2016-05-04 08:24:29'),
(2030, 7, '25.00', 1, 0, '2016-05-04 08:24:33'),
(2031, 7, '25.00', 1, 0, '2016-05-04 08:24:37'),
(2032, 7, '25.00', 1, 0, '2016-05-04 08:24:41'),
(2033, 7, '25.00', 1, 0, '2016-05-04 08:24:45'),
(2034, 7, '25.00', 1, 1, '2016-05-04 08:24:46'),
(2035, 7, '25.00', 1, 0, '2016-05-04 08:24:50'),
(2036, 7, '25.00', 1, 0, '2016-05-04 08:24:53'),
(2037, 7, '25.00', 1, 1, '2016-05-04 08:24:54'),
(2038, 7, '25.00', 1, 0, '2016-05-04 08:24:58'),
(2039, 7, '25.00', 1, 1, '2016-05-04 08:24:59'),
(2040, 7, '25.00', 1, 0, '2016-05-04 08:25:03'),
(2041, 7, '25.00', 1, 0, '2016-05-04 08:25:07'),
(2042, 7, '25.00', 1, 0, '2016-05-04 08:25:11'),
(2043, 7, '25.00', 1, 0, '2016-05-04 08:25:14'),
(2044, 7, '25.00', 1, 1, '2016-05-04 08:25:15'),
(2045, 7, '25.00', 1, 0, '2016-05-04 08:25:19'),
(2046, 7, '25.00', 1, 0, '2016-05-04 08:25:25'),
(2047, 7, '25.00', 1, 0, '2016-05-04 08:25:27'),
(2048, 7, '25.00', 1, 0, '2016-05-04 08:25:31'),
(2049, 7, '25.00', 1, 0, '2016-05-04 08:25:35'),
(2050, 7, '25.00', 1, 0, '2016-05-04 08:25:38'),
(2051, 7, '25.00', 1, 0, '2016-05-04 08:25:42'),
(2052, 7, '25.00', 1, 0, '2016-05-04 08:25:46'),
(2053, 7, '25.00', 1, 1, '2016-05-04 08:25:47'),
(2054, 7, '25.00', 1, 0, '2016-05-04 08:25:51'),
(2055, 7, '25.00', 1, 0, '2016-05-04 08:25:55'),
(2056, 7, '25.00', 1, 0, '2016-05-04 08:26:00'),
(2057, 7, '25.00', 1, 0, '2016-05-04 08:26:03'),
(2058, 7, '25.00', 1, 1, '2016-05-04 08:26:04'),
(2059, 7, '25.00', 1, 1, '2016-05-04 08:26:08'),
(2060, 7, '25.00', 1, 0, '2016-05-04 08:26:11'),
(2061, 7, '25.00', 1, 0, '2016-05-04 08:26:15'),
(2062, 7, '25.00', 1, 1, '2016-05-04 08:26:16'),
(2063, 7, '25.00', 1, 0, '2016-05-04 08:26:20'),
(2064, 7, '25.00', 1, 0, '2016-05-04 08:26:24'),
(2065, 7, '25.00', 1, 0, '2016-05-04 08:26:27'),
(2066, 7, '25.00', 1, 1, '2016-05-04 08:26:28'),
(2067, 7, '25.00', 1, 0, '2016-05-04 08:26:32'),
(2068, 7, '25.00', 1, 0, '2016-05-04 08:26:36'),
(2069, 7, '25.00', 1, 0, '2016-05-04 08:26:40'),
(2070, 7, '25.00', 1, 0, '2016-05-04 08:26:44'),
(2071, 7, '25.00', 1, 0, '2016-05-04 08:26:48'),
(2072, 7, '25.00', 1, 0, '2016-05-04 08:26:52'),
(2073, 7, '25.00', 1, 0, '2016-05-04 08:26:56'),
(2074, 7, '25.00', 1, 1, '2016-05-04 08:26:57'),
(2075, 7, '25.00', 1, 0, '2016-05-04 08:27:00'),
(2076, 7, '25.00', 1, 1, '2016-05-04 08:27:01'),
(2077, 7, '25.00', 1, 0, '2016-05-04 08:27:05'),
(2078, 7, '25.00', 1, 0, '2016-05-04 08:27:09'),
(2079, 7, '25.00', 1, 1, '2016-05-04 08:27:10'),
(2080, 7, '25.00', 1, 0, '2016-05-04 08:27:13'),
(2081, 7, '25.00', 1, 0, '2016-05-04 08:27:17'),
(2082, 7, '25.00', 1, 1, '2016-05-04 08:27:17'),
(2083, 7, '25.00', 1, 0, '2016-05-04 08:27:21'),
(2084, 7, '25.00', 1, 1, '2016-05-04 08:27:22'),
(2085, 7, '25.00', 1, 0, '2016-05-04 08:27:26'),
(2086, 7, '25.00', 1, 1, '2016-05-04 08:27:27'),
(2087, 7, '25.00', 1, 0, '2016-05-04 08:27:30'),
(2088, 7, '25.00', 1, 1, '2016-05-04 08:27:31'),
(2089, 7, '25.00', 1, 0, '2016-05-04 08:27:35'),
(2090, 7, '25.00', 1, 0, '2016-05-04 08:27:39'),
(2091, 7, '25.00', 1, 0, '2016-05-04 08:27:42'),
(2092, 7, '25.00', 1, 1, '2016-05-04 08:27:43'),
(2093, 7, '25.00', 1, 0, '2016-05-04 08:27:47'),
(2094, 7, '25.00', 1, 0, '2016-05-04 08:27:51'),
(2095, 7, '25.00', 1, 0, '2016-05-04 08:27:55'),
(2096, 7, '25.00', 1, 0, '2016-05-04 08:27:59'),
(2097, 7, '25.00', 1, 1, '2016-05-04 08:28:00'),
(2098, 7, '25.00', 1, 0, '2016-05-04 08:28:04'),
(2099, 7, '25.00', 1, 0, '2016-05-04 08:28:07'),
(2100, 7, '25.00', 1, 1, '2016-05-04 08:28:08'),
(2101, 7, '24.00', 1, 0, '2016-05-04 08:28:12'),
(2102, 7, '24.00', 1, 1, '2016-05-04 08:28:13'),
(2103, 7, '25.00', 1, 0, '2016-05-04 08:28:16'),
(2104, 7, '25.00', 1, 0, '2016-05-04 08:28:21'),
(2105, 7, '25.00', 1, 0, '2016-05-04 08:28:24'),
(2106, 7, '25.00', 1, 1, '2016-05-04 08:28:26'),
(2107, 7, '25.00', 1, 0, '2016-05-04 08:28:30'),
(2108, 7, '25.00', 1, 0, '2016-05-04 08:28:34'),
(2109, 7, '25.00', 1, 0, '2016-05-04 08:28:37'),
(2110, 7, '25.00', 1, 1, '2016-05-04 08:28:38'),
(2111, 7, '25.00', 1, 0, '2016-05-04 08:28:42'),
(2112, 7, '25.00', 1, 1, '2016-05-04 08:28:43'),
(2113, 7, '25.00', 1, 0, '2016-05-04 08:28:47'),
(2114, 7, '25.00', 1, 1, '2016-05-04 08:28:47'),
(2115, 7, '25.00', 1, 0, '2016-05-04 08:28:51'),
(2116, 7, '25.00', 1, 1, '2016-05-04 08:28:52'),
(2117, 7, '25.00', 1, 0, '2016-05-04 08:28:56'),
(2118, 7, '25.00', 1, 1, '2016-05-04 08:28:57'),
(2119, 7, '25.00', 1, 0, '2016-05-04 08:29:00'),
(2120, 7, '25.00', 1, 0, '2016-05-04 08:29:04'),
(2121, 7, '25.00', 1, 0, '2016-05-04 08:29:08'),
(2122, 7, '25.00', 1, 1, '2016-05-04 08:29:09'),
(2123, 7, '25.00', 1, 0, '2016-05-04 08:29:13'),
(2124, 7, '25.00', 1, 1, '2016-05-04 08:29:13'),
(2125, 7, '25.00', 1, 0, '2016-05-04 08:29:17'),
(2126, 7, '25.00', 1, 1, '2016-05-04 08:29:18'),
(2127, 7, '25.00', 1, 0, '2016-05-04 08:29:22'),
(2128, 7, '25.00', 1, 0, '2016-05-04 08:29:27'),
(2129, 7, '25.00', 1, 0, '2016-05-04 08:29:30'),
(2130, 7, '25.00', 1, 0, '2016-05-04 08:29:34'),
(2131, 7, '25.00', 1, 0, '2016-05-04 08:29:38'),
(2132, 7, '25.00', 1, 1, '2016-05-04 08:29:39'),
(2133, 7, '25.00', 1, 0, '2016-05-04 08:29:42'),
(2134, 7, '25.00', 1, 1, '2016-05-04 08:29:43'),
(2135, 7, '25.00', 1, 0, '2016-05-04 08:29:47'),
(2136, 7, '25.00', 1, 0, '2016-05-04 08:29:51'),
(2137, 7, '25.00', 1, 0, '2016-05-04 08:29:55'),
(2138, 7, '25.00', 1, 0, '2016-05-04 08:29:59'),
(2139, 7, '25.00', 1, 0, '2016-05-04 08:30:03'),
(2140, 7, '25.00', 1, 0, '2016-05-04 08:30:07'),
(2141, 7, '25.00', 1, 0, '2016-05-04 08:30:11'),
(2142, 7, '25.00', 1, 0, '2016-05-04 08:30:15'),
(2143, 7, '25.00', 1, 0, '2016-05-04 08:30:19'),
(2144, 7, '25.00', 1, 0, '2016-05-04 08:30:23'),
(2145, 7, '25.00', 1, 0, '2016-05-04 08:30:27'),
(2146, 7, '25.00', 1, 1, '2016-05-04 08:30:28'),
(2147, 7, '25.00', 1, 0, '2016-05-04 08:30:31'),
(2148, 7, '25.00', 1, 1, '2016-05-04 08:30:32'),
(2149, 7, '25.00', 1, 0, '2016-05-04 08:30:36'),
(2150, 7, '25.00', 1, 0, '2016-05-04 08:30:40'),
(2151, 7, '25.00', 1, 0, '2016-05-04 08:30:43'),
(2152, 7, '25.00', 1, 1, '2016-05-04 08:30:44'),
(2153, 7, '25.00', 1, 0, '2016-05-04 08:30:48'),
(2154, 7, '25.00', 1, 0, '2016-05-04 08:30:51'),
(2155, 7, '25.00', 1, 1, '2016-05-04 08:30:52'),
(2156, 7, '25.00', 1, 0, '2016-05-04 08:30:56'),
(2157, 7, '25.00', 1, 0, '2016-05-04 08:31:00');
INSERT INTO `deviceInputHistory` (`auto_Id`, `sensorTypeId`, `Temp`, `activity_Id`, `status`, `CreatedDate`) VALUES
(2158, 7, '25.00', 1, 0, '2016-05-04 08:31:04'),
(2159, 7, '25.00', 1, 0, '2016-05-04 08:31:08'),
(2160, 7, '25.00', 1, 1, '2016-05-04 08:31:12'),
(2161, 7, '25.00', 1, 0, '2016-05-04 08:31:16'),
(2162, 7, '25.00', 1, 0, '2016-05-04 08:31:20'),
(2163, 7, '25.00', 1, 0, '2016-05-04 08:31:24'),
(2164, 7, '25.00', 1, 0, '2016-05-04 08:31:28'),
(2165, 7, '25.00', 1, 1, '2016-05-04 08:31:28'),
(2166, 7, '25.00', 1, 0, '2016-05-04 08:31:32'),
(2167, 7, '25.00', 1, 0, '2016-05-04 08:31:37'),
(2168, 7, '25.00', 1, 1, '2016-05-04 08:31:44'),
(2169, 7, '25.00', 1, 0, '2016-05-04 08:31:48'),
(2170, 7, '25.00', 1, 0, '2016-05-04 08:31:51'),
(2171, 7, '25.00', 1, 0, '2016-05-04 08:31:58'),
(2172, 7, '25.00', 1, 0, '2016-05-04 08:32:02'),
(2173, 7, '25.00', 1, 0, '2016-05-04 08:32:06'),
(2174, 7, '25.00', 1, 0, '2016-05-04 08:32:11'),
(2175, 7, '25.00', 1, 1, '2016-05-04 08:32:11'),
(2176, 7, '25.00', 1, 0, '2016-05-04 08:32:17'),
(2177, 7, '25.00', 1, 1, '2016-05-04 08:32:18'),
(2178, 7, '25.00', 1, 0, '2016-05-04 08:32:22'),
(2179, 7, '25.00', 1, 0, '2016-05-04 08:32:26'),
(2180, 7, '25.00', 1, 0, '2016-05-04 08:32:30'),
(2181, 7, '25.00', 1, 0, '2016-05-04 08:32:34'),
(2182, 7, '25.00', 1, 0, '2016-05-04 08:32:38'),
(2183, 7, '25.00', 1, 0, '2016-05-04 08:32:41'),
(2184, 7, '25.00', 1, 0, '2016-05-04 08:32:45'),
(2185, 7, '25.00', 1, 1, '2016-05-04 08:32:46'),
(2186, 7, '25.00', 1, 0, '2016-05-04 08:32:50'),
(2187, 7, '25.00', 1, 0, '2016-05-04 08:32:53'),
(2188, 7, '25.00', 1, 1, '2016-05-04 08:32:54'),
(2189, 7, '25.00', 1, 0, '2016-05-04 08:32:58'),
(2190, 7, '25.00', 1, 0, '2016-05-04 08:33:02'),
(2191, 7, '25.00', 1, 1, '2016-05-04 08:33:03'),
(2192, 7, '25.00', 1, 0, '2016-05-04 08:33:07'),
(2193, 7, '25.00', 1, 1, '2016-05-04 08:33:07'),
(2194, 7, '25.00', 1, 0, '2016-05-04 08:33:11'),
(2195, 7, '25.00', 1, 0, '2016-05-04 08:33:15'),
(2196, 7, '25.00', 1, 1, '2016-05-04 08:33:16'),
(2197, 7, '25.00', 1, 0, '2016-05-04 08:33:19'),
(2198, 7, '25.00', 1, 1, '2016-05-04 08:33:20'),
(2199, 7, '25.00', 1, 0, '2016-05-04 08:33:24'),
(2200, 7, '25.00', 1, 0, '2016-05-04 08:33:28'),
(2201, 7, '25.00', 1, 1, '2016-05-04 08:33:29'),
(2202, 7, '25.00', 1, 0, '2016-05-04 08:33:33'),
(2203, 7, '25.00', 1, 1, '2016-05-04 08:33:38'),
(2204, 7, '25.00', 1, 0, '2016-05-04 08:33:38'),
(2205, 7, '25.00', 1, 1, '2016-05-04 08:33:41'),
(2206, 7, '25.00', 1, 0, '2016-05-04 08:33:45'),
(2207, 7, '25.00', 1, 1, '2016-05-04 08:33:46'),
(2208, 7, '25.00', 1, 0, '2016-05-04 08:33:50'),
(2209, 7, '24.00', 1, 0, '2016-05-04 08:33:54'),
(2210, 7, '25.00', 1, 0, '2016-05-04 08:33:58'),
(2211, 7, '25.00', 1, 0, '2016-05-04 08:34:01'),
(2212, 7, '25.00', 1, 0, '2016-05-04 08:34:05'),
(2213, 7, '25.00', 1, 1, '2016-05-04 08:34:06'),
(2214, 7, '25.00', 1, 0, '2016-05-04 08:34:10'),
(2215, 7, '25.00', 1, 1, '2016-05-04 08:34:11'),
(2216, 7, '25.00', 1, 0, '2016-05-04 08:34:14'),
(2217, 7, '25.00', 1, 1, '2016-05-04 08:34:15'),
(2218, 7, '25.00', 1, 0, '2016-05-04 08:34:19'),
(2219, 7, '25.00', 1, 0, '2016-05-04 08:34:23'),
(2220, 7, '25.00', 1, 1, '2016-05-04 08:34:24'),
(2221, 7, '25.00', 1, 0, '2016-05-04 08:34:27'),
(2222, 7, '25.00', 1, 1, '2016-05-04 08:34:28'),
(2223, 7, '25.00', 1, 0, '2016-05-04 08:34:32'),
(2224, 7, '25.00', 1, 1, '2016-05-04 08:34:33'),
(2225, 7, '25.00', 1, 0, '2016-05-04 08:34:36'),
(2226, 7, '25.00', 1, 1, '2016-05-04 08:34:37'),
(2227, 7, '25.00', 1, 0, '2016-05-04 08:34:41'),
(2228, 7, '25.00', 1, 0, '2016-05-04 08:34:45'),
(2229, 7, '25.00', 1, 1, '2016-05-04 08:34:46'),
(2230, 7, '25.00', 1, 0, '2016-05-04 08:34:50'),
(2231, 7, '25.00', 1, 0, '2016-05-04 08:34:53'),
(2232, 7, '25.00', 1, 1, '2016-05-04 08:34:54'),
(2233, 7, '25.00', 1, 0, '2016-05-04 08:34:58'),
(2234, 7, '25.00', 1, 0, '2016-05-04 08:35:02'),
(2235, 7, '25.00', 1, 0, '2016-05-04 08:35:06'),
(2236, 7, '25.00', 1, 0, '2016-05-04 08:35:10'),
(2237, 7, '25.00', 1, 1, '2016-05-04 08:35:11'),
(2238, 7, '25.00', 1, 0, '2016-05-04 08:35:14'),
(2239, 7, '25.00', 1, 0, '2016-05-04 08:35:18'),
(2240, 7, '25.00', 1, 0, '2016-05-04 08:35:22'),
(2241, 7, '25.00', 1, 0, '2016-05-04 08:35:26'),
(2242, 7, '25.00', 1, 1, '2016-05-04 08:35:27'),
(2243, 7, '25.00', 1, 0, '2016-05-04 08:35:31'),
(2244, 7, '25.00', 1, 0, '2016-05-04 08:35:34'),
(2245, 7, '25.00', 1, 1, '2016-05-04 08:35:35'),
(2246, 7, '25.00', 1, 0, '2016-05-04 08:35:39'),
(2247, 7, '25.00', 1, 0, '2016-05-04 08:35:43'),
(2248, 7, '25.00', 1, 0, '2016-05-04 08:35:47'),
(2249, 7, '25.00', 1, 0, '2016-05-04 08:35:51'),
(2250, 7, '25.00', 1, 0, '2016-05-04 08:35:55'),
(2251, 7, '25.00', 1, 0, '2016-05-04 08:36:00'),
(2252, 7, '25.00', 1, 0, '2016-05-04 08:36:03'),
(2253, 7, '25.00', 1, 1, '2016-05-04 08:36:04'),
(2254, 7, '25.00', 1, 0, '2016-05-04 08:36:08'),
(2255, 7, '25.00', 1, 0, '2016-05-04 08:36:12'),
(2256, 7, '25.00', 1, 0, '2016-05-04 08:36:16'),
(2257, 7, '25.00', 1, 0, '2016-05-04 08:36:20'),
(2258, 7, '25.00', 1, 0, '2016-05-04 08:36:24'),
(2259, 7, '25.00', 1, 0, '2016-05-04 08:36:28'),
(2260, 7, '25.00', 1, 0, '2016-05-04 08:36:31'),
(2261, 7, '25.00', 1, 1, '2016-05-04 08:36:32'),
(2262, 7, '25.00', 1, 0, '2016-05-04 08:36:36'),
(2263, 7, '25.00', 1, 1, '2016-05-04 08:36:37'),
(2264, 7, '25.00', 1, 0, '2016-05-04 08:36:41'),
(2265, 7, '25.00', 1, 0, '2016-05-04 08:36:44'),
(2266, 7, '25.00', 1, 0, '2016-05-04 08:36:48'),
(2267, 7, '25.00', 1, 0, '2016-05-04 08:36:52'),
(2268, 7, '25.00', 1, 1, '2016-05-04 08:36:53'),
(2269, 7, '25.00', 1, 0, '2016-05-04 08:36:57'),
(2270, 7, '25.00', 1, 1, '2016-05-04 08:36:57'),
(2271, 7, '25.00', 1, 0, '2016-05-04 08:37:01'),
(2272, 7, '25.00', 1, 0, '2016-05-04 08:37:05'),
(2273, 7, '25.00', 1, 1, '2016-05-04 08:37:06'),
(2274, 7, '25.00', 1, 0, '2016-05-04 08:37:10'),
(2275, 7, '25.00', 1, 0, '2016-05-04 08:37:13'),
(2276, 7, '25.00', 1, 1, '2016-05-04 08:37:14'),
(2277, 7, '25.00', 1, 0, '2016-05-04 08:37:18'),
(2278, 7, '25.00', 1, 1, '2016-05-04 08:37:19'),
(2279, 7, '25.00', 1, 0, '2016-05-04 08:37:23'),
(2280, 7, '25.00', 1, 1, '2016-05-04 08:37:24'),
(2281, 7, '25.00', 1, 0, '2016-05-04 08:37:28'),
(2282, 7, '25.00', 1, 0, '2016-05-04 08:37:31'),
(2283, 7, '25.00', 1, 1, '2016-05-04 08:37:32'),
(2284, 7, '31.00', 1, 0, '2016-05-04 08:37:36'),
(2285, 7, '31.00', 1, 1, '2016-05-04 08:37:36'),
(2286, 7, '25.00', 1, 0, '2016-05-04 08:37:40'),
(2287, 7, '25.00', 1, 1, '2016-05-04 08:37:41'),
(2288, 7, '25.00', 1, 0, '2016-05-04 08:37:45'),
(2289, 7, '25.00', 1, 0, '2016-05-04 08:37:49'),
(2290, 7, '25.00', 1, 0, '2016-05-04 08:37:53'),
(2291, 7, '25.00', 1, 0, '2016-05-04 08:37:56'),
(2292, 7, '25.00', 1, 1, '2016-05-04 08:37:57'),
(2293, 7, '25.00', 1, 0, '2016-05-04 08:38:01'),
(2294, 7, '25.00', 1, 1, '2016-05-04 08:38:02'),
(2295, 7, '25.00', 1, 0, '2016-05-04 08:38:05'),
(2296, 7, '25.00', 1, 1, '2016-05-04 08:38:07'),
(2297, 7, '25.00', 1, 0, '2016-05-04 08:38:10'),
(2298, 7, '25.00', 1, 0, '2016-05-04 08:38:14'),
(2299, 7, '25.00', 1, 1, '2016-05-04 08:38:15'),
(2300, 7, '25.00', 1, 0, '2016-05-04 08:38:19'),
(2301, 7, '25.00', 1, 1, '2016-05-04 08:38:21'),
(2302, 7, '25.00', 1, 0, '2016-05-04 08:38:23'),
(2303, 7, '25.00', 1, 0, '2016-05-04 08:38:27'),
(2304, 7, '25.00', 1, 0, '2016-05-04 08:38:31'),
(2305, 7, '25.00', 1, 1, '2016-05-04 08:38:32'),
(2306, 7, '25.00', 1, 0, '2016-05-04 08:38:36'),
(2307, 7, '25.00', 1, 0, '2016-05-04 08:38:40'),
(2308, 7, '25.00', 1, 0, '2016-05-04 08:38:44'),
(2309, 7, '25.00', 1, 0, '2016-05-04 08:38:48'),
(2310, 7, '25.00', 1, 0, '2016-05-04 08:38:52'),
(2311, 7, '25.00', 1, 0, '2016-05-04 08:38:56'),
(2312, 7, '25.00', 1, 1, '2016-05-04 08:38:56'),
(2313, 7, '25.00', 1, 0, '2016-05-04 08:39:03'),
(2314, 7, '25.00', 1, 0, '2016-05-04 08:39:07'),
(2315, 7, '25.00', 1, 0, '2016-05-04 08:39:11'),
(2316, 7, '25.00', 1, 0, '2016-05-04 08:39:15'),
(2317, 7, '25.00', 1, 1, '2016-05-04 08:39:16'),
(2318, 7, '25.00', 1, 0, '2016-05-04 08:39:20'),
(2319, 7, '25.00', 1, 0, '2016-05-04 08:39:23'),
(2320, 7, '25.00', 1, 1, '2016-05-04 08:39:24'),
(2321, 7, '25.00', 1, 0, '2016-05-04 08:39:28'),
(2322, 7, '25.00', 1, 0, '2016-05-04 08:39:32'),
(2323, 7, '25.00', 1, 0, '2016-05-04 08:39:36'),
(2324, 7, '25.00', 1, 1, '2016-05-04 08:39:37'),
(2325, 7, '25.00', 1, 0, '2016-05-04 08:39:40'),
(2326, 7, '25.00', 1, 0, '2016-05-04 08:39:44'),
(2327, 7, '25.00', 1, 0, '2016-05-04 08:39:48'),
(2328, 7, '25.00', 1, 1, '2016-05-04 08:39:49'),
(2329, 7, '28.00', 1, 0, '2016-05-04 08:39:53'),
(2330, 7, '25.00', 1, 0, '2016-05-04 08:39:57'),
(2331, 7, '25.00', 1, 0, '2016-05-04 08:40:01'),
(2332, 7, '25.00', 1, 0, '2016-05-04 08:40:05'),
(2333, 7, '24.00', 1, 0, '2016-05-04 08:40:09'),
(2334, 7, '24.00', 1, 0, '2016-05-04 08:40:15'),
(2335, 7, '25.00', 1, 0, '2016-05-04 08:40:19'),
(2336, 7, '25.00', 1, 0, '2016-05-04 08:40:23'),
(2337, 7, '24.00', 1, 0, '2016-05-04 08:40:27'),
(2338, 7, '25.00', 1, 0, '2016-05-04 08:40:31'),
(2339, 7, '25.00', 1, 1, '2016-05-04 08:40:32'),
(2340, 7, '24.00', 1, 0, '2016-05-04 08:40:35'),
(2341, 7, '24.00', 1, 1, '2016-05-04 08:40:36'),
(2342, 7, '24.00', 1, 0, '2016-05-04 08:40:40'),
(2343, 7, '24.00', 1, 0, '2016-05-04 08:40:44'),
(2344, 7, '24.00', 1, 0, '2016-05-04 08:40:48'),
(2345, 7, '24.00', 1, 1, '2016-05-04 08:40:49'),
(2346, 7, '24.00', 1, 0, '2016-05-04 08:40:52'),
(2347, 7, '24.00', 1, 0, '2016-05-04 08:40:56'),
(2348, 7, '24.00', 1, 1, '2016-05-04 08:40:57'),
(2349, 7, '24.00', 1, 0, '2016-05-04 08:41:01'),
(2350, 7, '24.00', 1, 0, '2016-05-04 08:41:07'),
(2351, 7, '24.00', 1, 1, '2016-05-04 08:41:08'),
(2352, 7, '24.00', 1, 0, '2016-05-04 08:41:12'),
(2353, 7, '24.00', 1, 0, '2016-05-04 08:41:16'),
(2354, 7, '24.00', 1, 0, '2016-05-04 08:41:20'),
(2355, 7, '24.00', 1, 0, '2016-05-04 08:41:24'),
(2356, 7, '24.00', 1, 1, '2016-05-04 08:41:24'),
(2357, 7, '24.00', 1, 0, '2016-05-04 08:41:28'),
(2358, 7, '24.00', 1, 0, '2016-05-04 08:41:32'),
(2359, 7, '24.00', 1, 0, '2016-05-04 08:41:36'),
(2360, 7, '24.00', 1, 0, '2016-05-04 08:41:40'),
(2361, 7, '24.00', 1, 1, '2016-05-04 08:41:41'),
(2362, 7, '24.00', 1, 0, '2016-05-04 08:41:45'),
(2363, 7, '24.00', 1, 0, '2016-05-04 08:41:48'),
(2364, 7, '24.00', 1, 1, '2016-05-04 08:41:49'),
(2365, 7, '24.00', 1, 0, '2016-05-04 08:41:54'),
(2366, 7, '24.00', 1, 0, '2016-05-04 08:41:57'),
(2367, 7, '24.00', 1, 1, '2016-05-04 08:41:58'),
(2368, 7, '24.00', 1, 0, '2016-05-04 08:42:02'),
(2369, 7, '24.00', 1, 0, '2016-05-04 08:42:06'),
(2370, 7, '24.00', 1, 0, '2016-05-04 08:42:10'),
(2371, 7, '24.00', 1, 0, '2016-05-04 08:42:16'),
(2372, 7, '24.00', 1, 0, '2016-05-04 08:42:20'),
(2373, 7, '24.00', 1, 0, '2016-05-04 08:42:24'),
(2374, 7, '24.00', 1, 0, '2016-05-04 08:42:29'),
(2375, 7, '24.00', 1, 0, '2016-05-04 08:42:32'),
(2376, 7, '24.00', 1, 0, '2016-05-04 08:42:36'),
(2377, 7, '24.00', 1, 0, '2016-05-04 08:42:40'),
(2378, 7, '24.00', 1, 0, '2016-05-04 08:42:44'),
(2379, 7, '24.00', 1, 0, '2016-05-04 08:42:48'),
(2380, 7, '24.00', 1, 0, '2016-05-04 08:42:52'),
(2381, 7, '24.00', 1, 0, '2016-05-04 08:42:55'),
(2382, 7, '24.00', 1, 1, '2016-05-04 08:42:56'),
(2383, 7, '24.00', 1, 0, '2016-05-04 08:43:00'),
(2384, 7, '24.00', 1, 0, '2016-05-04 08:43:05'),
(2385, 7, '24.00', 1, 0, '2016-05-04 08:43:11'),
(2386, 7, '24.00', 1, 0, '2016-05-04 08:43:14'),
(2387, 7, '24.00', 1, 1, '2016-05-04 08:43:15'),
(2388, 7, '24.00', 1, 0, '2016-05-04 08:43:19'),
(2389, 7, '24.00', 1, 0, '2016-05-04 08:43:23'),
(2390, 7, '24.00', 1, 0, '2016-05-04 08:43:27'),
(2391, 7, '24.00', 1, 0, '2016-05-04 08:43:31'),
(2392, 7, '24.00', 1, 0, '2016-05-04 08:43:38'),
(2393, 7, '24.00', 1, 0, '2016-05-04 08:43:42'),
(2394, 7, '24.00', 1, 0, '2016-05-04 08:43:46'),
(2395, 7, '24.00', 1, 0, '2016-05-04 08:43:49'),
(2396, 7, '24.00', 1, 1, '2016-05-04 08:43:51'),
(2397, 7, '24.00', 1, 0, '2016-05-04 08:43:55'),
(2398, 7, '24.00', 1, 0, '2016-05-04 08:43:59'),
(2399, 7, '24.00', 1, 0, '2016-05-04 08:44:03'),
(2400, 7, '24.00', 1, 0, '2016-05-04 08:44:07'),
(2401, 7, '24.00', 1, 0, '2016-05-04 08:44:12'),
(2402, 7, '24.00', 1, 0, '2016-05-04 08:44:15'),
(2403, 7, '25.00', 1, 0, '2016-05-04 08:44:18'),
(2404, 7, '25.00', 1, 1, '2016-05-04 08:44:19'),
(2405, 7, '24.00', 1, 0, '2016-05-04 08:44:23'),
(2406, 7, '24.00', 1, 1, '2016-05-04 08:44:24'),
(2407, 7, '24.00', 1, 0, '2016-05-04 08:44:28'),
(2408, 7, '24.00', 1, 0, '2016-05-04 08:44:31'),
(2409, 7, '24.00', 1, 0, '2016-05-04 08:44:35'),
(2410, 7, '24.00', 1, 0, '2016-05-04 08:44:39'),
(2411, 7, '24.00', 1, 0, '2016-05-04 08:44:43'),
(2412, 7, '24.00', 1, 0, '2016-05-04 08:44:47'),
(2413, 7, '24.00', 1, 0, '2016-05-04 08:44:51'),
(2414, 7, '24.00', 1, 1, '2016-05-04 08:44:52'),
(2415, 7, '24.00', 1, 0, '2016-05-04 08:44:56'),
(2416, 7, '24.00', 1, 0, '2016-05-04 08:45:03'),
(2417, 7, '24.00', 1, 0, '2016-05-04 08:45:06'),
(2418, 7, '25.00', 1, 0, '2016-05-04 08:45:11'),
(2419, 7, '25.00', 1, 0, '2016-05-04 08:45:14'),
(2420, 7, '24.00', 1, 0, '2016-05-04 08:45:18'),
(2421, 7, '24.00', 1, 1, '2016-05-04 08:45:19'),
(2422, 7, '25.00', 1, 0, '2016-05-04 08:45:23'),
(2423, 7, '24.00', 1, 0, '2016-05-04 08:45:26'),
(2424, 7, '24.00', 1, 1, '2016-05-04 08:45:27'),
(2425, 7, '24.00', 1, 0, '2016-05-04 08:45:31'),
(2426, 7, '24.00', 1, 1, '2016-05-04 08:45:32'),
(2427, 7, '25.00', 1, 0, '2016-05-04 08:45:35'),
(2428, 7, '25.00', 1, 1, '2016-05-04 08:45:36'),
(2429, 7, '24.00', 1, 0, '2016-05-04 08:45:40'),
(2430, 7, '24.00', 1, 0, '2016-05-04 08:45:44'),
(2431, 7, '24.00', 1, 0, '2016-05-04 08:45:48'),
(2432, 7, '24.00', 1, 0, '2016-05-04 08:45:52'),
(2433, 7, '24.00', 1, 1, '2016-05-04 08:45:53'),
(2434, 7, '24.00', 1, 0, '2016-05-04 08:45:57'),
(2435, 7, '24.00', 1, 0, '2016-05-04 08:46:01'),
(2436, 7, '24.00', 1, 0, '2016-05-04 08:46:05'),
(2437, 7, '24.00', 1, 0, '2016-05-04 08:46:09'),
(2438, 7, '24.00', 1, 0, '2016-05-04 08:46:12'),
(2439, 7, '24.00', 1, 1, '2016-05-04 08:46:13'),
(2440, 7, '24.00', 1, 0, '2016-05-04 08:46:17'),
(2441, 7, '24.00', 1, 0, '2016-05-04 08:46:21'),
(2442, 7, '24.00', 1, 0, '2016-05-04 08:46:25'),
(2443, 7, '24.00', 1, 1, '2016-05-04 08:46:26'),
(2444, 7, '24.00', 1, 0, '2016-05-04 08:46:32'),
(2445, 7, '24.00', 1, 0, '2016-05-04 08:46:36'),
(2446, 7, '24.00', 1, 0, '2016-05-04 08:46:40'),
(2447, 7, '24.00', 1, 0, '2016-05-04 08:46:47'),
(2448, 7, '24.00', 1, 1, '2016-05-04 08:46:48'),
(2449, 7, '24.00', 1, 0, '2016-05-04 08:46:51'),
(2450, 7, '24.00', 1, 1, '2016-05-04 08:46:52'),
(2451, 7, '25.00', 1, 0, '2016-05-04 08:46:56'),
(2452, 7, '25.00', 1, 1, '2016-05-04 08:46:57'),
(2453, 7, '25.00', 1, 0, '2016-05-04 08:47:01'),
(2454, 7, '25.00', 1, 1, '2016-05-04 08:47:05'),
(2455, 7, '24.00', 1, 0, '2016-05-04 08:47:08'),
(2456, 7, '24.00', 1, 1, '2016-05-04 08:47:09'),
(2457, 7, '24.00', 1, 0, '2016-05-04 08:47:13'),
(2458, 7, '25.00', 1, 0, '2016-05-04 08:47:17'),
(2459, 7, '25.00', 1, 1, '2016-05-04 08:47:18'),
(2460, 7, '25.00', 1, 0, '2016-05-04 08:47:22'),
(2461, 7, '25.00', 1, 0, '2016-05-04 08:47:26'),
(2462, 7, '24.00', 1, 0, '2016-05-04 08:47:30'),
(2463, 7, '24.00', 1, 0, '2016-05-04 08:47:33'),
(2464, 7, '24.00', 1, 1, '2016-05-04 08:47:34'),
(2465, 7, '25.00', 1, 0, '2016-05-04 08:47:38'),
(2466, 7, '25.00', 1, 1, '2016-05-04 08:47:39'),
(2467, 7, '24.00', 1, 0, '2016-05-04 08:47:42'),
(2468, 7, '24.00', 1, 1, '2016-05-04 08:47:43'),
(2469, 7, '24.00', 1, 0, '2016-05-04 08:47:47'),
(2470, 7, '24.00', 1, 0, '2016-05-04 08:47:51'),
(2471, 7, '24.00', 1, 0, '2016-05-04 08:47:55'),
(2472, 7, '24.00', 1, 0, '2016-05-04 08:47:59'),
(2473, 7, '25.00', 1, 0, '2016-05-04 08:48:03'),
(2474, 7, '25.00', 1, 1, '2016-05-04 08:48:04'),
(2475, 7, '24.00', 1, 0, '2016-05-04 08:48:07'),
(2476, 7, '24.00', 1, 1, '2016-05-04 08:48:08'),
(2477, 7, '24.00', 1, 0, '2016-05-04 08:48:12'),
(2478, 7, '25.00', 1, 0, '2016-05-04 08:48:17'),
(2479, 7, '25.00', 1, 0, '2016-05-04 08:48:19'),
(2480, 7, '25.00', 1, 1, '2016-05-04 08:48:20'),
(2481, 7, '25.00', 1, 0, '2016-05-04 08:48:24'),
(2482, 7, '25.00', 1, 0, '2016-05-04 08:48:28'),
(2483, 7, '25.00', 1, 0, '2016-05-04 08:48:32'),
(2484, 7, '24.00', 1, 0, '2016-05-04 08:48:36'),
(2485, 7, '25.00', 1, 0, '2016-05-04 08:48:40'),
(2486, 7, '25.00', 1, 0, '2016-05-04 08:48:44'),
(2487, 7, '25.00', 1, 0, '2016-05-04 08:48:48'),
(2488, 7, '25.00', 1, 0, '2016-05-04 08:48:52'),
(2489, 7, '25.00', 1, 1, '2016-05-04 08:48:53'),
(2490, 7, '25.00', 1, 0, '2016-05-04 08:48:56'),
(2491, 7, '25.00', 1, 1, '2016-05-04 08:48:57'),
(2492, 7, '25.00', 1, 0, '2016-05-04 08:49:01'),
(2493, 7, '25.00', 1, 0, '2016-05-04 08:49:05'),
(2494, 7, '25.00', 1, 1, '2016-05-04 08:49:06'),
(2495, 7, '25.00', 1, 0, '2016-05-04 08:49:10'),
(2496, 7, '24.00', 1, 0, '2016-05-04 08:49:14'),
(2497, 7, '24.00', 1, 0, '2016-05-04 08:49:18'),
(2498, 7, '25.00', 1, 0, '2016-05-04 08:49:22'),
(2499, 7, '25.00', 1, 0, '2016-05-04 08:49:25'),
(2500, 7, '25.00', 1, 1, '2016-05-04 08:49:27'),
(2501, 7, '25.00', 1, 0, '2016-05-04 08:49:30'),
(2502, 7, '25.00', 1, 0, '2016-05-04 08:49:34'),
(2503, 7, '25.00', 1, 0, '2016-05-04 08:49:38'),
(2504, 7, '25.00', 1, 1, '2016-05-04 08:49:38'),
(2505, 7, '25.00', 1, 0, '2016-05-04 08:49:42'),
(2506, 7, '25.00', 1, 1, '2016-05-04 08:49:43'),
(2507, 7, '24.00', 1, 0, '2016-05-04 08:49:47'),
(2508, 7, '24.00', 1, 1, '2016-05-04 08:49:47'),
(2509, 7, '24.00', 1, 1, '2016-05-04 08:49:52'),
(2510, 7, '25.00', 1, 0, '2016-05-04 08:49:56'),
(2511, 7, '25.00', 1, 0, '2016-05-04 08:49:59'),
(2512, 7, '25.00', 1, 1, '2016-05-04 08:50:00'),
(2513, 7, '24.00', 1, 0, '2016-05-04 08:50:04'),
(2514, 7, '24.00', 1, 1, '2016-05-04 08:50:05'),
(2515, 7, '25.00', 1, 0, '2016-05-04 08:50:08'),
(2516, 7, '25.00', 1, 1, '2016-05-04 08:50:09'),
(2517, 7, '25.00', 1, 0, '2016-05-04 08:50:13'),
(2518, 7, '25.00', 1, 0, '2016-05-04 08:50:17'),
(2519, 7, '25.00', 1, 1, '2016-05-04 08:50:18'),
(2520, 7, '25.00', 1, 0, '2016-05-04 08:50:22'),
(2521, 7, '25.00', 1, 0, '2016-05-04 08:50:26'),
(2522, 7, '25.00', 1, 0, '2016-05-04 08:50:30'),
(2523, 7, '25.00', 1, 1, '2016-05-04 08:50:31'),
(2524, 7, '24.00', 1, 0, '2016-05-04 08:50:34'),
(2525, 7, '25.00', 1, 0, '2016-05-04 08:50:39'),
(2526, 7, '25.00', 1, 0, '2016-05-04 08:50:42'),
(2527, 7, '24.00', 1, 0, '2016-05-04 08:50:46'),
(2528, 7, '25.00', 1, 0, '2016-05-04 08:50:50'),
(2529, 7, '24.00', 1, 0, '2016-05-04 08:50:54'),
(2530, 7, '24.00', 1, 1, '2016-05-04 08:50:55'),
(2531, 7, '24.00', 1, 0, '2016-05-04 08:50:59'),
(2532, 7, '24.00', 1, 1, '2016-05-04 08:50:59'),
(2533, 7, '25.00', 1, 0, '2016-05-04 08:51:03'),
(2534, 7, '25.00', 1, 0, '2016-05-04 08:51:07'),
(2535, 7, '25.00', 1, 1, '2016-05-04 08:51:11'),
(2536, 7, '25.00', 1, 0, '2016-05-04 08:51:15'),
(2537, 7, '25.00', 1, 1, '2016-05-04 08:51:15'),
(2538, 7, '24.00', 1, 0, '2016-05-04 08:51:19'),
(2539, 7, '25.00', 1, 0, '2016-05-04 08:51:23'),
(2540, 7, '25.00', 1, 1, '2016-05-04 08:51:24'),
(2541, 7, '25.00', 1, 0, '2016-05-04 08:51:28'),
(2542, 7, '24.00', 1, 0, '2016-05-04 08:51:32'),
(2543, 7, '24.00', 1, 1, '2016-05-04 08:51:32'),
(2544, 7, '25.00', 1, 0, '2016-05-04 08:51:37'),
(2545, 7, '25.00', 1, 0, '2016-05-04 08:51:40'),
(2546, 7, '24.00', 1, 0, '2016-05-04 08:51:44'),
(2547, 7, '24.00', 1, 1, '2016-05-04 08:51:45'),
(2548, 7, '25.00', 1, 0, '2016-05-04 08:51:49'),
(2549, 7, '24.00', 1, 0, '2016-05-04 08:51:53'),
(2550, 7, '24.00', 1, 0, '2016-05-04 08:51:57'),
(2551, 7, '25.00', 1, 0, '2016-05-04 08:52:00'),
(2552, 7, '25.00', 1, 1, '2016-05-04 08:52:01'),
(2553, 7, '24.00', 1, 0, '2016-05-04 08:52:05'),
(2554, 7, '24.00', 1, 1, '2016-05-04 08:52:06'),
(2555, 7, '25.00', 1, 0, '2016-05-04 08:52:09'),
(2556, 7, '25.00', 1, 1, '2016-05-04 08:52:10'),
(2557, 7, '25.00', 1, 0, '2016-05-04 08:52:17'),
(2558, 7, '25.00', 1, 0, '2016-05-04 08:52:21'),
(2559, 7, '25.00', 1, 1, '2016-05-04 08:52:22'),
(2560, 7, '24.00', 1, 0, '2016-05-04 08:52:26'),
(2561, 7, '25.00', 1, 0, '2016-05-04 08:52:29'),
(2562, 7, '25.00', 1, 1, '2016-05-04 08:52:30'),
(2563, 7, '25.00', 1, 0, '2016-05-04 08:52:34'),
(2564, 7, '25.00', 1, 1, '2016-05-04 08:52:35'),
(2565, 7, '24.00', 1, 0, '2016-05-04 08:52:39'),
(2566, 7, '24.00', 1, 1, '2016-05-04 08:52:39'),
(2567, 7, '25.00', 1, 0, '2016-05-04 08:52:43'),
(2568, 7, '25.00', 1, 0, '2016-05-04 08:52:47'),
(2569, 7, '25.00', 1, 0, '2016-05-04 08:52:51'),
(2570, 7, '25.00', 1, 1, '2016-05-04 08:52:52'),
(2571, 7, '25.00', 1, 0, '2016-05-04 08:52:56'),
(2572, 7, '25.00', 1, 1, '2016-05-04 08:52:57'),
(2573, 7, '25.00', 1, 0, '2016-05-04 08:53:01'),
(2574, 7, '25.00', 1, 1, '2016-05-04 08:53:01'),
(2575, 7, '25.00', 1, 0, '2016-05-04 08:53:05'),
(2576, 7, '25.00', 1, 0, '2016-05-04 08:53:09'),
(2577, 7, '25.00', 1, 1, '2016-05-04 08:53:09'),
(2578, 7, '24.00', 1, 0, '2016-05-04 08:53:13'),
(2579, 7, '24.00', 1, 0, '2016-05-04 08:53:17'),
(2580, 7, '25.00', 1, 0, '2016-05-04 08:53:21'),
(2581, 7, '25.00', 1, 0, '2016-05-04 08:53:25'),
(2582, 7, '24.00', 1, 0, '2016-05-04 08:53:29'),
(2583, 7, '24.00', 1, 1, '2016-05-04 08:53:30'),
(2584, 7, '25.00', 1, 0, '2016-05-04 08:53:34'),
(2585, 7, '25.00', 1, 0, '2016-05-04 08:53:38'),
(2586, 7, '25.00', 1, 0, '2016-05-04 08:53:42'),
(2587, 7, '24.00', 1, 0, '2016-05-04 08:53:45'),
(2588, 7, '24.00', 1, 1, '2016-05-04 08:53:46'),
(2589, 7, '24.00', 1, 0, '2016-05-04 08:53:50'),
(2590, 7, '25.00', 1, 0, '2016-05-04 08:53:54'),
(2591, 7, '24.00', 1, 0, '2016-05-04 08:53:58'),
(2592, 7, '25.00', 1, 0, '2016-05-04 08:54:02'),
(2593, 7, '25.00', 1, 0, '2016-05-04 08:54:06'),
(2594, 7, '25.00', 1, 1, '2016-05-04 08:54:06'),
(2595, 7, '25.00', 1, 0, '2016-05-04 08:54:10'),
(2596, 7, '25.00', 1, 0, '2016-05-04 08:54:14'),
(2597, 7, '25.00', 1, 1, '2016-05-04 08:54:15'),
(2598, 7, '25.00', 1, 0, '2016-05-04 08:54:19'),
(2599, 7, '25.00', 1, 0, '2016-05-04 08:54:23'),
(2600, 7, '25.00', 1, 1, '2016-05-04 08:54:24'),
(2601, 7, '25.00', 1, 0, '2016-05-04 08:54:27'),
(2602, 7, '25.00', 1, 1, '2016-05-04 08:54:28'),
(2603, 7, '25.00', 1, 0, '2016-05-04 08:54:32'),
(2604, 7, '25.00', 1, 0, '2016-05-04 08:54:36'),
(2605, 7, '25.00', 1, 1, '2016-05-04 08:54:36'),
(2606, 7, '25.00', 1, 0, '2016-05-04 08:54:43'),
(2607, 7, '25.00', 1, 1, '2016-05-04 08:54:44'),
(2608, 7, '25.00', 1, 0, '2016-05-04 08:54:48'),
(2609, 7, '25.00', 1, 1, '2016-05-04 08:54:49'),
(2610, 7, '25.00', 1, 0, '2016-05-04 08:54:53'),
(2611, 7, '25.00', 1, 0, '2016-05-04 08:54:57'),
(2612, 7, '25.00', 1, 0, '2016-05-04 08:55:00'),
(2613, 7, '25.00', 1, 1, '2016-05-04 08:55:01'),
(2614, 7, '25.00', 1, 0, '2016-05-04 08:55:05'),
(2615, 7, '25.00', 1, 0, '2016-05-04 08:55:09'),
(2616, 7, '25.00', 1, 0, '2016-05-04 08:55:13'),
(2617, 7, '25.00', 1, 0, '2016-05-04 08:55:16'),
(2618, 7, '25.00', 1, 1, '2016-05-04 08:55:17'),
(2619, 7, '25.00', 1, 0, '2016-05-04 08:55:21'),
(2620, 7, '25.00', 1, 1, '2016-05-04 08:55:24'),
(2621, 7, '25.00', 1, 0, '2016-05-04 08:55:25'),
(2622, 7, '25.00', 1, 0, '2016-05-04 08:55:29'),
(2623, 7, '25.00', 1, 0, '2016-05-04 08:55:33'),
(2624, 7, '25.00', 1, 1, '2016-05-04 08:55:34'),
(2625, 7, '25.00', 1, 0, '2016-05-04 08:55:38'),
(2626, 7, '25.00', 1, 0, '2016-05-04 08:55:42'),
(2627, 7, '24.00', 1, 0, '2016-05-04 08:55:46'),
(2628, 7, '25.00', 1, 0, '2016-05-04 08:55:50'),
(2629, 7, '25.00', 1, 1, '2016-05-04 08:55:50'),
(2630, 7, '25.00', 1, 0, '2016-05-04 08:55:54'),
(2631, 7, '25.00', 1, 1, '2016-05-04 08:55:55'),
(2632, 7, '25.00', 1, 0, '2016-05-04 08:55:59'),
(2633, 7, '25.00', 1, 0, '2016-05-04 08:56:02'),
(2634, 7, '25.00', 1, 1, '2016-05-04 08:56:03'),
(2635, 7, '25.00', 1, 0, '2016-05-04 08:56:07'),
(2636, 7, '25.00', 1, 0, '2016-05-04 08:56:11'),
(2637, 7, '25.00', 1, 1, '2016-05-04 08:56:12'),
(2638, 7, '25.00', 1, 0, '2016-05-04 08:56:16'),
(2639, 7, '25.00', 1, 0, '2016-05-04 08:56:20'),
(2640, 7, '25.00', 1, 0, '2016-05-04 08:56:24'),
(2641, 7, '25.00', 1, 0, '2016-05-04 08:56:28'),
(2642, 7, '24.00', 1, 0, '2016-05-04 08:56:32'),
(2643, 7, '25.00', 1, 0, '2016-05-04 08:56:36'),
(2644, 7, '25.00', 1, 0, '2016-05-04 08:56:40'),
(2645, 7, '25.00', 1, 0, '2016-05-04 08:56:44'),
(2646, 7, '25.00', 1, 0, '2016-05-04 08:56:47'),
(2647, 7, '25.00', 1, 0, '2016-05-04 08:56:51'),
(2648, 7, '25.00', 1, 1, '2016-05-04 08:56:52'),
(2649, 7, '24.00', 1, 0, '2016-05-04 08:56:56'),
(2650, 7, '25.00', 1, 0, '2016-05-04 08:57:00'),
(2651, 7, '25.00', 1, 1, '2016-05-04 08:57:00'),
(2652, 7, '25.00', 1, 0, '2016-05-04 08:57:04'),
(2653, 7, '25.00', 1, 1, '2016-05-04 08:57:05'),
(2654, 7, '25.00', 1, 0, '2016-05-04 08:57:09'),
(2655, 7, '25.00', 1, 0, '2016-05-04 08:57:13'),
(2656, 7, '25.00', 1, 1, '2016-05-04 08:57:13'),
(2657, 7, '25.00', 1, 0, '2016-05-04 08:57:17'),
(2658, 7, '25.00', 1, 0, '2016-05-04 08:57:21'),
(2659, 7, '25.00', 1, 0, '2016-05-04 08:57:25'),
(2660, 7, '24.00', 1, 0, '2016-05-04 08:57:29'),
(2661, 7, '25.00', 1, 0, '2016-05-04 08:57:33'),
(2662, 7, '25.00', 1, 1, '2016-05-04 08:57:34'),
(2663, 7, '25.00', 1, 0, '2016-05-04 08:57:38'),
(2664, 7, '25.00', 1, 0, '2016-05-04 08:57:42'),
(2665, 7, '25.00', 1, 0, '2016-05-04 08:57:46'),
(2666, 7, '25.00', 1, 0, '2016-05-04 08:57:50'),
(2667, 7, '25.00', 1, 0, '2016-05-04 08:57:53'),
(2668, 7, '25.00', 1, 1, '2016-05-04 08:57:54'),
(2669, 7, '25.00', 1, 0, '2016-05-04 08:57:58'),
(2670, 7, '25.00', 1, 1, '2016-05-04 08:57:59'),
(2671, 7, '24.00', 1, 0, '2016-05-04 08:58:03'),
(2672, 7, '25.00', 1, 0, '2016-05-04 08:58:07'),
(2673, 7, '25.00', 1, 1, '2016-05-04 08:58:07'),
(2674, 7, '25.00', 1, 0, '2016-05-04 08:58:11'),
(2675, 7, '25.00', 1, 1, '2016-05-04 08:58:12'),
(2676, 7, '25.00', 1, 0, '2016-05-04 08:58:16'),
(2677, 7, '25.00', 1, 1, '2016-05-04 08:58:16'),
(2678, 7, '25.00', 1, 0, '2016-05-04 08:58:20'),
(2679, 7, '25.00', 1, 0, '2016-05-04 08:58:24'),
(2680, 7, '25.00', 1, 0, '2016-05-04 08:58:28'),
(2681, 7, '25.00', 1, 1, '2016-05-04 08:58:29'),
(2682, 7, '25.00', 1, 0, '2016-05-04 08:58:33'),
(2683, 7, '24.00', 1, 0, '2016-05-04 08:58:37'),
(2684, 7, '25.00', 1, 0, '2016-05-04 08:58:41'),
(2685, 7, '25.00', 1, 0, '2016-05-04 08:58:44'),
(2686, 7, '25.00', 1, 1, '2016-05-04 08:58:45'),
(2687, 7, '25.00', 1, 0, '2016-05-04 08:58:49'),
(2688, 7, '25.00', 1, 1, '2016-05-04 08:58:50'),
(2689, 7, '25.00', 1, 0, '2016-05-04 08:58:53'),
(2690, 7, '25.00', 1, 1, '2016-05-04 08:58:55'),
(2691, 7, '25.00', 1, 0, '2016-05-04 08:58:58'),
(2692, 7, '25.00', 1, 0, '2016-05-04 08:59:02'),
(2693, 7, '25.00', 1, 0, '2016-05-04 08:59:06'),
(2694, 7, '25.00', 1, 1, '2016-05-04 08:59:06'),
(2695, 7, '24.00', 1, 0, '2016-05-04 08:59:10'),
(2696, 7, '24.00', 1, 1, '2016-05-04 08:59:11'),
(2697, 7, '25.00', 1, 0, '2016-05-04 08:59:15'),
(2698, 7, '25.00', 1, 0, '2016-05-04 08:59:19'),
(2699, 7, '25.00', 1, 0, '2016-05-04 08:59:23'),
(2700, 7, '25.00', 1, 0, '2016-05-04 08:59:27'),
(2701, 7, '25.00', 1, 1, '2016-05-04 08:59:28'),
(2702, 7, '25.00', 1, 0, '2016-05-04 08:59:31'),
(2703, 7, '25.00', 1, 0, '2016-05-04 08:59:35'),
(2704, 7, '25.00', 1, 1, '2016-05-04 08:59:36'),
(2705, 7, '25.00', 1, 0, '2016-05-04 08:59:40'),
(2706, 7, '24.00', 1, 0, '2016-05-04 08:59:44'),
(2707, 7, '24.00', 1, 1, '2016-05-04 08:59:45'),
(2708, 7, '25.00', 1, 0, '2016-05-04 08:59:49'),
(2709, 7, '25.00', 1, 0, '2016-05-04 08:59:52'),
(2710, 7, '25.00', 1, 1, '2016-05-04 08:59:53'),
(2711, 7, '25.00', 1, 0, '2016-05-04 08:59:57'),
(2712, 7, '25.00', 1, 0, '2016-05-04 09:00:01'),
(2713, 7, '25.00', 1, 0, '2016-05-04 09:00:07'),
(2714, 7, '25.00', 1, 1, '2016-05-04 09:00:07'),
(2715, 7, '25.00', 1, 0, '2016-05-04 09:00:10'),
(2716, 7, '25.00', 1, 1, '2016-05-04 09:00:10'),
(2717, 7, '25.00', 1, 0, '2016-05-04 09:00:14'),
(2718, 7, '25.00', 1, 0, '2016-05-04 09:00:18'),
(2719, 7, '25.00', 1, 0, '2016-05-04 09:00:22'),
(2720, 7, '25.00', 1, 0, '2016-05-04 09:00:26'),
(2721, 7, '25.00', 1, 1, '2016-05-04 09:00:27'),
(2722, 7, '25.00', 1, 0, '2016-05-04 09:00:31'),
(2723, 7, '25.00', 1, 0, '2016-05-04 09:00:35'),
(2724, 7, '25.00', 1, 0, '2016-05-04 09:00:38'),
(2725, 7, '25.00', 1, 1, '2016-05-04 09:00:39'),
(2726, 7, '25.00', 1, 0, '2016-05-04 09:00:43'),
(2727, 7, '25.00', 1, 0, '2016-05-04 09:00:47'),
(2728, 7, '25.00', 1, 1, '2016-05-04 09:00:48'),
(2729, 7, '25.00', 1, 0, '2016-05-04 09:00:51'),
(2730, 7, '25.00', 1, 1, '2016-05-04 09:00:52'),
(2731, 7, '25.00', 1, 0, '2016-05-04 09:00:56'),
(2732, 7, '25.00', 1, 0, '2016-05-04 09:01:00'),
(2733, 7, '25.00', 1, 1, '2016-05-04 09:01:01'),
(2734, 7, '25.00', 1, 0, '2016-05-04 09:01:04'),
(2735, 7, '25.00', 1, 1, '2016-05-04 09:01:05'),
(2736, 7, '24.00', 1, 0, '2016-05-04 09:01:09'),
(2737, 7, '24.00', 1, 1, '2016-05-04 09:01:10'),
(2738, 7, '25.00', 1, 0, '2016-05-04 09:01:14'),
(2739, 7, '25.00', 1, 0, '2016-05-04 09:01:17'),
(2740, 7, '25.00', 1, 0, '2016-05-04 09:01:21'),
(2741, 7, '25.00', 1, 1, '2016-05-04 09:01:22'),
(2742, 7, '24.00', 1, 0, '2016-05-04 09:01:26'),
(2743, 7, '24.00', 1, 0, '2016-05-04 09:01:33'),
(2744, 7, '24.00', 1, 1, '2016-05-04 09:01:34'),
(2745, 7, '24.00', 1, 0, '2016-05-04 09:01:37'),
(2746, 7, '24.00', 1, 1, '2016-05-04 09:01:38'),
(2747, 7, '24.00', 1, 0, '2016-05-04 09:01:42'),
(2748, 7, '24.00', 1, 0, '2016-05-04 09:01:46'),
(2749, 7, '24.00', 1, 0, '2016-05-04 09:01:50'),
(2750, 7, '24.00', 1, 0, '2016-05-04 09:01:54'),
(2751, 7, '24.00', 1, 0, '2016-05-04 09:01:58'),
(2752, 7, '24.00', 1, 0, '2016-05-04 09:02:02'),
(2753, 7, '24.00', 1, 0, '2016-05-04 09:02:06'),
(2754, 7, '24.00', 1, 0, '2016-05-04 09:02:10'),
(2755, 7, '24.00', 1, 0, '2016-05-04 09:02:14'),
(2756, 7, '24.00', 1, 1, '2016-05-04 09:02:17'),
(2757, 7, '24.00', 1, 0, '2016-05-04 09:02:21'),
(2758, 7, '24.00', 1, 1, '2016-05-04 09:02:22'),
(2759, 7, '24.00', 1, 0, '2016-05-04 09:02:26'),
(2760, 7, '24.00', 1, 0, '2016-05-04 09:02:30'),
(2761, 7, '24.00', 1, 0, '2016-05-04 09:02:33'),
(2762, 7, '24.00', 1, 1, '2016-05-04 09:02:34'),
(2763, 7, '24.00', 1, 0, '2016-05-04 09:02:38'),
(2764, 7, '24.00', 1, 0, '2016-05-04 09:02:42'),
(2765, 7, '24.00', 1, 0, '2016-05-04 09:02:46'),
(2766, 7, '24.00', 1, 0, '2016-05-04 09:02:50'),
(2767, 7, '24.00', 1, 0, '2016-05-04 09:02:54'),
(2768, 7, '24.00', 1, 1, '2016-05-04 09:02:54'),
(2769, 7, '24.00', 1, 0, '2016-05-04 09:02:58'),
(2770, 7, '24.00', 1, 1, '2016-05-04 09:02:59'),
(2771, 7, '24.00', 1, 1, '2016-05-04 09:03:04'),
(2772, 7, '24.00', 1, 0, '2016-05-04 09:03:04'),
(2773, 7, '24.00', 1, 0, '2016-05-04 09:03:07'),
(2774, 7, '24.00', 1, 0, '2016-05-04 09:03:11'),
(2775, 7, '24.00', 1, 0, '2016-05-04 09:03:15'),
(2776, 7, '24.00', 1, 0, '2016-05-04 09:03:19'),
(2777, 7, '24.00', 1, 0, '2016-05-04 09:03:23'),
(2778, 7, '24.00', 1, 1, '2016-05-04 09:03:24'),
(2779, 7, '24.00', 1, 0, '2016-05-04 09:03:28'),
(2780, 7, '24.00', 1, 0, '2016-05-04 09:03:32'),
(2781, 7, '24.00', 1, 0, '2016-05-04 09:03:35'),
(2782, 7, '24.00', 1, 1, '2016-05-04 09:03:36'),
(2783, 7, '24.00', 1, 0, '2016-05-04 09:03:40'),
(2784, 7, '24.00', 1, 1, '2016-05-04 09:03:41'),
(2785, 7, '24.00', 1, 0, '2016-05-04 09:03:44'),
(2786, 7, '24.00', 1, 0, '2016-05-04 09:03:48'),
(2787, 7, '24.00', 1, 0, '2016-05-04 09:03:52'),
(2788, 7, '24.00', 1, 0, '2016-05-04 09:03:56'),
(2789, 7, '24.00', 1, 1, '2016-05-04 09:03:57'),
(2790, 7, '24.00', 1, 0, '2016-05-04 09:04:01'),
(2791, 7, '24.00', 1, 0, '2016-05-04 09:04:05'),
(2792, 7, '24.00', 1, 0, '2016-05-04 09:04:08'),
(2793, 7, '24.00', 1, 1, '2016-05-04 09:04:09'),
(2794, 7, '24.00', 1, 0, '2016-05-04 09:04:14'),
(2795, 7, '24.00', 1, 0, '2016-05-04 09:04:17'),
(2796, 7, '24.00', 1, 0, '2016-05-04 09:04:21'),
(2797, 7, '24.00', 1, 0, '2016-05-04 09:04:25'),
(2798, 7, '24.00', 1, 1, '2016-05-04 09:04:26'),
(2799, 7, '24.00', 1, 0, '2016-05-04 09:04:30'),
(2800, 7, '24.00', 1, 0, '2016-05-04 09:04:33'),
(2801, 7, '24.00', 1, 1, '2016-05-04 09:04:34'),
(2802, 7, '24.00', 1, 0, '2016-05-04 09:04:38'),
(2803, 7, '24.00', 1, 1, '2016-05-04 09:04:39'),
(2804, 7, '24.00', 1, 0, '2016-05-04 09:04:43'),
(2805, 7, '24.00', 1, 0, '2016-05-04 09:04:47'),
(2806, 7, '24.00', 1, 0, '2016-05-04 09:04:50'),
(2807, 7, '24.00', 1, 1, '2016-05-04 09:04:51'),
(2808, 7, '24.00', 1, 0, '2016-05-04 09:04:55'),
(2809, 7, '24.00', 1, 0, '2016-05-04 09:04:59'),
(2810, 7, '24.00', 1, 0, '2016-05-04 09:05:03'),
(2811, 7, '24.00', 1, 0, '2016-05-04 09:05:07'),
(2812, 7, '24.00', 1, 1, '2016-05-04 09:05:08'),
(2813, 7, '24.00', 1, 0, '2016-05-04 09:05:11'),
(2814, 7, '24.00', 1, 1, '2016-05-04 09:05:12'),
(2815, 7, '24.00', 1, 0, '2016-05-04 09:05:16'),
(2816, 7, '24.00', 1, 0, '2016-05-04 09:05:19'),
(2817, 7, '24.00', 1, 1, '2016-05-04 09:05:20'),
(2818, 7, '24.00', 1, 0, '2016-05-04 09:05:25'),
(2819, 7, '24.00', 1, 0, '2016-05-04 09:05:28'),
(2820, 7, '24.00', 1, 0, '2016-05-04 09:05:32'),
(2821, 7, '24.00', 1, 0, '2016-05-04 09:05:36'),
(2822, 7, '24.00', 1, 0, '2016-05-04 09:05:40'),
(2823, 7, '24.00', 1, 0, '2016-05-04 09:05:44'),
(2824, 7, '24.00', 1, 0, '2016-05-04 09:05:48'),
(2825, 7, '24.00', 1, 0, '2016-05-04 09:05:52'),
(2826, 7, '24.00', 1, 0, '2016-05-04 09:05:56'),
(2827, 7, '24.00', 1, 0, '2016-05-04 09:06:01'),
(2828, 7, '24.00', 1, 0, '2016-05-04 09:06:03'),
(2829, 7, '24.00', 1, 1, '2016-05-04 09:06:04'),
(2830, 7, '24.00', 1, 0, '2016-05-04 09:06:08'),
(2831, 7, '24.00', 1, 0, '2016-05-04 09:06:12'),
(2832, 7, '24.00', 1, 0, '2016-05-04 09:06:16'),
(2833, 7, '24.00', 1, 0, '2016-05-04 09:06:20'),
(2834, 7, '24.00', 1, 0, '2016-05-04 09:06:24'),
(2835, 7, '24.00', 1, 0, '2016-05-04 09:06:28'),
(2836, 7, '24.00', 1, 0, '2016-05-04 09:06:32'),
(2837, 7, '24.00', 1, 0, '2016-05-04 09:06:36'),
(2838, 7, '24.00', 1, 0, '2016-05-04 09:06:40'),
(2839, 7, '24.00', 1, 0, '2016-05-04 09:06:43'),
(2840, 7, '24.00', 1, 1, '2016-05-04 09:06:44'),
(2841, 7, '24.00', 1, 1, '2016-05-04 09:06:48'),
(2842, 7, '24.00', 1, 0, '2016-05-04 09:06:52'),
(2843, 7, '24.00', 1, 0, '2016-05-04 09:06:56'),
(2844, 7, '24.00', 1, 0, '2016-05-04 09:06:59'),
(2845, 7, '24.00', 1, 1, '2016-05-04 09:07:00'),
(2846, 7, '24.00', 1, 0, '2016-05-04 09:07:04'),
(2847, 7, '24.00', 1, 0, '2016-05-04 09:07:14'),
(2848, 7, '24.00', 1, 0, '2016-05-04 09:07:18'),
(2849, 7, '24.00', 1, 0, '2016-05-04 09:07:22'),
(2850, 7, '24.00', 1, 1, '2016-05-04 09:07:22'),
(2851, 7, '24.00', 1, 0, '2016-05-04 09:07:26'),
(2852, 7, '24.00', 1, 0, '2016-05-04 09:07:30'),
(2853, 7, '24.00', 1, 0, '2016-05-04 09:07:37'),
(2854, 7, '24.00', 1, 0, '2016-05-04 09:07:41'),
(2855, 7, '24.00', 1, 1, '2016-05-04 09:07:42'),
(2856, 7, '24.00', 1, 0, '2016-05-04 09:07:46'),
(2857, 7, '24.00', 1, 0, '2016-05-04 09:07:49'),
(2858, 7, '24.00', 1, 0, '2016-05-04 09:07:53'),
(2859, 7, '24.00', 1, 1, '2016-05-04 09:07:54'),
(2860, 7, '24.00', 1, 0, '2016-05-04 09:07:58'),
(2861, 7, '24.00', 1, 0, '2016-05-04 09:08:02'),
(2862, 7, '24.00', 1, 0, '2016-05-04 09:08:06'),
(2863, 7, '24.00', 1, 0, '2016-05-04 09:08:10'),
(2864, 7, '24.00', 1, 0, '2016-05-04 09:08:14'),
(2865, 7, '24.00', 1, 0, '2016-05-04 09:08:18'),
(2866, 7, '24.00', 1, 1, '2016-05-04 09:08:18'),
(2867, 7, '24.00', 1, 0, '2016-05-04 09:08:22'),
(2868, 7, '24.00', 1, 1, '2016-05-04 09:08:23'),
(2869, 7, '24.00', 1, 0, '2016-05-04 09:08:27'),
(2870, 7, '24.00', 1, 0, '2016-05-04 09:08:31'),
(2871, 7, '24.00', 1, 0, '2016-05-04 09:08:35'),
(2872, 7, '24.00', 1, 0, '2016-05-04 09:08:38'),
(2873, 7, '24.00', 1, 1, '2016-05-04 09:08:39'),
(2874, 7, '24.00', 1, 0, '2016-05-04 09:08:43'),
(2875, 7, '24.00', 1, 0, '2016-05-04 09:08:47'),
(2876, 7, '24.00', 1, 1, '2016-05-04 09:08:47'),
(2877, 7, '24.00', 1, 0, '2016-05-04 09:08:52'),
(2878, 7, '24.00', 1, 1, '2016-05-04 09:08:55'),
(2879, 7, '24.00', 1, 1, '2016-05-04 09:08:59'),
(2880, 7, '24.00', 1, 0, '2016-05-04 09:09:03'),
(2881, 7, '24.00', 1, 1, '2016-05-04 09:09:04'),
(2882, 7, '24.00', 1, 0, '2016-05-04 09:09:07'),
(2883, 7, '24.00', 1, 0, '2016-05-04 09:09:11'),
(2884, 7, '24.00', 1, 0, '2016-05-04 09:09:15'),
(2885, 7, '24.00', 1, 0, '2016-05-04 09:09:19'),
(2886, 7, '24.00', 1, 0, '2016-05-04 09:09:23'),
(2887, 7, '24.00', 1, 0, '2016-05-04 09:09:27'),
(2888, 7, '24.00', 1, 1, '2016-05-04 09:09:28'),
(2889, 7, '24.00', 1, 0, '2016-05-04 09:09:32'),
(2890, 7, '24.00', 1, 0, '2016-05-04 09:09:39'),
(2891, 7, '24.00', 1, 0, '2016-05-04 09:09:42'),
(2892, 7, '24.00', 1, 1, '2016-05-04 09:09:43'),
(2893, 7, '24.00', 1, 0, '2016-05-04 09:09:47'),
(2894, 7, '24.00', 1, 0, '2016-05-04 09:09:51'),
(2895, 7, '24.00', 1, 0, '2016-05-04 09:09:55'),
(2896, 7, '24.00', 1, 1, '2016-05-04 09:09:56'),
(2897, 7, '24.00', 1, 0, '2016-05-04 09:10:00'),
(2898, 7, '24.00', 1, 0, '2016-05-04 09:10:04'),
(2899, 7, '24.00', 1, 0, '2016-05-04 09:10:08'),
(2900, 7, '24.00', 1, 1, '2016-05-04 09:10:08'),
(2901, 7, '24.00', 1, 0, '2016-05-04 09:10:12'),
(2902, 7, '24.00', 1, 0, '2016-05-04 09:10:16'),
(2903, 7, '24.00', 1, 1, '2016-05-04 09:10:17'),
(2904, 7, '24.00', 1, 0, '2016-05-04 09:10:20'),
(2905, 7, '24.00', 1, 0, '2016-05-04 09:10:24'),
(2906, 7, '24.00', 1, 0, '2016-05-04 09:10:28'),
(2907, 7, '24.00', 1, 1, '2016-05-04 09:10:29'),
(2908, 7, '24.00', 1, 0, '2016-05-04 09:10:32'),
(2909, 7, '24.00', 1, 1, '2016-05-04 09:10:33'),
(2910, 7, '24.00', 1, 0, '2016-05-04 09:10:37'),
(2911, 7, '24.00', 1, 1, '2016-05-04 09:10:38'),
(2912, 7, '24.00', 1, 0, '2016-05-04 09:10:41'),
(2913, 7, '24.00', 1, 1, '2016-05-04 09:10:42'),
(2914, 7, '24.00', 1, 0, '2016-05-04 09:10:46'),
(2915, 7, '24.00', 1, 1, '2016-05-04 09:10:47'),
(2916, 7, '24.00', 1, 0, '2016-05-04 09:10:51'),
(2917, 7, '24.00', 1, 0, '2016-05-04 09:10:55'),
(2918, 7, '24.00', 1, 0, '2016-05-04 09:10:58'),
(2919, 7, '24.00', 1, 1, '2016-05-04 09:10:59'),
(2920, 7, '24.00', 1, 0, '2016-05-04 09:11:03'),
(2921, 7, '24.00', 1, 0, '2016-05-04 09:11:07'),
(2922, 7, '24.00', 1, 0, '2016-05-04 09:11:14'),
(2923, 7, '24.00', 1, 0, '2016-05-04 09:11:18'),
(2924, 7, '24.00', 1, 0, '2016-05-04 09:11:21'),
(2925, 7, '24.00', 1, 1, '2016-05-04 09:11:22'),
(2926, 7, '24.00', 1, 0, '2016-05-04 09:11:26'),
(2927, 7, '24.00', 1, 0, '2016-05-04 09:11:30'),
(2928, 7, '24.00', 1, 0, '2016-05-04 09:11:34'),
(2929, 7, '24.00', 1, 0, '2016-05-04 09:11:38'),
(2930, 7, '24.00', 1, 0, '2016-05-04 09:11:42'),
(2931, 7, '24.00', 1, 0, '2016-05-04 09:11:46'),
(2932, 7, '24.00', 1, 0, '2016-05-04 09:11:50'),
(2933, 7, '24.00', 1, 1, '2016-05-04 09:11:51'),
(2934, 7, '24.00', 1, 0, '2016-05-04 09:11:55'),
(2935, 7, '24.00', 1, 1, '2016-05-04 09:11:57'),
(2936, 7, '24.00', 1, 0, '2016-05-04 09:11:59'),
(2937, 7, '24.00', 1, 0, '2016-05-04 09:12:03'),
(2938, 7, '24.00', 1, 1, '2016-05-04 09:12:04'),
(2939, 7, '24.00', 1, 0, '2016-05-04 09:12:08'),
(2940, 7, '24.00', 1, 0, '2016-05-04 09:12:12'),
(2941, 7, '24.00', 1, 0, '2016-05-04 09:12:15'),
(2942, 7, '24.00', 1, 1, '2016-05-04 09:12:16'),
(2943, 7, '24.00', 1, 0, '2016-05-04 09:12:20'),
(2944, 7, '24.00', 1, 0, '2016-05-04 09:12:24'),
(2945, 7, '24.00', 1, 1, '2016-05-04 09:12:25'),
(2946, 7, '24.00', 1, 0, '2016-05-04 09:12:28'),
(2947, 7, '24.00', 1, 1, '2016-05-04 09:12:29'),
(2948, 7, '24.00', 1, 0, '2016-05-04 09:12:33'),
(2949, 7, '24.00', 1, 1, '2016-05-04 09:12:34'),
(2950, 7, '24.00', 1, 0, '2016-05-04 09:12:38'),
(2951, 7, '24.00', 1, 0, '2016-05-04 09:12:42'),
(2952, 7, '24.00', 1, 0, '2016-05-04 09:12:45'),
(2953, 7, '24.00', 1, 0, '2016-05-04 09:12:50'),
(2954, 7, '24.00', 1, 0, '2016-05-04 09:12:53'),
(2955, 7, '24.00', 1, 0, '2016-05-04 09:12:57'),
(2956, 7, '24.00', 1, 0, '2016-05-04 09:13:01'),
(2957, 7, '24.00', 1, 0, '2016-05-04 09:13:05'),
(2958, 7, '24.00', 1, 1, '2016-05-04 09:13:09'),
(2959, 7, '24.00', 1, 0, '2016-05-04 09:13:13'),
(2960, 7, '24.00', 1, 0, '2016-05-04 09:13:17'),
(2961, 7, '24.00', 1, 0, '2016-05-04 09:13:21'),
(2962, 7, '24.00', 1, 0, '2016-05-04 09:13:24'),
(2963, 7, '24.00', 1, 1, '2016-05-04 09:13:25'),
(2964, 7, '24.00', 1, 0, '2016-05-04 09:13:29'),
(2965, 7, '24.00', 1, 0, '2016-05-04 09:13:33'),
(2966, 7, '24.00', 1, 0, '2016-05-04 09:13:40'),
(2967, 7, '24.00', 1, 0, '2016-05-04 09:13:44'),
(2968, 7, '24.00', 1, 0, '2016-05-04 09:13:47'),
(2969, 7, '24.00', 1, 1, '2016-05-04 09:13:48'),
(2970, 7, '24.00', 1, 0, '2016-05-04 09:13:52'),
(2971, 7, '24.00', 1, 0, '2016-05-04 09:13:56'),
(2972, 7, '24.00', 1, 0, '2016-05-04 09:14:00'),
(2973, 7, '24.00', 1, 0, '2016-05-04 09:14:04'),
(2974, 7, '24.00', 1, 1, '2016-05-04 09:14:04'),
(2975, 7, '24.00', 1, 0, '2016-05-04 09:14:08'),
(2976, 7, '24.00', 1, 1, '2016-05-04 09:14:09'),
(2977, 7, '24.00', 1, 0, '2016-05-04 09:14:13'),
(2978, 7, '24.00', 1, 0, '2016-05-04 09:14:17'),
(2979, 7, '24.00', 1, 0, '2016-05-04 09:14:21'),
(2980, 7, '24.00', 1, 1, '2016-05-04 09:14:22'),
(2981, 7, '24.00', 1, 0, '2016-05-04 09:14:25'),
(2982, 7, '24.00', 1, 0, '2016-05-04 09:14:29'),
(2983, 7, '24.00', 1, 0, '2016-05-04 09:14:33'),
(2984, 7, '24.00', 1, 0, '2016-05-04 09:14:37'),
(2985, 7, '24.00', 1, 1, '2016-05-04 09:14:38'),
(2986, 7, '24.00', 1, 0, '2016-05-04 09:14:44'),
(2987, 7, '24.00', 1, 1, '2016-05-04 09:14:45'),
(2988, 7, '24.00', 1, 0, '2016-05-04 09:14:49'),
(2989, 7, '24.00', 1, 0, '2016-05-04 09:14:53'),
(2990, 7, '24.00', 1, 0, '2016-05-04 09:14:56'),
(2991, 7, '24.00', 1, 1, '2016-05-04 09:14:57'),
(2992, 7, '24.00', 1, 0, '2016-05-04 09:15:01'),
(2993, 7, '24.00', 1, 0, '2016-05-04 09:15:05'),
(2994, 7, '24.00', 1, 0, '2016-05-04 09:15:09'),
(2995, 7, '24.00', 1, 0, '2016-05-04 09:15:13'),
(2996, 7, '25.00', 1, 0, '2016-05-04 09:15:17'),
(2997, 7, '24.00', 1, 0, '2016-05-04 09:15:21'),
(2998, 7, '24.00', 1, 1, '2016-05-04 09:15:21'),
(2999, 7, '24.00', 1, 0, '2016-05-04 09:15:25'),
(3000, 7, '24.00', 1, 1, '2016-05-04 09:15:26'),
(3001, 7, '25.00', 1, 0, '2016-05-04 09:15:30'),
(3002, 7, '25.00', 1, 0, '2016-05-04 09:15:36'),
(3003, 7, '25.00', 1, 1, '2016-05-04 09:15:37'),
(3004, 7, '25.00', 1, 0, '2016-05-04 09:15:44'),
(3005, 7, '25.00', 1, 0, '2016-05-04 09:15:48'),
(3006, 7, '25.00', 1, 1, '2016-05-04 09:15:49'),
(3007, 7, '24.00', 1, 0, '2016-05-04 09:15:52'),
(3008, 7, '24.00', 1, 1, '2016-05-04 09:15:53'),
(3009, 7, '25.00', 1, 0, '2016-05-04 09:15:57'),
(3010, 7, '25.00', 1, 0, '2016-05-04 09:16:01'),
(3011, 7, '25.00', 1, 1, '2016-05-04 09:16:02'),
(3012, 7, '25.00', 1, 0, '2016-05-04 09:16:06'),
(3013, 7, '25.00', 1, 0, '2016-05-04 09:16:09'),
(3014, 7, '25.00', 1, 1, '2016-05-04 09:16:10'),
(3015, 7, '25.00', 1, 0, '2016-05-04 09:16:14'),
(3016, 7, '25.00', 1, 1, '2016-05-04 09:16:15'),
(3017, 7, '25.00', 1, 0, '2016-05-04 09:16:19'),
(3018, 7, '25.00', 1, 0, '2016-05-04 09:16:23'),
(3019, 7, '25.00', 1, 0, '2016-05-04 09:16:26'),
(3020, 7, '25.00', 1, 1, '2016-05-04 09:16:27'),
(3021, 7, '25.00', 1, 0, '2016-05-04 09:16:31'),
(3022, 7, '25.00', 1, 1, '2016-05-04 09:16:32'),
(3023, 7, '25.00', 1, 0, '2016-05-04 09:16:36'),
(3024, 7, '25.00', 1, 0, '2016-05-04 09:16:40'),
(3025, 7, '25.00', 1, 0, '2016-05-04 09:16:43'),
(3026, 7, '25.00', 1, 0, '2016-05-04 09:16:47'),
(3027, 7, '25.00', 1, 1, '2016-05-04 09:16:48'),
(3028, 7, '25.00', 1, 0, '2016-05-04 09:16:52'),
(3029, 7, '25.00', 1, 1, '2016-05-04 09:16:53'),
(3030, 7, '25.00', 1, 0, '2016-05-04 09:16:56'),
(3031, 7, '25.00', 1, 1, '2016-05-04 09:16:57'),
(3032, 7, '25.00', 1, 0, '2016-05-04 09:17:01'),
(3033, 7, '25.00', 1, 0, '2016-05-04 09:17:05'),
(3034, 7, '25.00', 1, 1, '2016-05-04 09:17:06'),
(3035, 7, '25.00', 1, 0, '2016-05-04 09:17:10'),
(3036, 7, '25.00', 1, 0, '2016-05-04 09:17:15'),
(3037, 7, '25.00', 1, 1, '2016-05-04 09:17:15'),
(3038, 7, '25.00', 1, 0, '2016-05-04 09:17:18'),
(3039, 7, '25.00', 1, 1, '2016-05-04 09:17:19'),
(3040, 7, '25.00', 1, 0, '2016-05-04 09:17:22'),
(3041, 7, '25.00', 1, 1, '2016-05-04 09:17:23'),
(3042, 7, '25.00', 1, 0, '2016-05-04 09:17:27'),
(3043, 7, '25.00', 1, 1, '2016-05-04 09:17:28'),
(3044, 7, '25.00', 1, 0, '2016-05-04 09:17:35'),
(3045, 7, '25.00', 1, 0, '2016-05-04 09:17:39'),
(3046, 7, '25.00', 1, 0, '2016-05-04 09:17:43'),
(3047, 7, '25.00', 1, 0, '2016-05-04 09:17:47'),
(3048, 7, '25.00', 1, 0, '2016-05-04 09:17:50'),
(3049, 7, '25.00', 1, 0, '2016-05-04 09:17:54'),
(3050, 7, '25.00', 1, 0, '2016-05-04 09:17:58'),
(3051, 7, '25.00', 1, 0, '2016-05-04 09:18:02'),
(3052, 7, '25.00', 1, 1, '2016-05-04 09:18:03'),
(3053, 7, '25.00', 1, 0, '2016-05-04 09:18:07'),
(3054, 7, '25.00', 1, 0, '2016-05-04 09:18:11'),
(3055, 7, '25.00', 1, 1, '2016-05-04 09:18:11'),
(3056, 7, '25.00', 1, 0, '2016-05-04 09:18:15'),
(3057, 7, '25.00', 1, 1, '2016-05-04 09:18:16'),
(3058, 7, '25.00', 1, 0, '2016-05-04 09:18:20'),
(3059, 7, '25.00', 1, 0, '2016-05-04 09:18:24'),
(3060, 7, '25.00', 1, 0, '2016-05-04 09:18:28'),
(3061, 7, '24.00', 1, 0, '2016-05-04 09:18:32'),
(3062, 7, '25.00', 1, 0, '2016-05-04 09:18:36'),
(3063, 7, '25.00', 1, 0, '2016-05-04 09:18:40'),
(3064, 7, '25.00', 1, 0, '2016-05-04 09:18:44'),
(3065, 7, '25.00', 1, 0, '2016-05-04 09:18:48'),
(3066, 7, '25.00', 1, 0, '2016-05-04 09:18:52'),
(3067, 7, '25.00', 1, 1, '2016-05-04 09:18:53'),
(3068, 7, '25.00', 1, 0, '2016-05-04 09:18:56'),
(3069, 7, '25.00', 1, 1, '2016-05-04 09:18:57'),
(3070, 7, '25.00', 1, 0, '2016-05-04 09:19:01'),
(3071, 7, '25.00', 1, 1, '2016-05-04 09:19:02'),
(3072, 7, '25.00', 1, 0, '2016-05-04 09:19:06'),
(3073, 7, '25.00', 1, 1, '2016-05-04 09:19:07'),
(3074, 7, '25.00', 1, 0, '2016-05-04 09:19:11'),
(3075, 7, '25.00', 1, 0, '2016-05-04 09:19:15'),
(3076, 7, '25.00', 1, 0, '2016-05-04 09:19:18'),
(3077, 7, '25.00', 1, 0, '2016-05-04 09:19:22'),
(3078, 7, '25.00', 1, 1, '2016-05-04 09:19:23'),
(3079, 7, '25.00', 1, 0, '2016-05-04 09:19:27'),
(3080, 7, '25.00', 1, 1, '2016-05-04 09:19:28'),
(3081, 7, '25.00', 1, 0, '2016-05-04 09:19:31'),
(3082, 7, '25.00', 1, 1, '2016-05-04 09:19:32'),
(3083, 7, '25.00', 1, 0, '2016-05-04 09:19:37'),
(3084, 7, '25.00', 1, 0, '2016-05-04 09:19:40'),
(3085, 7, '25.00', 1, 0, '2016-05-04 09:19:44'),
(3086, 7, '25.00', 1, 0, '2016-05-04 09:19:48'),
(3087, 7, '25.00', 1, 0, '2016-05-04 09:19:51'),
(3088, 7, '25.00', 1, 1, '2016-05-04 09:19:52'),
(3089, 7, '25.00', 1, 0, '2016-05-04 09:19:56'),
(3090, 7, '25.00', 1, 1, '2016-05-04 09:19:57'),
(3091, 7, '25.00', 1, 0, '2016-05-04 09:20:01'),
(3092, 7, '25.00', 1, 0, '2016-05-04 09:20:05'),
(3093, 7, '25.00', 1, 0, '2016-05-04 09:20:13'),
(3094, 7, '25.00', 1, 0, '2016-05-04 09:20:16'),
(3095, 7, '25.00', 1, 0, '2016-05-04 09:20:20'),
(3096, 7, '25.00', 1, 0, '2016-05-04 09:20:24'),
(3097, 7, '25.00', 1, 1, '2016-05-04 09:20:25'),
(3098, 7, '25.00', 1, 0, '2016-05-04 09:20:29'),
(3099, 7, '25.00', 1, 0, '2016-05-04 09:20:32'),
(3100, 7, '25.00', 1, 1, '2016-05-04 09:20:33'),
(3101, 7, '25.00', 1, 0, '2016-05-04 09:20:37'),
(3102, 7, '25.00', 1, 1, '2016-05-04 09:20:37'),
(3103, 7, '25.00', 1, 0, '2016-05-04 09:20:41'),
(3104, 7, '25.00', 1, 0, '2016-05-04 09:20:45'),
(3105, 7, '25.00', 1, 0, '2016-05-04 09:20:49'),
(3106, 7, '25.00', 1, 0, '2016-05-04 09:20:53'),
(3107, 7, '25.00', 1, 1, '2016-05-04 09:20:54'),
(3108, 7, '25.00', 1, 0, '2016-05-04 09:20:58'),
(3109, 7, '25.00', 1, 0, '2016-05-04 09:21:01'),
(3110, 7, '25.00', 1, 1, '2016-05-04 09:21:02'),
(3111, 7, '25.00', 1, 0, '2016-05-04 09:21:06'),
(3112, 7, '25.00', 1, 0, '2016-05-04 09:21:10'),
(3113, 7, '25.00', 1, 0, '2016-05-04 09:21:14'),
(3114, 7, '34.00', 1, 0, '2016-05-04 09:21:18'),
(3115, 7, '34.00', 1, 1, '2016-05-04 09:21:18'),
(3116, 7, '25.00', 1, 1, '2016-05-04 09:21:23'),
(3117, 7, '25.00', 1, 0, '2016-05-04 09:21:23'),
(3118, 7, '25.00', 1, 0, '2016-05-04 09:21:27'),
(3119, 7, '25.00', 1, 0, '2016-05-04 09:21:31'),
(3120, 7, '25.00', 1, 0, '2016-05-04 09:21:35'),
(3121, 7, '25.00', 1, 0, '2016-05-04 09:21:39'),
(3122, 7, '25.00', 1, 0, '2016-05-04 09:21:42'),
(3123, 7, '25.00', 1, 1, '2016-05-04 09:21:43'),
(3124, 7, '25.00', 1, 0, '2016-05-04 09:21:47'),
(3125, 7, '25.00', 1, 1, '2016-05-04 09:21:48'),
(3126, 7, '25.00', 1, 0, '2016-05-04 09:21:52'),
(3127, 7, '25.00', 1, 0, '2016-05-04 09:21:56'),
(3128, 7, '25.00', 1, 1, '2016-05-04 09:21:57'),
(3129, 7, '25.00', 1, 0, '2016-05-04 09:22:01'),
(3130, 7, '25.00', 1, 0, '2016-05-04 09:22:04'),
(3131, 7, '25.00', 1, 0, '2016-05-04 09:22:08'),
(3132, 7, '25.00', 1, 0, '2016-05-04 09:22:12'),
(3133, 7, '25.00', 1, 1, '2016-05-04 09:22:13'),
(3134, 7, '25.00', 1, 0, '2016-05-04 09:22:17'),
(3135, 7, '25.00', 1, 0, '2016-05-04 09:22:21'),
(3136, 7, '25.00', 1, 0, '2016-05-04 09:22:24'),
(3137, 7, '25.00', 1, 1, '2016-05-04 09:22:25'),
(3138, 7, '25.00', 1, 0, '2016-05-04 09:22:29'),
(3139, 7, '25.00', 1, 1, '2016-05-04 09:22:30'),
(3140, 7, '25.00', 1, 0, '2016-05-04 09:22:34'),
(3141, 7, '25.00', 1, 0, '2016-05-04 09:22:38'),
(3142, 7, '25.00', 1, 0, '2016-05-04 09:22:42'),
(3143, 7, '25.00', 1, 0, '2016-05-04 09:22:46'),
(3144, 7, '25.00', 1, 0, '2016-05-04 09:22:50'),
(3145, 7, '25.00', 1, 0, '2016-05-04 09:22:54'),
(3146, 7, '25.00', 1, 0, '2016-05-04 09:22:57'),
(3147, 7, '25.00', 1, 1, '2016-05-04 09:22:58'),
(3148, 7, '25.00', 1, 0, '2016-05-04 09:23:02'),
(3149, 7, '25.00', 1, 1, '2016-05-04 09:23:02'),
(3150, 7, '25.00', 1, 0, '2016-05-04 09:23:07'),
(3151, 7, '25.00', 1, 0, '2016-05-04 09:23:10'),
(3152, 7, '25.00', 1, 0, '2016-05-04 09:23:14'),
(3153, 7, '25.00', 1, 1, '2016-05-04 09:23:15'),
(3154, 7, '25.00', 1, 0, '2016-05-04 09:23:19'),
(3155, 7, '25.00', 1, 1, '2016-05-04 09:23:20'),
(3156, 7, '25.00', 1, 0, '2016-05-04 09:23:24'),
(3157, 7, '25.00', 1, 0, '2016-05-04 09:23:27'),
(3158, 7, '25.00', 1, 1, '2016-05-04 09:23:28'),
(3159, 7, '25.00', 1, 0, '2016-05-04 09:23:32'),
(3160, 7, '25.00', 1, 1, '2016-05-04 09:23:33'),
(3161, 7, '25.00', 1, 0, '2016-05-04 09:23:37'),
(3162, 7, '25.00', 1, 0, '2016-05-04 09:23:40'),
(3163, 7, '25.00', 1, 1, '2016-05-04 09:23:41'),
(3164, 7, '25.00', 1, 0, '2016-05-04 09:23:45'),
(3165, 7, '25.00', 1, 1, '2016-05-04 09:23:46'),
(3166, 7, '25.00', 1, 0, '2016-05-04 09:23:49'),
(3167, 7, '25.00', 1, 1, '2016-05-04 09:23:50'),
(3168, 7, '25.00', 1, 0, '2016-05-04 09:23:54'),
(3169, 7, '25.00', 1, 0, '2016-05-04 09:23:58'),
(3170, 7, '25.00', 1, 1, '2016-05-04 09:23:59'),
(3171, 7, '25.00', 1, 0, '2016-05-04 09:24:02'),
(3172, 7, '25.00', 1, 1, '2016-05-04 09:24:03'),
(3173, 7, '25.00', 1, 0, '2016-05-04 09:24:07'),
(3174, 7, '25.00', 1, 1, '2016-05-04 09:24:08'),
(3175, 7, '25.00', 1, 0, '2016-05-04 09:24:11'),
(3176, 7, '25.00', 1, 1, '2016-05-04 09:24:12'),
(3177, 7, '25.00', 1, 0, '2016-05-04 09:24:16'),
(3178, 7, '25.00', 1, 1, '2016-05-04 09:24:17'),
(3179, 7, '25.00', 1, 0, '2016-05-04 09:24:21'),
(3180, 7, '25.00', 1, 0, '2016-05-04 09:24:24'),
(3181, 7, '25.00', 1, 1, '2016-05-04 09:24:25'),
(3182, 7, '25.00', 1, 0, '2016-05-04 09:24:29'),
(3183, 7, '24.00', 1, 0, '2016-05-04 09:24:33'),
(3184, 7, '24.00', 1, 1, '2016-05-04 09:24:34'),
(3185, 7, '25.00', 1, 0, '2016-05-04 09:24:37'),
(3186, 7, '25.00', 1, 1, '2016-05-04 09:24:38'),
(3187, 7, '25.00', 1, 0, '2016-05-04 09:24:42'),
(3188, 7, '25.00', 1, 0, '2016-05-04 09:24:46'),
(3189, 7, '25.00', 1, 0, '2016-05-04 09:24:50'),
(3190, 7, '25.00', 1, 0, '2016-05-04 09:24:54'),
(3191, 7, '25.00', 1, 1, '2016-05-04 09:24:55'),
(3192, 7, '25.00', 1, 0, '2016-05-04 09:24:59'),
(3193, 7, '25.00', 1, 0, '2016-05-04 09:25:03'),
(3194, 7, '25.00', 1, 0, '2016-05-04 09:25:06'),
(3195, 7, '25.00', 1, 1, '2016-05-04 09:25:07'),
(3196, 7, '25.00', 1, 0, '2016-05-04 09:25:11'),
(3197, 7, '25.00', 1, 1, '2016-05-04 09:25:12'),
(3198, 7, '25.00', 1, 0, '2016-05-04 09:25:16'),
(3199, 7, '25.00', 1, 0, '2016-05-04 09:25:20'),
(3200, 7, '25.00', 1, 0, '2016-05-04 09:25:23'),
(3201, 7, '25.00', 1, 1, '2016-05-04 09:25:24'),
(3202, 7, '25.00', 1, 0, '2016-05-04 09:25:28'),
(3203, 7, '25.00', 1, 0, '2016-05-04 09:25:32'),
(3204, 7, '25.00', 1, 0, '2016-05-04 09:25:36'),
(3205, 7, '25.00', 1, 0, '2016-05-04 09:25:40'),
(3206, 7, '25.00', 1, 0, '2016-05-04 09:25:44'),
(3207, 7, '25.00', 1, 0, '2016-05-04 09:25:48'),
(3208, 7, '25.00', 1, 0, '2016-05-04 09:25:52'),
(3209, 7, '25.00', 1, 0, '2016-05-04 09:25:56'),
(3210, 7, '25.00', 1, 0, '2016-05-04 09:26:00'),
(3211, 7, '25.00', 1, 1, '2016-05-04 09:26:01'),
(3212, 7, '25.00', 1, 0, '2016-05-04 09:26:04'),
(3213, 7, '25.00', 1, 1, '2016-05-04 09:26:05'),
(3214, 7, '25.00', 1, 0, '2016-05-04 09:26:09'),
(3215, 7, '25.00', 1, 1, '2016-05-04 09:26:10'),
(3216, 7, '25.00', 1, 0, '2016-05-04 09:26:14'),
(3217, 7, '25.00', 1, 0, '2016-05-04 09:26:18'),
(3218, 7, '25.00', 1, 0, '2016-05-04 09:26:22');
INSERT INTO `deviceInputHistory` (`auto_Id`, `sensorTypeId`, `Temp`, `activity_Id`, `status`, `CreatedDate`) VALUES
(3219, 7, '25.00', 1, 0, '2016-05-04 09:26:26'),
(3220, 7, '25.00', 1, 0, '2016-05-04 09:26:29'),
(3221, 7, '25.00', 1, 0, '2016-05-04 09:26:33'),
(3222, 7, '25.00', 1, 1, '2016-05-04 09:26:34'),
(3223, 7, '25.00', 1, 0, '2016-05-04 09:26:38'),
(3224, 7, '25.00', 1, 0, '2016-05-04 09:26:43'),
(3225, 7, '25.00', 1, 0, '2016-05-04 09:26:46'),
(3226, 7, '25.00', 1, 0, '2016-05-04 09:26:50'),
(3227, 7, '25.00', 1, 0, '2016-05-04 09:26:53'),
(3228, 7, '25.00', 1, 1, '2016-05-04 09:26:54'),
(3229, 7, '25.00', 1, 1, '2016-05-04 09:26:58'),
(3230, 7, '25.00', 1, 0, '2016-05-04 09:27:02'),
(3231, 7, '25.00', 1, 0, '2016-05-04 09:27:05'),
(3232, 7, '25.00', 1, 1, '2016-05-04 09:27:06'),
(3233, 7, '25.00', 1, 0, '2016-05-04 09:27:10'),
(3234, 7, '25.00', 1, 0, '2016-05-04 09:27:14'),
(3235, 7, '25.00', 1, 0, '2016-05-04 09:27:18'),
(3236, 7, '25.00', 1, 0, '2016-05-04 09:27:25'),
(3237, 7, '25.00', 1, 1, '2016-05-04 09:27:26'),
(3238, 7, '25.00', 1, 0, '2016-05-04 09:27:29'),
(3239, 7, '25.00', 1, 1, '2016-05-04 09:27:30'),
(3240, 7, '25.00', 1, 0, '2016-05-04 09:27:34'),
(3241, 7, '25.00', 1, 0, '2016-05-04 09:27:38'),
(3242, 7, '25.00', 1, 1, '2016-05-04 09:27:39'),
(3243, 7, '25.00', 1, 0, '2016-05-04 09:27:43'),
(3244, 7, '25.00', 1, 0, '2016-05-04 09:27:47'),
(3245, 7, '25.00', 1, 0, '2016-05-04 09:27:50'),
(3246, 7, '25.00', 1, 1, '2016-05-04 09:27:51'),
(3247, 7, '25.00', 1, 0, '2016-05-04 09:27:55'),
(3248, 7, '25.00', 1, 1, '2016-05-04 09:27:56'),
(3249, 7, '25.00', 1, 0, '2016-05-04 09:28:00'),
(3250, 7, '25.00', 1, 0, '2016-05-04 09:28:03'),
(3251, 7, '25.00', 1, 1, '2016-05-04 09:28:04'),
(3252, 7, '25.00', 1, 1, '2016-05-04 09:28:08'),
(3253, 7, '25.00', 1, 0, '2016-05-04 09:28:12'),
(3254, 7, '25.00', 1, 1, '2016-05-04 09:28:12'),
(3255, 7, '25.00', 1, 0, '2016-05-04 09:28:16'),
(3256, 7, '25.00', 1, 1, '2016-05-04 09:28:17'),
(3257, 7, '25.00', 1, 0, '2016-05-04 09:28:21'),
(3258, 7, '25.00', 1, 0, '2016-05-04 09:28:25'),
(3259, 7, '25.00', 1, 0, '2016-05-04 09:28:29'),
(3260, 7, '25.00', 1, 0, '2016-05-04 09:28:33'),
(3261, 7, '25.00', 1, 0, '2016-05-04 09:28:37'),
(3262, 7, '25.00', 1, 0, '2016-05-04 09:28:41'),
(3263, 7, '25.00', 1, 0, '2016-05-04 09:28:45'),
(3264, 7, '25.00', 1, 0, '2016-05-04 09:28:49'),
(3265, 7, '25.00', 1, 1, '2016-05-04 09:28:50'),
(3266, 7, '25.00', 1, 0, '2016-05-04 09:28:53'),
(3267, 7, '25.00', 1, 0, '2016-05-04 09:28:57'),
(3268, 7, '25.00', 1, 1, '2016-05-04 09:28:58'),
(3269, 7, '25.00', 1, 0, '2016-05-04 09:29:02'),
(3270, 7, '25.00', 1, 0, '2016-05-04 09:29:06'),
(3271, 7, '25.00', 1, 1, '2016-05-04 09:29:07'),
(3272, 7, '25.00', 1, 0, '2016-05-04 09:29:10'),
(3273, 7, '25.00', 1, 1, '2016-05-04 09:29:11'),
(3274, 7, '25.00', 1, 0, '2016-05-04 09:29:14'),
(3275, 7, '25.00', 1, 1, '2016-05-04 09:29:15'),
(3276, 7, '25.00', 1, 0, '2016-05-04 09:29:19'),
(3277, 7, '25.00', 1, 0, '2016-05-04 09:29:23'),
(3278, 7, '25.00', 1, 0, '2016-05-04 09:29:27'),
(3279, 7, '25.00', 1, 1, '2016-05-04 09:29:28'),
(3280, 7, '25.00', 1, 0, '2016-05-04 09:29:32'),
(3281, 7, '25.00', 1, 0, '2016-05-04 09:29:35'),
(3282, 7, '25.00', 1, 1, '2016-05-04 09:29:36'),
(3283, 7, '25.00', 1, 0, '2016-05-04 09:29:40'),
(3284, 7, '25.00', 1, 0, '2016-05-04 09:29:44'),
(3285, 7, '25.00', 1, 0, '2016-05-04 09:29:48'),
(3286, 7, '25.00', 1, 0, '2016-05-04 09:29:52'),
(3287, 7, '25.00', 1, 0, '2016-05-04 09:29:55'),
(3288, 7, '25.00', 1, 1, '2016-05-04 09:29:56'),
(3289, 7, '25.00', 1, 0, '2016-05-04 09:30:00'),
(3290, 7, '25.00', 1, 0, '2016-05-04 09:30:03'),
(3291, 7, '25.00', 1, 1, '2016-05-04 09:30:04'),
(3292, 7, '25.00', 1, 0, '2016-05-04 09:30:08'),
(3293, 7, '25.00', 1, 0, '2016-05-04 09:30:12'),
(3294, 7, '25.00', 1, 0, '2016-05-04 09:30:16'),
(3295, 7, '25.00', 1, 1, '2016-05-04 09:30:17'),
(3296, 7, '25.00', 1, 0, '2016-05-04 09:30:20'),
(3297, 7, '25.00', 1, 0, '2016-05-04 09:30:24'),
(3298, 7, '25.00', 1, 0, '2016-05-04 09:30:28'),
(3299, 7, '25.00', 1, 0, '2016-05-04 09:30:32'),
(3300, 7, '25.00', 1, 0, '2016-05-04 09:30:36'),
(3301, 7, '25.00', 1, 0, '2016-05-04 09:30:40'),
(3302, 7, '25.00', 1, 1, '2016-05-04 09:30:40'),
(3303, 7, '25.00', 1, 0, '2016-05-04 09:30:44'),
(3304, 7, '25.00', 1, 0, '2016-05-04 09:30:49'),
(3305, 7, '25.00', 1, 0, '2016-05-04 09:30:52'),
(3306, 7, '25.00', 1, 1, '2016-05-04 09:30:53'),
(3307, 7, '25.00', 1, 0, '2016-05-04 09:30:59'),
(3308, 7, '25.00', 1, 0, '2016-05-04 09:31:03'),
(3309, 7, '25.00', 1, 0, '2016-05-04 09:31:07'),
(3310, 7, '25.60', 1, 0, '2016-05-04 10:07:01'),
(3311, 7, '27.50', 1, 0, '2016-05-04 10:07:05'),
(3312, 7, '27.50', 1, 1, '2016-05-04 10:07:06'),
(3313, 7, '27.50', 1, 0, '2016-05-04 10:07:09'),
(3314, 7, '27.50', 1, 1, '2016-05-04 10:07:10'),
(3315, 7, '29.50', 1, 0, '2016-05-04 10:07:16'),
(3316, 7, '29.50', 1, 1, '2016-05-04 10:07:17'),
(3317, 7, '27.50', 1, 0, '2016-05-04 10:07:21'),
(3318, 7, '27.50', 1, 1, '2016-05-04 10:07:22'),
(3319, 7, '27.50', 1, 0, '2016-05-04 10:07:25'),
(3320, 7, '27.50', 1, 0, '2016-05-04 10:07:29'),
(3321, 7, '27.50', 1, 1, '2016-05-04 10:07:30'),
(3322, 7, '27.50', 1, 0, '2016-05-04 10:07:33'),
(3323, 7, '27.50', 1, 1, '2016-05-04 10:07:34'),
(3324, 7, '27.40', 1, 0, '2016-05-04 10:07:38'),
(3325, 7, '27.40', 1, 1, '2016-05-04 10:07:38'),
(3326, 7, '27.50', 1, 0, '2016-05-04 10:07:42'),
(3327, 7, '27.50', 1, 1, '2016-05-04 10:07:43'),
(3328, 7, '27.50', 1, 0, '2016-05-04 10:07:46'),
(3329, 7, '27.50', 1, 1, '2016-05-04 10:07:47'),
(3330, 7, '27.50', 1, 0, '2016-05-04 10:07:51'),
(3331, 7, '27.50', 1, 0, '2016-05-04 10:07:55'),
(3332, 7, '27.50', 1, 1, '2016-05-04 10:07:55'),
(3333, 7, '27.50', 1, 0, '2016-05-04 10:07:59'),
(3334, 7, '31.30', 1, 0, '2016-05-04 10:08:03'),
(3335, 7, '31.30', 1, 1, '2016-05-04 10:08:04'),
(3336, 7, '27.50', 1, 0, '2016-05-04 10:08:08'),
(3337, 7, '27.50', 1, 1, '2016-05-04 10:08:08'),
(3338, 7, '27.50', 1, 0, '2016-05-04 10:08:12'),
(3339, 7, '27.50', 1, 0, '2016-05-04 10:08:16'),
(3340, 7, '27.50', 1, 1, '2016-05-04 10:08:16'),
(3341, 7, '27.50', 1, 0, '2016-05-04 10:08:20'),
(3342, 7, '27.50', 1, 1, '2016-05-04 10:08:21'),
(3343, 7, '27.50', 1, 0, '2016-05-04 10:08:25'),
(3344, 7, '27.50', 1, 1, '2016-05-04 10:08:25'),
(3345, 7, '27.50', 1, 1, '2016-05-04 10:08:29'),
(3346, 7, '27.50', 1, 0, '2016-05-04 10:08:33'),
(3347, 7, '27.50', 1, 1, '2016-05-04 10:08:33'),
(3348, 7, '27.50', 1, 0, '2016-05-04 10:08:37'),
(3349, 7, '27.50', 1, 0, '2016-05-04 10:08:41'),
(3350, 7, '27.50', 1, 1, '2016-05-04 10:08:42'),
(3351, 7, '27.50', 1, 0, '2016-05-04 10:08:45'),
(3352, 7, '27.50', 1, 1, '2016-05-04 10:08:46'),
(3353, 7, '27.50', 1, 0, '2016-05-04 10:08:50'),
(3354, 7, '27.50', 1, 1, '2016-05-04 10:08:50'),
(3355, 7, '27.50', 1, 0, '2016-05-04 10:08:54'),
(3356, 7, '27.50', 1, 1, '2016-05-04 10:08:55'),
(3357, 7, '27.50', 1, 0, '2016-05-04 10:08:58'),
(3358, 7, '27.50', 1, 1, '2016-05-04 10:08:59'),
(3359, 7, '27.50', 1, 0, '2016-05-04 10:09:03'),
(3360, 7, '27.50', 1, 1, '2016-05-04 10:09:03'),
(3361, 7, '28.10', 1, 0, '2016-05-04 10:09:07'),
(3362, 7, '28.10', 1, 1, '2016-05-04 10:09:08'),
(3363, 7, '27.50', 1, 0, '2016-05-04 10:09:11'),
(3364, 7, '27.50', 1, 1, '2016-05-04 10:09:12'),
(3365, 7, '27.50', 1, 0, '2016-05-04 10:09:16'),
(3366, 7, '27.50', 1, 1, '2016-05-04 10:09:17'),
(3367, 7, '27.40', 1, 0, '2016-05-04 10:09:21'),
(3368, 7, '27.40', 1, 1, '2016-05-04 10:09:21'),
(3369, 7, '27.40', 1, 1, '2016-05-04 10:09:25'),
(3370, 7, '27.40', 1, 0, '2016-05-04 10:09:29'),
(3371, 7, '27.40', 1, 1, '2016-05-04 10:09:29'),
(3372, 7, '27.40', 1, 0, '2016-05-04 10:09:33'),
(3373, 7, '27.40', 1, 1, '2016-05-04 10:09:34'),
(3374, 7, '27.50', 1, 0, '2016-05-04 10:09:37'),
(3375, 7, '27.50', 1, 1, '2016-05-04 10:09:38'),
(3376, 7, '27.50', 1, 1, '2016-05-04 10:09:42'),
(3377, 7, '27.40', 1, 0, '2016-05-04 10:09:46'),
(3378, 7, '27.40', 1, 0, '2016-05-04 10:09:49'),
(3379, 7, '27.40', 1, 0, '2016-05-04 10:09:53'),
(3380, 7, '27.40', 1, 1, '2016-05-04 10:09:57'),
(3381, 7, '27.40', 1, 0, '2016-05-04 10:10:00'),
(3382, 7, '27.40', 1, 1, '2016-05-04 10:10:01'),
(3383, 7, '27.40', 1, 0, '2016-05-04 10:10:05'),
(3384, 7, '27.40', 1, 1, '2016-05-04 10:10:05'),
(3385, 7, '29.70', 1, 0, '2016-05-04 10:10:09'),
(3386, 7, '29.70', 1, 1, '2016-05-04 10:10:10'),
(3387, 7, '27.40', 1, 0, '2016-05-04 10:10:14'),
(3388, 7, '27.40', 1, 0, '2016-05-04 10:10:17'),
(3389, 7, '27.40', 1, 1, '2016-05-04 10:10:18'),
(3390, 7, '27.40', 1, 0, '2016-05-04 10:10:22'),
(3391, 7, '27.40', 1, 1, '2016-05-04 10:10:22'),
(3392, 7, '27.40', 1, 0, '2016-05-04 10:10:26'),
(3393, 7, '27.40', 1, 1, '2016-05-04 10:10:27'),
(3394, 7, '27.40', 1, 0, '2016-05-04 10:10:30'),
(3395, 7, '27.40', 1, 1, '2016-05-04 10:10:31'),
(3396, 7, '27.40', 1, 0, '2016-05-04 10:10:35'),
(3397, 7, '27.40', 1, 1, '2016-05-04 10:10:35'),
(3398, 7, '27.40', 1, 0, '2016-05-04 10:10:39'),
(3399, 7, '27.40', 1, 1, '2016-05-04 10:10:39'),
(3400, 7, '27.40', 1, 0, '2016-05-04 10:10:43'),
(3401, 7, '27.40', 1, 1, '2016-05-04 10:10:44'),
(3402, 7, '27.40', 1, 0, '2016-05-04 10:10:47'),
(3403, 7, '27.40', 1, 1, '2016-05-04 10:10:48'),
(3404, 7, '27.40', 1, 0, '2016-05-04 10:10:52'),
(3405, 7, '27.40', 1, 1, '2016-05-04 10:10:52'),
(3406, 7, '27.40', 1, 1, '2016-05-04 10:10:56'),
(3407, 7, '27.40', 1, 0, '2016-05-04 10:11:00'),
(3408, 7, '27.40', 1, 1, '2016-05-04 10:11:00'),
(3409, 7, '27.40', 1, 0, '2016-05-04 10:11:04'),
(3410, 7, '27.40', 1, 0, '2016-05-04 10:11:08'),
(3411, 7, '27.40', 1, 1, '2016-05-04 10:11:08'),
(3412, 7, '27.40', 1, 1, '2016-05-04 10:11:12'),
(3413, 7, '27.40', 1, 0, '2016-05-04 10:11:16'),
(3414, 7, '27.40', 1, 0, '2016-05-04 10:11:20'),
(3415, 7, '27.40', 1, 0, '2016-05-04 10:11:24'),
(3416, 7, '27.40', 1, 1, '2016-05-04 10:11:25'),
(3417, 7, '27.40', 1, 0, '2016-05-04 10:11:28'),
(3418, 7, '27.40', 1, 1, '2016-05-04 10:11:29'),
(3419, 7, '27.40', 1, 0, '2016-05-04 10:11:33'),
(3420, 7, '27.40', 1, 1, '2016-05-04 10:11:34'),
(3421, 7, '27.40', 1, 0, '2016-05-04 10:11:37'),
(3422, 7, '27.40', 1, 1, '2016-05-04 10:11:38'),
(3423, 7, '27.40', 1, 0, '2016-05-04 10:11:47'),
(3424, 7, '27.40', 1, 1, '2016-05-04 10:11:48'),
(3425, 7, '27.40', 1, 0, '2016-05-04 10:11:51'),
(3426, 7, '27.40', 1, 1, '2016-05-04 10:11:52'),
(3427, 7, '27.70', 1, 0, '2016-05-04 10:11:56'),
(3428, 7, '27.70', 1, 1, '2016-05-04 10:11:56'),
(3429, 7, '27.40', 1, 0, '2016-05-04 10:12:00'),
(3430, 7, '27.40', 1, 0, '2016-05-04 10:12:08'),
(3431, 7, '27.40', 1, 1, '2016-05-04 10:12:09'),
(3432, 7, '27.40', 1, 0, '2016-05-04 10:12:12'),
(3433, 7, '27.40', 1, 1, '2016-05-04 10:12:13'),
(3434, 7, '27.40', 1, 0, '2016-05-04 10:12:20'),
(3435, 7, '27.40', 1, 1, '2016-05-04 10:12:20'),
(3436, 7, '27.40', 1, 0, '2016-05-04 10:12:24'),
(3437, 7, '27.40', 1, 1, '2016-05-04 10:12:25'),
(3438, 7, '27.40', 1, 1, '2016-05-04 10:12:28'),
(3439, 7, '27.40', 1, 0, '2016-05-04 10:12:32'),
(3440, 7, '27.40', 1, 1, '2016-05-04 10:12:33'),
(3441, 7, '27.40', 1, 0, '2016-05-04 10:12:36'),
(3442, 7, '27.40', 1, 1, '2016-05-04 10:12:37'),
(3443, 7, '27.40', 1, 0, '2016-05-04 10:12:41'),
(3444, 7, '27.40', 1, 0, '2016-05-04 10:12:45'),
(3445, 7, '27.40', 1, 1, '2016-05-04 10:12:45'),
(3446, 7, '27.40', 1, 0, '2016-05-04 10:12:49'),
(3447, 7, '27.40', 1, 1, '2016-05-04 10:12:49'),
(3448, 7, '27.40', 1, 0, '2016-05-04 10:12:53'),
(3449, 7, '27.40', 1, 1, '2016-05-04 10:12:54'),
(3450, 7, '27.40', 1, 0, '2016-05-04 10:12:57'),
(3451, 7, '27.40', 1, 1, '2016-05-04 10:12:58'),
(3452, 7, '27.40', 1, 0, '2016-05-04 10:13:02'),
(3453, 7, '27.40', 1, 1, '2016-05-04 10:13:03'),
(3454, 7, '27.40', 1, 0, '2016-05-04 10:13:06'),
(3455, 7, '27.40', 1, 0, '2016-05-04 10:13:10'),
(3456, 7, '27.40', 1, 1, '2016-05-04 10:13:11'),
(3457, 7, '27.40', 1, 1, '2016-05-04 10:13:14'),
(3458, 7, '29.70', 1, 0, '2016-05-04 10:13:18'),
(3459, 7, '29.70', 1, 1, '2016-05-04 10:13:19'),
(3460, 7, '27.40', 1, 0, '2016-05-04 10:13:22'),
(3461, 7, '27.40', 1, 1, '2016-05-04 10:13:23'),
(3462, 7, '27.50', 1, 0, '2016-05-04 10:13:30'),
(3463, 7, '27.50', 1, 0, '2016-05-04 10:13:33'),
(3464, 7, '27.50', 1, 1, '2016-05-04 10:13:34'),
(3465, 7, '27.50', 1, 0, '2016-05-04 10:13:38'),
(3466, 7, '27.50', 1, 0, '2016-05-04 10:13:44'),
(3467, 7, '27.40', 1, 0, '2016-05-04 10:13:50'),
(3468, 7, '27.40', 1, 1, '2016-05-04 10:13:50'),
(3469, 7, '27.50', 1, 0, '2016-05-04 10:13:54'),
(3470, 7, '27.50', 1, 0, '2016-05-04 10:13:58'),
(3471, 7, '27.50', 1, 1, '2016-05-04 10:13:58'),
(3472, 7, '27.40', 1, 0, '2016-05-04 10:14:02'),
(3473, 7, '27.40', 1, 0, '2016-05-04 10:14:06'),
(3474, 7, '27.40', 1, 1, '2016-05-04 10:14:06'),
(3475, 7, '27.40', 1, 0, '2016-05-04 10:14:10'),
(3476, 7, '27.40', 1, 1, '2016-05-04 10:14:11'),
(3477, 7, '27.40', 1, 0, '2016-05-04 10:14:15'),
(3478, 7, '27.40', 1, 1, '2016-05-04 10:14:15'),
(3479, 7, '27.50', 1, 0, '2016-05-04 10:14:19'),
(3480, 7, '27.50', 1, 1, '2016-05-04 10:14:20'),
(3481, 7, '27.40', 1, 0, '2016-05-04 10:14:24'),
(3482, 7, '27.40', 1, 0, '2016-05-04 10:14:27'),
(3483, 7, '27.40', 1, 1, '2016-05-04 10:14:28'),
(3484, 7, '27.40', 1, 0, '2016-05-04 10:14:31'),
(3485, 7, '27.40', 1, 1, '2016-05-04 10:14:32'),
(3486, 7, '27.40', 1, 1, '2016-05-04 10:14:36'),
(3487, 7, '27.40', 1, 0, '2016-05-04 10:14:40'),
(3488, 7, '27.50', 1, 0, '2016-05-04 10:14:43'),
(3489, 7, '27.50', 1, 1, '2016-05-04 10:14:44'),
(3490, 7, '27.40', 1, 0, '2016-05-04 10:14:48'),
(3491, 7, '27.40', 1, 1, '2016-05-04 10:14:49'),
(3492, 7, '27.40', 1, 0, '2016-05-04 10:14:53'),
(3493, 7, '27.40', 1, 1, '2016-05-04 10:14:53'),
(3494, 7, '27.40', 1, 1, '2016-05-04 10:14:57'),
(3495, 7, '27.40', 1, 0, '2016-05-04 10:15:01'),
(3496, 7, '27.40', 1, 1, '2016-05-04 10:15:01'),
(3497, 7, '27.40', 1, 0, '2016-05-04 10:15:05'),
(3498, 7, '27.40', 1, 1, '2016-05-04 10:15:06'),
(3499, 7, '27.40', 1, 0, '2016-05-04 10:15:09'),
(3500, 7, '27.40', 1, 0, '2016-05-04 10:15:13'),
(3501, 7, '27.40', 1, 1, '2016-05-04 10:15:14'),
(3502, 7, '27.40', 1, 0, '2016-05-04 10:15:18'),
(3503, 7, '27.40', 1, 0, '2016-05-04 10:15:27'),
(3504, 7, '27.40', 1, 1, '2016-05-04 10:15:28'),
(3505, 7, '27.40', 1, 0, '2016-05-04 10:15:32'),
(3506, 7, '25.60', 1, 0, '2016-05-04 10:15:35'),
(3507, 7, '25.60', 1, 1, '2016-05-04 10:15:39'),
(3508, 7, '27.40', 1, 0, '2016-05-04 10:15:43'),
(3509, 7, '27.40', 1, 0, '2016-05-04 10:15:47'),
(3510, 7, '27.40', 1, 1, '2016-05-04 10:15:47'),
(3511, 7, '27.40', 1, 0, '2016-05-04 10:15:51'),
(3512, 7, '27.40', 1, 0, '2016-05-04 10:15:55'),
(3513, 7, '27.40', 1, 1, '2016-05-04 10:15:56'),
(3514, 7, '27.40', 1, 0, '2016-05-04 10:15:59'),
(3515, 7, '27.40', 1, 1, '2016-05-04 10:16:00'),
(3516, 7, '27.40', 1, 0, '2016-05-04 10:16:03'),
(3517, 7, '27.40', 1, 1, '2016-05-04 10:16:04'),
(3518, 7, '27.40', 1, 1, '2016-05-04 10:16:08'),
(3519, 7, '27.40', 1, 1, '2016-05-04 10:16:12'),
(3520, 7, '27.40', 1, 0, '2016-05-04 10:16:15'),
(3521, 7, '27.40', 1, 1, '2016-05-04 10:16:16'),
(3522, 7, '27.40', 1, 1, '2016-05-04 10:16:20'),
(3523, 7, '27.40', 1, 0, '2016-05-04 10:16:24'),
(3524, 7, '27.40', 1, 1, '2016-05-04 10:16:24'),
(3525, 7, '27.40', 1, 0, '2016-05-04 10:16:31'),
(3526, 7, '27.40', 1, 1, '2016-05-04 10:16:31'),
(3527, 7, '27.40', 1, 0, '2016-05-04 10:16:35'),
(3528, 7, '27.40', 1, 0, '2016-05-04 10:16:39'),
(3529, 7, '27.40', 1, 1, '2016-05-04 10:16:43'),
(3530, 7, '27.40', 1, 0, '2016-05-04 10:16:46'),
(3531, 7, '27.40', 1, 1, '2016-05-04 10:16:47'),
(3532, 7, '27.40', 1, 0, '2016-05-04 10:16:52'),
(3533, 7, '27.40', 1, 1, '2016-05-04 10:16:52'),
(3534, 7, '27.40', 1, 0, '2016-05-04 10:16:55'),
(3535, 7, '27.40', 1, 1, '2016-05-04 10:16:56'),
(3536, 7, '27.40', 1, 0, '2016-05-04 10:17:00'),
(3537, 7, '27.40', 1, 0, '2016-05-04 10:17:03'),
(3538, 7, '27.40', 1, 1, '2016-05-04 10:17:04'),
(3539, 7, '27.40', 1, 0, '2016-05-04 10:17:08'),
(3540, 7, '27.40', 1, 1, '2016-05-04 10:17:08'),
(3541, 7, '27.40', 1, 0, '2016-05-04 10:17:12'),
(3542, 7, '27.40', 1, 1, '2016-05-04 10:17:13'),
(3543, 7, '27.40', 1, 0, '2016-05-04 10:17:16'),
(3544, 7, '27.40', 1, 1, '2016-05-04 10:17:17'),
(3545, 7, '27.40', 1, 0, '2016-05-04 10:17:20'),
(3546, 7, '27.40', 1, 1, '2016-05-04 10:17:21'),
(3547, 7, '27.40', 1, 0, '2016-05-04 10:17:25'),
(3548, 7, '27.40', 1, 1, '2016-05-04 10:17:26'),
(3549, 7, '27.40', 1, 0, '2016-05-04 10:17:29'),
(3550, 7, '27.40', 1, 0, '2016-05-04 10:17:33'),
(3551, 7, '27.40', 1, 1, '2016-05-04 10:17:34'),
(3552, 7, '27.40', 1, 0, '2016-05-04 10:17:37'),
(3553, 7, '27.40', 1, 0, '2016-05-04 10:17:41'),
(3554, 7, '27.40', 1, 1, '2016-05-04 10:17:42'),
(3555, 7, '27.30', 1, 0, '2016-05-04 10:17:45'),
(3556, 7, '27.30', 1, 1, '2016-05-04 10:17:46'),
(3557, 7, '27.40', 1, 0, '2016-05-04 10:17:50'),
(3558, 7, '27.40', 1, 1, '2016-05-04 10:17:50'),
(3559, 7, '27.40', 1, 0, '2016-05-04 10:17:54'),
(3560, 7, '27.40', 1, 1, '2016-05-04 10:17:55'),
(3561, 7, '27.40', 1, 0, '2016-05-04 10:17:58'),
(3562, 7, '27.40', 1, 1, '2016-05-04 10:17:59'),
(3563, 7, '27.40', 1, 0, '2016-05-04 10:18:03'),
(3564, 7, '27.40', 1, 1, '2016-05-04 10:18:04'),
(3565, 7, '27.40', 1, 0, '2016-05-04 10:18:08'),
(3566, 7, '27.40', 1, 1, '2016-05-04 10:18:09'),
(3567, 7, '27.40', 1, 0, '2016-05-04 10:18:13'),
(3568, 7, '27.40', 1, 1, '2016-05-04 10:18:13'),
(3569, 7, '27.40', 1, 0, '2016-05-04 10:18:17'),
(3570, 7, '27.40', 1, 1, '2016-05-04 10:18:18'),
(3571, 7, '27.40', 1, 0, '2016-05-04 10:18:22'),
(3572, 7, '27.40', 1, 0, '2016-05-04 10:18:26'),
(3573, 7, '27.40', 1, 1, '2016-05-04 10:18:27'),
(3574, 7, '28.70', 1, 0, '2016-05-04 10:18:30'),
(3575, 7, '28.70', 1, 1, '2016-05-04 10:18:31'),
(3576, 7, '27.40', 1, 0, '2016-05-04 10:18:35'),
(3577, 7, '27.40', 1, 1, '2016-05-04 10:18:35'),
(3578, 7, '27.40', 1, 0, '2016-05-04 10:18:39'),
(3579, 7, '27.40', 1, 1, '2016-05-04 10:18:40'),
(3580, 7, '27.40', 1, 0, '2016-05-04 10:18:44'),
(3581, 7, '27.40', 1, 1, '2016-05-04 10:18:44'),
(3582, 7, '27.40', 1, 0, '2016-05-04 10:18:48'),
(3583, 7, '27.40', 1, 1, '2016-05-04 10:18:49'),
(3584, 7, '27.40', 1, 0, '2016-05-04 10:18:52'),
(3585, 7, '27.40', 1, 1, '2016-05-04 10:18:53'),
(3586, 7, '27.40', 1, 0, '2016-05-04 10:18:57'),
(3587, 7, '27.40', 1, 1, '2016-05-04 10:18:57'),
(3588, 7, '27.40', 1, 0, '2016-05-04 10:19:01'),
(3589, 7, '27.40', 1, 1, '2016-05-04 10:19:02'),
(3590, 7, '27.40', 1, 0, '2016-05-04 10:19:05'),
(3591, 7, '27.40', 1, 1, '2016-05-04 10:19:06'),
(3592, 7, '27.50', 1, 0, '2016-05-04 10:19:10'),
(3593, 7, '27.50', 1, 1, '2016-05-04 10:19:10'),
(3594, 7, '27.50', 1, 0, '2016-05-04 10:19:14'),
(3595, 7, '27.50', 1, 1, '2016-05-04 10:19:18'),
(3596, 7, '27.50', 1, 0, '2016-05-04 10:19:22'),
(3597, 7, '27.50', 1, 0, '2016-05-04 10:19:25'),
(3598, 7, '27.50', 1, 1, '2016-05-04 10:19:26'),
(3599, 7, '27.50', 1, 0, '2016-05-04 10:19:30'),
(3600, 7, '27.50', 1, 1, '2016-05-04 10:19:30'),
(3601, 7, '27.50', 1, 0, '2016-05-04 10:19:34'),
(3602, 7, '27.50', 1, 0, '2016-05-04 10:19:38'),
(3603, 7, '27.50', 1, 1, '2016-05-04 10:19:38'),
(3604, 7, '27.50', 1, 0, '2016-05-04 10:19:42'),
(3605, 7, '27.50', 1, 0, '2016-05-04 10:19:46'),
(3606, 7, '27.50', 1, 1, '2016-05-04 10:19:47'),
(3607, 7, '27.50', 1, 0, '2016-05-04 10:19:50'),
(3608, 7, '27.50', 1, 1, '2016-05-04 10:19:51'),
(3609, 7, '27.50', 1, 0, '2016-05-04 10:19:55'),
(3610, 7, '27.50', 1, 1, '2016-05-04 10:19:55'),
(3611, 7, '27.50', 1, 0, '2016-05-04 10:19:59'),
(3612, 7, '27.50', 1, 1, '2016-05-04 10:19:59'),
(3613, 7, '27.50', 1, 0, '2016-05-04 10:20:03'),
(3614, 7, '27.50', 1, 1, '2016-05-04 10:20:04'),
(3615, 7, '27.50', 1, 0, '2016-05-04 10:20:08'),
(3616, 7, '27.50', 1, 0, '2016-05-04 10:20:11'),
(3617, 7, '27.50', 1, 1, '2016-05-04 10:20:12'),
(3618, 7, '27.40', 1, 0, '2016-05-04 10:20:16'),
(3619, 7, '27.40', 1, 0, '2016-05-04 10:20:19'),
(3620, 7, '27.40', 1, 1, '2016-05-04 10:20:20'),
(3621, 7, '27.40', 1, 1, '2016-05-04 10:20:25'),
(3622, 7, '27.40', 1, 0, '2016-05-04 10:20:25'),
(3623, 7, '27.40', 1, 0, '2016-05-04 10:20:28'),
(3624, 7, '27.40', 1, 0, '2016-05-04 10:20:32'),
(3625, 7, '27.40', 1, 1, '2016-05-04 10:20:33'),
(3626, 7, '27.40', 1, 0, '2016-05-04 10:20:40'),
(3627, 7, '27.40', 1, 1, '2016-05-04 10:20:40'),
(3628, 7, '27.40', 1, 0, '2016-05-04 10:20:44'),
(3629, 7, '27.40', 1, 1, '2016-05-04 10:20:45'),
(3630, 7, '27.40', 1, 0, '2016-05-04 10:20:48'),
(3631, 7, '27.40', 1, 0, '2016-05-04 10:20:52'),
(3632, 7, '27.40', 1, 1, '2016-05-04 10:20:53'),
(3633, 7, '27.40', 1, 0, '2016-05-04 10:20:56'),
(3634, 7, '27.40', 1, 1, '2016-05-04 10:20:57'),
(3635, 7, '27.40', 1, 1, '2016-05-04 10:21:01'),
(3636, 7, '27.40', 1, 1, '2016-05-04 10:21:04'),
(3637, 7, '27.40', 1, 0, '2016-05-04 10:21:08'),
(3638, 7, '27.40', 1, 1, '2016-05-04 10:21:09'),
(3639, 7, '27.40', 1, 0, '2016-05-04 10:21:12'),
(3640, 7, '27.40', 1, 1, '2016-05-04 10:21:13'),
(3641, 7, '27.40', 1, 0, '2016-05-04 10:21:17'),
(3642, 7, '27.40', 1, 1, '2016-05-04 10:21:17'),
(3643, 7, '27.40', 1, 0, '2016-05-04 10:21:21'),
(3644, 7, '27.40', 1, 1, '2016-05-04 10:21:22'),
(3645, 7, '27.40', 1, 0, '2016-05-04 10:21:25'),
(3646, 7, '27.40', 1, 1, '2016-05-04 10:21:26'),
(3647, 7, '27.40', 1, 0, '2016-05-04 10:21:30'),
(3648, 7, '27.40', 1, 1, '2016-05-04 10:21:31'),
(3649, 7, '27.40', 1, 0, '2016-05-04 10:21:35'),
(3650, 7, '27.40', 1, 1, '2016-05-04 10:21:35'),
(3651, 7, '27.40', 1, 0, '2016-05-04 10:21:39'),
(3652, 7, '27.40', 1, 1, '2016-05-04 10:21:39'),
(3653, 7, '27.40', 1, 0, '2016-05-04 10:21:43'),
(3654, 7, '27.40', 1, 1, '2016-05-04 10:21:44'),
(3655, 7, '27.40', 1, 0, '2016-05-04 10:21:47'),
(3656, 7, '27.40', 1, 1, '2016-05-04 10:21:48'),
(3657, 7, '27.40', 1, 0, '2016-05-04 10:21:52'),
(3658, 7, '27.40', 1, 1, '2016-05-04 10:21:52'),
(3659, 7, '27.40', 1, 0, '2016-05-04 10:21:56'),
(3660, 7, '27.40', 1, 1, '2016-05-04 10:22:00'),
(3661, 7, '27.50', 1, 0, '2016-05-04 10:22:14'),
(3662, 7, '27.50', 1, 1, '2016-05-04 10:22:14'),
(3663, 7, '27.50', 1, 1, '2016-05-04 10:22:18'),
(3664, 7, '26.80', 1, 1, '2016-05-04 12:47:34'),
(3665, 7, '26.70', 1, 1, '2016-05-04 12:48:08'),
(3666, 7, '26.70', 1, 1, '2016-05-04 12:48:38'),
(3667, 7, '26.60', 1, 1, '2016-05-04 12:49:18'),
(3668, 7, '26.60', 1, 1, '2016-05-04 12:49:49'),
(3669, 7, '26.50', 1, 1, '2016-05-04 12:50:19'),
(3670, 7, '26.40', 1, 1, '2016-05-04 12:50:50'),
(3671, 7, '26.50', 1, 1, '2016-05-04 12:51:27'),
(3672, 7, '26.40', 1, 1, '2016-05-04 12:51:58'),
(3673, 7, '25.70', 1, 1, '2016-05-04 12:52:29'),
(3674, 7, '26.40', 1, 1, '2016-05-04 12:52:59'),
(3675, 7, '26.40', 1, 1, '2016-05-04 12:53:42'),
(3676, 7, '37.60', 1, 1, '2016-05-04 12:54:13'),
(3677, 7, '26.30', 1, 1, '2016-05-04 12:54:44'),
(3678, 7, '26.30', 1, 1, '2016-05-04 12:55:14'),
(3679, 7, '26.30', 1, 1, '2016-05-04 12:55:48'),
(3680, 7, '26.30', 1, 1, '2016-05-04 12:56:19'),
(3681, 7, '26.20', 1, 1, '2016-05-04 12:56:49'),
(3682, 7, '26.20', 1, 1, '2016-05-04 12:57:20'),
(3683, 7, '26.20', 1, 1, '2016-05-04 12:57:51'),
(3684, 7, '26.20', 1, 1, '2016-05-04 12:58:22'),
(3685, 7, '26.20', 1, 1, '2016-05-04 12:58:55'),
(3686, 7, '26.20', 1, 1, '2016-05-04 12:59:26'),
(3687, 7, '26.10', 1, 1, '2016-05-04 13:00:00'),
(3688, 7, '26.10', 1, 1, '2016-05-04 13:00:30'),
(3689, 7, '26.10', 1, 1, '2016-05-04 13:01:01'),
(3690, 7, '26.10', 1, 1, '2016-05-04 13:01:32'),
(3691, 7, '26.10', 1, 1, '2016-05-04 13:02:02'),
(3692, 7, '26.10', 1, 1, '2016-05-04 13:02:33'),
(3693, 7, '26.10', 1, 1, '2016-05-04 13:03:03'),
(3694, 7, '26.20', 1, 1, '2016-05-04 13:03:40'),
(3695, 7, '26.20', 1, 1, '2016-05-04 13:04:14'),
(3696, 7, '26.30', 1, 1, '2016-05-04 13:04:45'),
(3697, 7, '26.30', 1, 1, '2016-05-04 13:05:19'),
(3698, 7, '26.40', 1, 1, '2016-05-04 13:05:52'),
(3699, 7, '26.40', 1, 1, '2016-05-04 13:06:26'),
(3700, 7, '26.50', 1, 1, '2016-05-04 13:07:02'),
(3701, 7, '26.60', 1, 1, '2016-05-04 13:07:39'),
(3702, 7, '26.70', 1, 1, '2016-05-04 13:08:13');

-- --------------------------------------------------------

--
-- Table structure for table `log_staff`
--

CREATE TABLE `log_staff` (
  `staff_uuid` varchar(255) NOT NULL,
  `login_id` varchar(255) NOT NULL,
  `password` varchar(255) NOT NULL,
  `isActive` int(2) NOT NULL,
  `created_At` timestamp NOT NULL DEFAULT current_timestamp() ON UPDATE current_timestamp()
) ENGINE=InnoDB DEFAULT CHARSET=utf8mb4;

--
-- Dumping data for table `log_staff`
--

INSERT INTO `log_staff` (`staff_uuid`, `login_id`, `password`, `isActive`, `created_At`) VALUES
('753165ff-22d5-11ed-ac5b-f44d304ae155', 'Super123', 'Super123', 1, '2022-08-23 11:23:11');

-- --------------------------------------------------------

--
-- Table structure for table `master_activityType`
--

CREATE TABLE `master_activityType` (
  `activity_Id` int(11) NOT NULL,
  `activity_Name` varchar(50) NOT NULL
) ENGINE=MyISAM DEFAULT CHARSET=latin1;

--
-- Dumping data for table `master_activityType`
--

INSERT INTO `master_activityType` (`activity_Id`, `activity_Name`) VALUES
(1, 'AC'),
(2, 'Door'),
(3, 'Alaram');

-- --------------------------------------------------------

--
-- Table structure for table `master_company`
--

CREATE TABLE `master_company` (
  `company_uuid` varchar(255) NOT NULL,
  `company_name` varchar(255) NOT NULL,
  `company_type` varchar(255) NOT NULL,
  `company_location` varchar(255) NOT NULL,
  `company_email` varchar(255) NOT NULL,
  `isActive` int(2) NOT NULL,
  `created_by` varchar(255) NOT NULL,
  `created_datetime` timestamp NOT NULL DEFAULT current_timestamp() ON UPDATE current_timestamp()
) ENGINE=InnoDB DEFAULT CHARSET=utf8mb4;

--
-- Dumping data for table `master_company`
--

INSERT INTO `master_company` (`company_uuid`, `company_name`, `company_type`, `company_location`, `company_email`, `isActive`, `created_by`, `created_datetime`) VALUES
('f9b71122-2786-11ed-a851-f44d304ae155', 'ZMQ Development', 'Public', 'pritimpura, Delhi-110012', 'zmq-tech71@gmail.com', 1, '753165ff-22d5-11ed-ac5b-f44d304ae155\r\n', '2022-08-29 10:40:18'),
('17b1adeb-2789-11ed-a851-f44d304ae155', 'Qaff Tech', 'Private', 'new delhi-0900', 'qaff90@gmail.com', 1, 'f9c47d21-2786-11ed-a851-f44d304ae155', '2022-08-29 10:55:27'),
('1e7496d0-2912-11ed-8f65-f44d304ae155', 'Ford william', 'Public', 'USA-110011', 'dc@batman.com', 1, 'f9c47d21-2786-11ed-a851-f44d304ae155', '2022-08-31 09:48:51'),
('8f6aa34d-29c3-11ed-a0a5-f44d304ae155', 'Test compant', 'Public', 'delhi-110012', 'test@zmq.in', 1, '45f2717c-291f-11ed-8f65-f44d304ae155', '2022-09-01 06:59:01');

--
-- Triggers `master_company`
--
DELIMITER $$
CREATE TRIGGER `company_uuid_before_insert_company_details` BEFORE INSERT ON `master_company` FOR EACH ROW SET new.company_uuid=uuid()
$$
DELIMITER ;

-- --------------------------------------------------------

--
-- Table structure for table `master_login`
--

CREATE TABLE `master_login` (
  `auto_loginId` int(11) NOT NULL,
  `userId` varchar(20) NOT NULL,
  `password` varchar(20) NOT NULL,
  `level` int(11) NOT NULL COMMENT '0 => Super Admin\r\n1 => Company Admin\r\n2 => Project Admin\r\n3 => PHC Provider',
  `MakId` varchar(50) NOT NULL,
  `isActive` int(11) NOT NULL,
  `CreatedDate` timestamp NOT NULL DEFAULT current_timestamp(),
  `created_By` varchar(255) NOT NULL,
  `unique_login_id` varchar(255) NOT NULL,
  `staff_uuid` varchar(255) NOT NULL
) ENGINE=MyISAM DEFAULT CHARSET=latin1;

--
-- Dumping data for table `master_login`
--

INSERT INTO `master_login` (`auto_loginId`, `userId`, `password`, `level`, `MakId`, `isActive`, `CreatedDate`, `created_By`, `unique_login_id`, `staff_uuid`) VALUES
(1, 'Super', 'super123', 0, '2CF7F101297D', 1, '2016-04-29 06:49:16', '', '', ''),
(2, 'Admin', 'admin123', 2, '2RF7F101297E', 1, '2022-05-30 07:11:14', '', '', ''),
(6, 'abc', '123456', 2, '2RF7F101297E', 1, '2022-06-10 10:03:11', '', '', ''),
(5, 'PAdmin', '12345', 2, '2RF7F101297E', 1, '2022-06-01 09:15:53', '', '', ''),
(7, 'zmq1', 'zmq123', 2, '2RF7F101297E', 1, '2022-06-20 10:16:56', '', '', ''),
(8, 'zmq99', 'zmq88', 2, '2RF7F101297E', 1, '2022-06-20 10:43:25', '', '', ''),
(9, 'subhiq', '181170', 2, '2RF7F101297E', 1, '2022-06-21 06:47:25', '', '', ''),
(18, 'ProAdmin', '12345', 2, '2RF7F101297E', 1, '2022-07-18 07:44:50', '', 'nN5Co4jl', ''),
(17, 'Sarfaraz ', 'sfz111', 1, '2RF7F101297E', 1, '2022-07-07 07:23:14', '', 'IGcIFftV', ''),
(16, 'Ayaz Ahmed', '123456', 1, '2RF7F101297E', 1, '2022-07-07 06:19:31', '', 'AVMo3B4p', ''),
(19, 'ZMQAdmin', '12345', 1, '2RF7F101297E', 1, '2022-07-18 09:42:39', '', 'mDXBKCrV', ''),
(20, 'arif', '12345', 2, '2RF7F101297E', 1, '2022-07-18 09:48:37', '', 'yZ2tgtMA', ''),
(21, 'Ayaz Ahmed3', '123456', 2, '2RF7F101297E', 1, '2022-07-27 09:43:33', '', '62e108c50226f', ''),
(22, 'comp121', 'super123', 1, '2RF7F101297E', 1, '2022-08-08 05:20:05', 'Ayaz Ahmed', 'L1-62f09d05639cc', ''),
(27, 'HelloAdm', '12345', 1, '2RF7F101297E', 1, '2022-08-10 11:43:32', 'ZMQAdmin', 'L1-62f399e4e4529', ''),
(24, 'asd11', '123123', 1, '2RF7F101297E', 1, '2022-08-08 10:59:54', 'Ayaz Ahmed', 'L1-62f0ecaa61a47', ''),
(25, ' s', '', 2, '2RF7F101297E', 1, '2022-08-10 06:07:37', 'Ayaz Ahmed', 'L2-62f34b290db05', ''),
(26, '11', '123456', 2, '2RF7F101297E', 1, '2022-08-10 06:43:52', 'Ayaz Ahmed', 'L2-62f353a8b0aaf', '');

-- --------------------------------------------------------

--
-- Table structure for table `master_project`
--

CREATE TABLE `master_project` (
  `project_uuid` varchar(255) NOT NULL,
  `company_uuid` varchar(255) NOT NULL,
  `project_name` varchar(255) NOT NULL,
  `project_location` varchar(255) NOT NULL,
  `isActive` int(2) NOT NULL,
  `assign_to` varchar(255) NOT NULL,
  `created_By` varchar(255) NOT NULL,
  `created_datetime` timestamp NOT NULL DEFAULT current_timestamp() ON UPDATE current_timestamp()
) ENGINE=InnoDB DEFAULT CHARSET=utf8mb4;

--
-- Dumping data for table `master_project`
--

INSERT INTO `master_project` (`project_uuid`, `company_uuid`, `project_name`, `project_location`, `isActive`, `assign_to`, `created_By`, `created_datetime`) VALUES
('070dc2f8-29db-11ed-a0a5-f44d304ae155', '45f2717c-291f-11ed-8f65-f44d304ae155', 'IOT212', '211asdasdda', 1, '5cd1fb0b-291f-11ed-8f65-f44d304ae155', '45f2717c-291f-11ed-8f65-f44d304ae155', '2022-09-01 09:47:01'),
('38f635ca-2913-11ed-8f65-f44d304ae155', 'f9c47d21-2786-11ed-a851-f44d304ae155', 'Test Project', 'Old Delhi', 1, 'AYAZ', 'f9c47d21-2786-11ed-a851-f44d304ae155', '2022-08-31 09:56:45'),
('3cb605a5-29df-11ed-a0a5-f44d304ae155', '753165ff-22d5-11ed-ac5b-f44d304ae155\n', 'test777', 'location777', 1, '0', '45f2717c-291f-11ed-8f65-f44d304ae155', '2022-09-01 10:17:09'),
('672bd454-29c7-11ed-a0a5-f44d304ae155', '45f2717c-291f-11ed-8f65-f44d304ae155', 'test-project', 'test01', 1, '', '45f2717c-291f-11ed-8f65-f44d304ae155', '2022-09-01 07:26:32'),
('6bd05ca6-29de-11ed-a0a5-f44d304ae155', '45f2717c-291f-11ed-8f65-f44d304ae155', 'IOT212', '211asdasdda', 1, '5cd1fb0b-291f-11ed-8f65-f44d304ae155', '45f2717c-291f-11ed-8f65-f44d304ae155', '2022-09-01 10:11:18'),
('7d7eccff-2913-11ed-8f65-f44d304ae155', 'f9c47d21-2786-11ed-a851-f44d304ae155', 'Test Project', 'Old Delhi', 1, 'AYAZ', 'f9c47d21-2786-11ed-a851-f44d304ae155', '2022-08-31 09:58:40'),
('9ba92ac5-29da-11ed-a0a5-f44d304ae155', '45f2717c-291f-11ed-8f65-f44d304ae155', 'IOT212', '211asdasdda', 1, '5cd1fb0b-291f-11ed-8f65-f44d304ae155', '45f2717c-291f-11ed-8f65-f44d304ae155', '2022-09-01 09:44:00'),
('d1a8c0d2-290e-11ed-8f65-f44d304ae155', 'f9c47d21-2786-11ed-a851-f44d304ae155', 'Dynamic Das', 'New Delhi-110022', 1, 'ProAdmin', '0', '2022-08-31 09:25:14'),
('ecf057ec-29dd-11ed-a0a5-f44d304ae155', '45f2717c-291f-11ed-8f65-f44d304ae155', 'IOT212', '211asdasdda', 1, '5cd1fb0b-291f-11ed-8f65-f44d304ae155', '45f2717c-291f-11ed-8f65-f44d304ae155', '2022-09-01 10:07:45'),
('f637c33a-29de-11ed-a0a5-f44d304ae155', '753165ff-22d5-11ed-ac5b-f44d304ae155\n', 'test777', 'location777', 1, '0', '45f2717c-291f-11ed-8f65-f44d304ae155', '2022-09-01 10:15:10'),
('f7c45940-290c-11ed-8f65-f44d304ae155', '0', 'IOT App', '0', 1, '0', '0', '2022-08-31 09:11:59');

-- --------------------------------------------------------

--
-- Table structure for table `master_sensorType`
--

CREATE TABLE `master_sensorType` (
  `sensorTypeId` int(2) NOT NULL,
  `sensorName` varchar(50) NOT NULL
) ENGINE=MyISAM DEFAULT CHARSET=latin1;

--
-- Dumping data for table `master_sensorType`
--

INSERT INTO `master_sensorType` (`sensorTypeId`, `sensorName`) VALUES
(1, 'Touch Sensor'),
(2, 'Sound Sensor'),
(3, 'Light'),
(4, 'Servo Motor'),
(6, 'Dust Sensor'),
(7, 'Temp and Humidity'),
(8, 'UV'),
(9, 'Barometer'),
(10, '3-axis digital accelerometer'),
(11, 'LED Bar'),
(12, 'Temp and Humidity(Arduino)');

-- --------------------------------------------------------

--
-- Table structure for table `master_staff`
--

CREATE TABLE `master_staff` (
  `staff_uuid` varchar(255) NOT NULL,
  `login_id` varchar(255) NOT NULL,
  `emp_name` varchar(255) NOT NULL,
  `emp_age` int(15) NOT NULL,
  `emp_phone` varchar(255) NOT NULL,
  `emp_email` varchar(255) NOT NULL,
  `emp_address` varchar(255) NOT NULL,
  `level` int(4) NOT NULL,
  `designation_id` varchar(255) NOT NULL,
  `isActive` int(2) NOT NULL,
  `created_by` varchar(255) NOT NULL,
  `created_datetime` timestamp NOT NULL DEFAULT current_timestamp() ON UPDATE current_timestamp()
) ENGINE=InnoDB DEFAULT CHARSET=utf8mb4;

--
-- Dumping data for table `master_staff`
--

INSERT INTO `master_staff` (`staff_uuid`, `login_id`, `emp_name`, `emp_age`, `emp_phone`, `emp_email`, `emp_address`, `level`, `designation_id`, `isActive`, `created_by`, `created_datetime`) VALUES
('753165ff-22d5-11ed-ac5b-f44d304ae155', '', 'SuperAdmin', 25, '9090119999', 'sadmin@zmq.in', 'New Delhi', 0, '0', 1, '', '2022-08-23 11:19:30'),
('', 'sample123', '', 0, '', '', '', 1, '', 1, 'f9c47d21-2786-11ed-a851-f44d304ae155', '2022-08-30 10:26:29'),
('', '0', '', 0, '', '', '', 1, '', 1, 'f9c47d21-2786-11ed-a851-f44d304ae155', '2022-08-31 09:11:59'),
('', '0', '', 0, '', '', '', 1, '', 1, 'f9c47d21-2786-11ed-a851-f44d304ae155', '2022-08-31 09:25:14'),
('', 'Batman', '', 0, '', '', '', 1, '', 1, 'f9c47d21-2786-11ed-a851-f44d304ae155', '2022-08-31 09:48:51'),
('', '0', '', 0, '', '', '', 2, '', 1, 'f9c47d21-2786-11ed-a851-f44d304ae155', '2022-08-31 09:58:40'),
('', 'Test123', '', 0, '', '', '', 1, '', 1, '45f2717c-291f-11ed-8f65-f44d304ae155', '2022-09-01 06:59:02'),
('', '0', '', 0, '', '', '', 2, '', 1, '45f2717c-291f-11ed-8f65-f44d304ae155', '2022-09-01 07:26:32'),
('', 'ProAdmin', '', 0, '', '', '', 2, '', 1, '45f2717c-291f-11ed-8f65-f44d304ae155', '2022-09-01 10:11:18'),
('', 'Test777', '', 0, '', '', '', 2, '', 1, '45f2717c-291f-11ed-8f65-f44d304ae155', '2022-09-01 10:17:09');

-- --------------------------------------------------------

--
-- Table structure for table `project_projectAdmin_mapping`
--

CREATE TABLE `project_projectAdmin_mapping` (
  `project_uuid` varchar(255) NOT NULL,
  `project_admin_uuid` varchar(255) NOT NULL,
  `isActive` int(2) NOT NULL,
  `mapping_date` timestamp NOT NULL DEFAULT current_timestamp() ON UPDATE current_timestamp()
) ENGINE=InnoDB DEFAULT CHARSET=utf8mb4;

-- --------------------------------------------------------

--
-- Table structure for table `QuestionAnswer`
--

CREATE TABLE `QuestionAnswer` (
  `AutoId` int(11) NOT NULL,
  `QuestionId` varchar(50) NOT NULL,
  `AnswerId` varchar(50) NOT NULL,
  `RealAnswer` varchar(100) NOT NULL,
  `Gender` varchar(10) NOT NULL,
  `Lang` varchar(50) NOT NULL,
  `MakId` varchar(50) NOT NULL,
  `Score` int(11) NOT NULL,
  `current_DateTime` timestamp NOT NULL DEFAULT current_timestamp()
) ENGINE=MyISAM DEFAULT CHARSET=latin1;

--
-- Dumping data for table `QuestionAnswer`
--

INSERT INTO `QuestionAnswer` (`AutoId`, `QuestionId`, `AnswerId`, `RealAnswer`, `Gender`, `Lang`, `MakId`, `Score`, `current_DateTime`) VALUES
(1, '30:29:2', 'D:C:C', 'D:A:D', 'M', 'E', '2CF7F101297D', 10, '2017-06-23 11:12:43'),
(2, '17:32:20', 'A:D:A', 'B:C:B', 'M', 'H', '2CF7F101297D', 0, '2017-10-17 11:27:17'),
(3, '25:33:15', 'D:C:A', 'D:C:A', 'F', 'E', '2CF7F101297D', 30, '2017-10-30 07:03:57'),
(4, '36:1:36', 'A:B:B', 'A:D:A', 'M', 'E', '2CF7F101297D', 10, '2018-08-30 07:22:31'),
(5, '13:12:27', 'D:C:A', 'A:B:A', 'F', 'H', '2CF7F101297D', 10, '2018-08-30 07:32:01'),
(6, '4:36:22', 'D:C:A', 'A:A:A', 'F', 'E', '2CF7F101297D', 10, '2018-11-26 11:32:12'),
(7, '34:9:36', 'D:C:B', 'D:B:A', 'M', 'E', '2CF7F101297D', 10, '2018-11-27 05:42:57'),
(8, '29:35:7', 'B:C:B', 'A:D:B', 'M', 'E', '2CF7F101297D', 10, '2018-11-27 06:26:49'),
(9, '12:29:35', 'B:A:D', 'B:A:D', 'M', 'E', '2CF7F101297D', 30, '2018-11-27 09:39:39'),
(10, '7:10:27', 'B:A:C', 'B:A:C', 'F', 'E', '2CF7F101297D', 30, '2018-11-27 10:06:21'),
(11, '31:20:3', 'B:A:D', 'B:C:D', 'F', 'E', '2CF7F101297D', 20, '2018-11-27 10:19:26'),
(12, '16:11:20', 'A:A:B', 'A:B:B', 'M', 'H', '2CF7F101297D', 20, '2018-11-27 10:57:05'),
(13, '20:16:6', 'A:B:C', 'C:D:C', 'F', 'E', '2CF7F101297D', 10, '2018-12-24 05:27:23'),
(14, '30:26:10', 'D:B:D', 'D:C:D', 'M', 'H', '2CF7F101297D', 20, '2018-12-24 05:30:44'),
(15, '20:2:13', 'A:B:C', 'C:D:B', 'F', 'E', '2CF7F101297D', 0, '2019-01-03 09:40:32'),
(16, '13:20:22', 'B:B:A', 'B:C:A', 'M', 'E', '2CF7F101297D', 20, '2019-01-18 09:36:07'),
(17, '26:8:12', 'C:A:B', 'B:A:B', 'M', 'E', '2CF7F101297D', 20, '2019-01-22 09:11:19'),
(18, '25:8:35', 'C:A:B', 'C:D:C', 'F', 'H', '2CF7F101297D', 10, '2019-01-22 10:36:23'),
(19, '18:6:17', 'C:A:C', 'A:C:B', 'F', 'E', '2CF7F101297D', 0, '2019-01-22 11:18:25'),
(20, '1:4:19', 'D:D:C', 'D:A:C', 'M', 'E', '2CF7F101297D', 20, '2019-08-27 07:01:04'),
(21, '21:9:36', 'D:A:A', 'D:B:A', 'F', 'E', '2CF7F101297D', 20, '2019-08-28 05:39:43'),
(22, '8:27:36', 'A:C:A', 'A:C:A', 'M', 'E', '2CF7F101297D', 30, '2019-08-28 07:35:55'),
(23, '2:23:17', 'C:D:C', 'A:D:B', 'M', 'H', '2CF7F101297D', 10, '2019-08-28 09:44:29'),
(24, '30:8:35', 'D:A:D', 'D:A:D', 'M', 'E', '2CF7F101297D', 30, '2019-08-28 09:56:40'),
(25, '9:9:21', 'C:C:D', 'C:C:D', 'M', 'H', '2CF7F101297D', 30, '2019-08-28 10:06:45'),
(26, '7:2:32', 'B:D:D', 'B:D:D', 'M', 'E', '2CF7F101297D', 30, '2019-08-28 10:21:27'),
(27, '30:35:36', 'D:B:A', 'D:C:A', 'M', 'H', '2CF7F101297D', 20, '2019-08-28 10:53:49'),
(28, '36:18:15', 'D:D:B', 'A:C:D', 'M', 'H', '2CF7F101297D', 0, '2019-08-28 11:02:53'),
(29, '28:14:36', 'C:A:B', 'C:C:A', 'M', 'H', '2CF7F101297D', 10, '2019-08-28 11:09:10'),
(30, '34:17:36', 'C:B:A', 'C:B:A', 'M', 'H', '2CF7F101297D', 30, '2019-08-28 11:21:14'),
(31, '19:12:6', 'D:C:C', 'C:B:C', 'M', 'E', '2CF7F101297D', 10, '2019-08-29 06:58:01'),
(32, '13:25:12', 'D:C:B', 'B:D:B', 'F', 'E', '2CF7F101297D', 10, '2019-08-29 09:39:13'),
(33, '9:19:27', 'B:A:B', 'C:D:A', 'M', 'H', '2CF7F101297D', 0, '2019-08-29 09:53:00');

-- --------------------------------------------------------

--
-- Table structure for table `tblAreaMapping`
--

CREATE TABLE `tblAreaMapping` (
  `AreaId` int(11) NOT NULL,
  `CountryId` int(11) NOT NULL,
  `StateId` int(11) NOT NULL,
  `DistrictId` int(11) NOT NULL,
  `BlockId` int(11) NOT NULL,
  `isActive` int(11) NOT NULL DEFAULT 1
) ENGINE=MyISAM DEFAULT CHARSET=latin1;

--
-- Dumping data for table `tblAreaMapping`
--

INSERT INTO `tblAreaMapping` (`AreaId`, `CountryId`, `StateId`, `DistrictId`, `BlockId`, `isActive`) VALUES
(1, 1, 1, 1, 1, 1),
(3, 1, 1, 1, 2, 1),
(4, 1, 2, 2, 3, 1),
(5, 1, 4, 6, 4, 1),
(6, 1, 4, 6, 5, 1),
(7, 1, 4, 6, 6, 1),
(8, 1, 4, 6, 7, 1),
(9, 1, 4, 6, 8, 1),
(10, 1, 4, 6, 9, 1),
(11, 1, 4, 6, 10, 1),
(12, 1, 4, 6, 11, 1),
(13, 1, 4, 6, 12, 1),
(14, 1, 4, 6, 13, 1),
(15, 1, 4, 6, 14, 1),
(16, 1, 4, 6, 15, 1);

-- --------------------------------------------------------

--
-- Table structure for table `tblAssignToyToProjectAdmin`
--

CREATE TABLE `tblAssignToyToProjectAdmin` (
  `projectAdmin_id` int(11) NOT NULL,
  `AssignToyToPAdmin` longtext CHARACTER SET utf8mb4 COLLATE utf8mb4_bin NOT NULL CHECK (json_valid(`AssignToyToPAdmin`)),
  `isActive` int(2) NOT NULL,
  `mappingDate` timestamp NOT NULL DEFAULT current_timestamp() ON UPDATE current_timestamp()
) ENGINE=InnoDB DEFAULT CHARSET=utf8mb4;

--
-- Dumping data for table `tblAssignToyToProjectAdmin`
--

INSERT INTO `tblAssignToyToProjectAdmin` (`projectAdmin_id`, `AssignToyToPAdmin`, `isActive`, `mappingDate`) VALUES
(5, '[\"toyId_1_tokenId_58\",\"toyId_0_tokenId_10\",\"toyId_0_tokenId_11\"]', 0, '2022-06-13 07:14:48'),
(5, '[\"toyId_0_tokenId_10\",\"toyId_1_tokenId_14\",\"toyId_1_tokenId_15\",\"toyId_1_tokenId_16\"]', 0, '2022-06-16 05:42:02'),
(2, '[\"toyId-1_tokenId-58\",\"toyId-0_tokenId-10\",\"toyId-0_tokenId-13\",\"toyId-1_tokenId-15\"]', 0, '2022-06-16 09:56:23'),
(6, '[\"ToyId-0_TokenId-36\",\"ToyId-0_TokenId-37\"]', 0, '2022-06-17 09:51:41'),
(6, '[\"ToyId-1_TokenId-58\",\"ToyId-1_TokenId-58\"]', 0, '2022-06-20 09:35:36'),
(7, '[\"ToyId-1_TokenId-58\",\"ToyId-0_TokenId-9\"]', 0, '2022-06-20 10:36:19'),
(8, '[\"ToyId-1_TokenId-58\",\"ToyId-0_TokenId-10\",\"ToyId-0_TokenId-12\"]', 0, '2022-06-20 10:45:49'),
(8, '[\"ToyId-1_TokenId-58\"]', 0, '2022-06-20 11:15:21'),
(8, '[\"ToyId-1_TokenId-58\"]', 0, '2022-06-20 11:16:42'),
(2, 'false', 0, '2022-08-26 09:32:54');

-- --------------------------------------------------------

--
-- Table structure for table `tblBlockMaster`
--

CREATE TABLE `tblBlockMaster` (
  `BlockId` int(11) NOT NULL,
  `BlockName` varchar(100) NOT NULL,
  `BlockCode` varchar(100) NOT NULL,
  `DistrictId` int(11) NOT NULL,
  `isActive` int(11) NOT NULL DEFAULT 1
) ENGINE=MyISAM DEFAULT CHARSET=latin1;

--
-- Dumping data for table `tblBlockMaster`
--

INSERT INTO `tblBlockMaster` (`BlockId`, `BlockName`, `BlockCode`, `DistrictId`, `isActive`) VALUES
(1, 'Neta Ji Subhash', 'NSP', 1, 1),
(2, 'Jhangirpuri', 'JHN', 1, 1),
(3, 'Nuh', 'NUH', 2, 1),
(4, 'Saraskana', 'SRS', 6, 1),
(5, 'Tiring', 'TIR', 6, 1),
(6, 'Bisoi', 'BIS', 6, 1),
(7, 'Bahalda', 'BHD', 6, 1),
(8, 'Sukruli', 'SKR', 6, 1),
(9, 'Bangriposi', 'BGR', 6, 1),
(10, 'Rairangpur', 'RGP', 6, 1),
(11, 'Kuliana', 'KLN', 6, 1),
(12, 'Jamda', 'JMD', 6, 1),
(13, 'Raruan', 'RUN', 6, 1),
(14, 'Bijatala', 'BJT', 6, 1),
(15, 'Kusumi', 'KSM', 6, 1);

-- --------------------------------------------------------

--
-- Table structure for table `tblChildMaster`
--

CREATE TABLE `tblChildMaster` (
  `ChildId` int(11) NOT NULL,
  `ChildHandMadeId` varchar(100) NOT NULL,
  `ChildName` varchar(100) NOT NULL,
  `DOB` date NOT NULL,
  `Gender` varchar(10) NOT NULL,
  `FatherName` varchar(100) NOT NULL,
  `MotherName` varchar(100) NOT NULL,
  `ParentPhoneNo` varchar(20) NOT NULL,
  `CountryId` int(11) NOT NULL,
  `StateId` int(11) NOT NULL,
  `DistrictId` int(11) NOT NULL,
  `BlockId` int(11) NOT NULL,
  `LandMarkAddress` varchar(1000) NOT NULL,
  `VaccinePlannerId` int(11) NOT NULL,
  `isActive` int(11) NOT NULL DEFAULT 1,
  `ProviderId` int(11) NOT NULL,
  `TokenId` int(11) NOT NULL DEFAULT 0,
  `CreatedDate` timestamp NOT NULL DEFAULT current_timestamp()
) ENGINE=MyISAM DEFAULT CHARSET=latin1;

--
-- Dumping data for table `tblChildMaster`
--

INSERT INTO `tblChildMaster` (`ChildId`, `ChildHandMadeId`, `ChildName`, `DOB`, `Gender`, `FatherName`, `MotherName`, `ParentPhoneNo`, `CountryId`, `StateId`, `DistrictId`, `BlockId`, `LandMarkAddress`, `VaccinePlannerId`, `isActive`, `ProviderId`, `TokenId`, `CreatedDate`) VALUES
(1, 'IND.OD.MYR.BIS.1', 'abc', '2021-03-01', 'Male', 'abc', 'abc', '1234567890', 1, 4, 6, 6, 'baripada', 1, 1, 26, 86, '2022-03-15 16:34:46'),
(2, 'IND.OD.MYR.BIS.2', 'Shad', '2022-03-14', 'Male', 'sabir', 'saista', '8630518320', 1, 4, 6, 6, 'Ambika hotel', 1, 1, 27, 57, '2022-03-15 16:59:08'),
(3, 'IND.OD.MYR.BIS.3', 'rajibir', '2021-11-03', 'Male', 'dev anand', 'sarthi', '8280447143', 1, 4, 6, 6, 'mayurganj', 1, 1, 27, 61, '2022-03-16 05:55:54'),
(4, 'IND.OD.MYR.BIS.4', 'Rajbeer Naik', '2021-11-03', 'Male', 'Dev anand', 'Sarathi Naik', '8280447143', 1, 4, 6, 6, 'Mayurganj', 1, 1, 26, 91, '2022-03-16 06:08:11'),
(5, 'IND.OD.MYR.BIS.5', 'Ghansyan Behra', '2021-05-16', 'Male', 'Harish Chandra Behra', 'Bimola Behra', '6370143837', 1, 4, 6, 6, 'Mayurganj', 1, 1, 26, 97, '2022-03-16 06:29:46'),
(6, 'IND.OD.MYR.BIS.6', 'Satyajeet Behra', '2021-12-31', 'Male', 'Raghunat Behra', 'Puja Behra', '9316829438', 1, 4, 6, 6, 'Jamdapal', 1, 1, 26, 100, '2022-03-16 07:21:04'),
(7, 'IND.OD.MYR.BIS.7', 'satyajeet behra', '2021-12-31', 'Male', 'raghunaat behr', 'puja behra', '8280447142', 1, 4, 6, 6, 'mayurganj', 1, 1, 27, 69, '2022-03-16 07:34:37'),
(8, 'IND.OD.MYR.BIS.8', 'shadan', '2022-03-16', 'Male', 'Shahid', 'saimeen bano', '8630518320', 1, 4, 6, 6, 'ambika palace', 1, 1, 26, 95, '2022-03-17 02:55:38'),
(9, 'IND.OD.MYR.BIS.9', 'Sami naik', '2021-01-01', 'Female', 'pradeep naik', 'submittal naik', '7735042698', 1, 4, 6, 6, 'bankati', 1, 1, 26, 88, '2022-03-17 05:39:27'),
(10, 'IND.OD.MYR.BIS.10', 'sunali', '2022-03-01', 'Female', 'Manoj das', 'mamuni das', '8249175675', 1, 4, 6, 6, 'bankati', 1, 1, 26, 99, '2022-03-17 06:01:13'),
(11, 'IND.OD.MYR.BIS.11', 'Naira parvin', '2021-10-29', 'Female', 'Raja kuddin', 'Suhana parvin', '9776700907', 1, 4, 6, 6, 'bankati', 1, 1, 26, 93, '2022-03-17 06:10:30'),
(12, 'IND.OD.MYR.BIS.12', 'omshibay', '2021-08-11', 'Male', 'Dibakara  Naik', 'Sulochana Naik', '9861767809', 1, 4, 6, 6, 'Bankati', 1, 1, 26, 83, '2022-03-17 06:47:11'),
(13, 'IND.OD.MYR.BIS.13', 'Ayushman Naik', '2021-06-12', 'Male', 'Jitendra Naik', 'Parbati Naik', '6370942327', 1, 4, 6, 6, 'Bankati', 1, 1, 26, 98, '2022-03-17 07:15:17'),
(14, 'IND.OD.MYR.BIS.14', 'Ayushman Nail', '2021-11-15', 'Male', 'Jitendra Naik', 'Parbati Naik', '9683487972', 1, 4, 6, 6, 'Bankati', 1, 1, 26, 87, '2022-03-17 07:28:14'),
(15, 'IND.OD.MYR.BIS.15', 'Sunita Naik', '2021-06-12', 'Female', 'Rajendra Naik', 'Sulekha Naik', '6370942327', 1, 4, 6, 6, 'Bankati', 1, 1, 26, 84, '2022-03-17 07:49:07'),
(16, 'IND.OD.MYR.BIS.16', 'sai kumar das', '2021-12-15', 'Male', 'Sanjay Kumar das', 'sandhya das', '6370869829', 1, 4, 6, 6, 'bankati', 1, 1, 26, 94, '2022-03-17 08:06:14'),
(17, 'IND.OD.MYR.BIS.17', 'styajeet behra', '2021-12-31', 'Male', 'Raghunat behra', 'Puja behra', '9316829438', 1, 4, 6, 6, 'mayuganj', 1, 1, 26, 0, '2022-03-17 08:06:14'),
(18, 'IND.OD.MYR.BIS.18', 'sana parveen', '2020-07-22', 'Female', 'shekhak kamal', 'sabjan sk', '9583942982', 1, 4, 6, 6, 'Bankati', 1, 1, 26, 82, '2022-03-17 08:09:18'),
(19, 'IND.OD.MYR.BIS.19', 'Sana Parbin', '2020-07-22', 'Female', 'Shekhak kamal', 'Sabjan Sk', '9583942982', 1, 4, 6, 6, 'Bankati', 1, 1, 26, 0, '2022-03-17 08:09:18'),
(20, 'IND.OD.MYR.BIS.20', 'Piush Patra', '2021-10-04', 'Male', 'Manmatha Patra', 'Kati Patra', '9658967593', 1, 4, 6, 6, 'Bankati', 1, 1, 26, 92, '2022-03-17 08:19:21'),
(21, 'IND.OD.MYR.BIS.21', 'Gutuprasad  Baitha', '2018-07-29', 'Male', 'Susanta Baitha', 'Rasmita Baitha', '7381644003', 1, 4, 6, 6, 'Bankati', 1, 1, 26, 101, '2022-03-17 08:24:15'),
(22, 'IND.OD.MYR.BIS.22', 'Bibek Baitha', '2018-07-07', 'Male', 'Biswajit Baitha', 'Santi kalendi', '8339887872', 1, 4, 6, 6, 'Bankati', 1, 1, 26, 96, '2022-03-17 08:34:42'),
(23, 'IND.OD.MYR.BIS.23', 'Ritika  kunar', '2019-07-27', 'Female', 'Nanda  kunar', 'Rabina', '8339971392', 1, 4, 6, 6, 'Bankati', 1, 1, 26, 81, '2022-03-17 08:40:57'),
(24, 'IND.OD.MYR.BIS.24', 'abc', '2021-03-09', 'Male', 'abc', 'whg', '1234567890', 1, 4, 6, 6, 'abc', 1, 1, 27, 58, '2022-03-18 06:06:37'),
(25, 'IND.OD.MYR.BIS.25', 'ayan', '2021-03-22', 'Male', 'azhar', 'anaya', '1234567890', 1, 4, 6, 6, 'mayurganj', 1, 1, 28, 111, '2022-03-25 07:07:01'),
(26, 'IND.DL.DL.NSP.1', 'shiva', '2021-03-06', 'Male', 'shivaFather', 'shivaMother', '1234566789', 1, 1, 1, 1, 'nsp', 1, 1, 28, 107, '2022-03-25 09:10:31'),
(27, 'IND.DL.NDL.SKR.1', 'munna', '2022-02-01', 'Male', 'chunna', 'gudia', '9910839298', 1, 1, 8, 8, '187 Vaishali', 1, 1, 28, 110, '2022-03-25 11:18:24'),
(28, 'IND.DL.DL.NSP.2', 'abc', '2022-02-01', 'Male', 'abc', 'abc', '1234567890', 1, 1, 1, 1, 'abc', 1, 1, 28, 102, '2022-03-25 11:31:48'),
(29, 'IND.DL.DL.NSP.3', 'hilmi', '2022-01-01', 'Male', 'zaheer mohd qureshi', 'motherName', '1234567890', 1, 1, 1, 1, 'nsp', 1, 1, 28, 109, '2022-03-25 11:38:09'),
(30, 'IND.DL.DL.NSP.4', 'shadan anwar', '2022-03-01', 'Male', 'shahid anwar', 'don\'t know', '9856423157', 1, 1, 1, 1, 'zmq', 1, 1, 29, 112, '2022-03-29 07:31:33'),
(31, 'IND.OD.MYR.BIS.26', 'Aratimani Patra', '2021-05-27', 'Female', 'Monaranjan Patra', 'Basanti Patra', '7735267328', 1, 4, 6, 6, 'Bankati', 1, 1, 26, 0, '2022-03-30 10:44:27'),
(32, 'IND.OD.MYR.BIS.27', 'Sujata Baitha', '2019-08-17', 'Female', 'Prasanta Baitha', 'Reshma Hembram', '7653969751', 1, 4, 6, 6, 'Bankati', 1, 1, 26, 0, '2022-03-30 10:44:27'),
(33, 'IND.OD.MYR.BIS.28', 'Gitangsu Das', '2020-03-31', 'Male', 'Shibacharan Das', 'Binati Naik', '9337277708', 1, 4, 6, 6, 'Bankati', 1, 1, 26, 0, '2022-03-30 10:44:27'),
(34, 'IND.OD.MYR.BIS.28', 'Sujata Baitha', '2019-03-17', 'Female', 'Prasanta Baitha', 'Resma Hembram', '7653969751', 1, 4, 6, 6, 'Bankati', 1, 1, 26, 0, '2022-03-30 10:44:27'),
(35, 'IND.OD.MYR.BIS.30', 'Geetansu Das', '2020-03-31', 'Male', 'Shiba Charan Das', 'Binati Nai', '9337277708', 1, 4, 6, 6, 'Kantapal', 1, 1, 26, 0, '2022-03-30 10:44:27'),
(36, 'IND.OD.MYR.BIS.31', 'Subhashree Naik', '2020-06-06', 'Female', 'jageswar Naik', 'Sunita Nail', '8114958945', 1, 4, 6, 6, 'Gosanipal', 1, 1, 26, 77, '2022-03-30 10:44:28'),
(37, 'IND.DL.NDL.SKR.2', 'ayan', '2022-03-01', 'Male', 'sameer', 'saira', '1234567898', 1, 1, 8, 8, 'zmq', 1, 1, 29, 114, '2022-04-04 06:57:34'),
(38, 'IND.DL.DL.NSP.5', 'test1', '2021-02-02', 'Male', 'father name', 'mother name', '1234567890', 1, 1, 1, 1, 'adr', 1, 1, 29, 113, '2022-04-07 09:53:02'),
(39, 'IND.OD.MYR.BIS.32', 'Ayush Naik', '2019-03-28', 'Male', 'Sumanta Naik', 'Ponkajini Naik', '7735267325', 1, 4, 6, 6, 'Gosanipal', 1, 1, 26, 0, '2022-04-21 08:01:08'),
(40, 'IND.OD.MYR.BIS.33', 'Dibyaranjan Naik', '2021-08-21', 'Male', 'Bijay Kumar Naik', 'Renubala Naik', '7978507382', 1, 4, 6, 6, '002', 1, 1, 26, 0, '2022-04-21 08:01:08'),
(41, 'IND.OD.MYR.BIS.34', 'Bhagyalaxmi Hembram', '2021-12-02', 'Female', 'Kanhu Charan Hmbram', 'Golapi Hembran', '6372713339', 1, 4, 6, 6, 'Kanjiasole', 1, 1, 26, 70, '2022-04-21 08:01:08'),
(42, 'IND.OD.MYR.BIS.35', 'Arav Naik', '2020-04-01', 'Male', 'Ajit Naik', 'Meena Naik', '7735268523', 1, 4, 6, 6, 'Gosanipal', 1, 1, 26, 0, '2022-04-21 08:01:08'),
(43, 'IND.OD.MYR.BIS.36', 'Dibyaranjan Naik', '2021-08-21', 'Male', 'Bijay Naik', 'Renubala Naik', '7325830424', 1, 4, 6, 6, 'kanjiasole', 1, 1, 26, 72, '2022-04-21 09:27:43');

-- --------------------------------------------------------

--
-- Table structure for table `tblChildTokenMapping`
--

CREATE TABLE `tblChildTokenMapping` (
  `AutoId` int(11) NOT NULL,
  `ChildId` int(11) NOT NULL,
  `TokenId` int(11) NOT NULL,
  `AssigningDate` date NOT NULL,
  `ServerDate` timestamp NOT NULL DEFAULT current_timestamp(),
  `isActive` int(11) NOT NULL DEFAULT 1
) ENGINE=MyISAM DEFAULT CHARSET=latin1;

--
-- Dumping data for table `tblChildTokenMapping`
--

INSERT INTO `tblChildTokenMapping` (`AutoId`, `ChildId`, `TokenId`, `AssigningDate`, `ServerDate`, `isActive`) VALUES
(1, 1, 86, '0000-00-00', '2022-03-15 16:34:46', 1),
(2, 2, 57, '0000-00-00', '2022-03-15 16:59:08', 1),
(3, 3, 61, '0000-00-00', '2022-03-16 05:55:54', 1),
(4, 4, 91, '0000-00-00', '2022-03-16 06:08:11', 1),
(5, 5, 97, '0000-00-00', '2022-03-16 06:29:46', 1),
(6, 6, 100, '0000-00-00', '2022-03-16 07:21:04', 1),
(7, 7, 69, '0000-00-00', '2022-03-16 07:34:37', 1),
(8, 8, 95, '0000-00-00', '2022-03-17 02:55:38', 1),
(9, 9, 88, '0000-00-00', '2022-03-17 05:39:27', 1),
(10, 10, 99, '0000-00-00', '2022-03-17 06:01:13', 1),
(11, 11, 93, '0000-00-00', '2022-03-17 06:10:30', 1),
(12, 12, 83, '0000-00-00', '2022-03-17 06:47:11', 1),
(13, 13, 98, '0000-00-00', '2022-03-17 07:15:17', 1),
(14, 14, 87, '0000-00-00', '2022-03-17 07:28:14', 1),
(15, 15, 84, '0000-00-00', '2022-03-17 07:49:07', 1),
(16, 16, 94, '0000-00-00', '2022-03-17 08:06:14', 1),
(17, 17, 0, '0000-00-00', '2022-03-17 08:06:14', 1),
(18, 18, 82, '0000-00-00', '2022-03-17 08:09:18', 1),
(19, 19, 0, '0000-00-00', '2022-03-17 08:09:18', 1),
(20, 20, 92, '0000-00-00', '2022-03-17 08:19:21', 1),
(21, 21, 101, '0000-00-00', '2022-03-17 08:24:15', 1),
(22, 22, 96, '0000-00-00', '2022-03-17 08:34:42', 1),
(23, 23, 81, '0000-00-00', '2022-03-17 08:40:57', 1),
(24, 24, 58, '0000-00-00', '2022-03-18 06:06:37', 1),
(25, 25, 111, '0000-00-00', '2022-03-25 07:07:01', 1),
(26, 26, 107, '0000-00-00', '2022-03-25 09:10:31', 1),
(27, 27, 110, '0000-00-00', '2022-03-25 11:18:24', 1),
(28, 28, 102, '0000-00-00', '2022-03-25 11:31:48', 1),
(29, 29, 109, '0000-00-00', '2022-03-25 11:38:09', 1),
(30, 30, 112, '0000-00-00', '2022-03-29 07:31:33', 1),
(31, 31, 0, '0000-00-00', '2022-03-30 10:44:27', 1),
(32, 32, 0, '0000-00-00', '2022-03-30 10:44:27', 1),
(33, 33, 0, '0000-00-00', '2022-03-30 10:44:27', 1),
(34, 34, 0, '0000-00-00', '2022-03-30 10:44:27', 1),
(35, 35, 0, '0000-00-00', '2022-03-30 10:44:27', 1),
(36, 36, 77, '0000-00-00', '2022-03-30 10:44:28', 1),
(37, 37, 114, '0000-00-00', '2022-04-04 06:57:34', 1),
(38, 38, 113, '0000-00-00', '2022-04-07 09:53:02', 1),
(39, 39, 0, '0000-00-00', '2022-04-21 08:01:08', 1),
(40, 40, 0, '0000-00-00', '2022-04-21 08:01:08', 1),
(41, 41, 70, '0000-00-00', '2022-04-21 08:01:08', 1),
(42, 42, 0, '0000-00-00', '2022-04-21 08:01:08', 1),
(43, 43, 72, '0000-00-00', '2022-04-21 09:27:43', 1);

-- --------------------------------------------------------

--
-- Table structure for table `tblchildwisevaccination`
--

CREATE TABLE `tblchildwisevaccination` (
  `Id` int(11) NOT NULL,
  `ChildId` int(11) NOT NULL,
  `1D` date NOT NULL DEFAULT '1920-12-12',
  `2D` date NOT NULL DEFAULT '1920-12-12',
  `3D` date NOT NULL DEFAULT '1920-12-12',
  `4D` date NOT NULL DEFAULT '1920-12-12',
  `5D` date NOT NULL DEFAULT '1920-12-12',
  `6D` date NOT NULL DEFAULT '1920-12-12',
  `7D` date NOT NULL DEFAULT '1920-12-12',
  `8D` date NOT NULL DEFAULT '1920-12-12',
  `9D` date NOT NULL DEFAULT '1920-12-12',
  `10D` date NOT NULL DEFAULT '1920-12-12',
  `11D` date NOT NULL DEFAULT '1920-12-12',
  `12D` date NOT NULL DEFAULT '1920-12-12',
  `13D` date NOT NULL DEFAULT '1920-12-12',
  `14D` date NOT NULL DEFAULT '1920-12-12',
  `ProviderId` int(11) NOT NULL
) ENGINE=MyISAM DEFAULT CHARSET=latin1;

--
-- Dumping data for table `tblchildwisevaccination`
--

INSERT INTO `tblchildwisevaccination` (`Id`, `ChildId`, `1D`, `2D`, `3D`, `4D`, `5D`, `6D`, `7D`, `8D`, `9D`, `10D`, `11D`, `12D`, `13D`, `14D`, `ProviderId`) VALUES
(1, 1, '0000-00-00', '0000-00-00', '0000-00-00', '1920-12-12', '2022-02-11', '2022-02-11', '1920-12-12', '2022-02-11', '2022-02-11', '1920-12-12', '1920-12-12', '1920-12-12', '1920-12-12', '1920-12-12', 26),
(2, 2, '1920-12-12', '2022-03-14', '1920-12-12', '1920-12-12', '1920-12-12', '1920-12-12', '1920-12-12', '1920-12-12', '1920-12-12', '1920-12-12', '1920-12-12', '1920-12-12', '1920-12-12', '1920-12-12', 27),
(3, 3, '1920-12-12', '1920-12-12', '1920-12-12', '1920-12-12', '1920-12-12', '1920-12-12', '1920-12-12', '1920-12-12', '1920-12-12', '1920-12-12', '1920-12-12', '1920-12-12', '1920-12-12', '1920-12-12', 27),
(4, 4, '2022-03-16', '1970-12-12', '1920-12-12', '1920-12-12', '1920-12-12', '1920-12-12', '1920-12-12', '1920-12-12', '1920-12-12', '1920-12-12', '1920-12-12', '1920-12-12', '1920-12-12', '1920-12-12', 26),
(5, 5, '1970-12-12', '1970-12-12', '2022-03-16', '1920-12-12', '1920-12-12', '1920-12-12', '1920-12-12', '1920-12-12', '1920-12-12', '1920-12-12', '1920-12-12', '1920-12-12', '1920-12-12', '1920-12-12', 26),
(6, 6, '2022-01-01', '2022-01-01', '2022-01-01', '2022-01-01', '1920-12-12', '1920-12-12', '1920-12-12', '1920-12-12', '1920-12-12', '1920-12-12', '1920-12-12', '1920-12-12', '1920-12-12', '1920-12-12', 26),
(7, 7, '1920-12-12', '1920-12-12', '1920-12-12', '1920-12-12', '1920-12-12', '1920-12-12', '1920-12-12', '1920-12-12', '1920-12-12', '1920-12-12', '1920-12-12', '1920-12-12', '1920-12-12', '1920-12-12', 27),
(8, 8, '2022-03-17', '2022-03-17', '2022-03-21', '1920-12-12', '1920-12-12', '1920-12-12', '1920-12-12', '1920-12-12', '1920-12-12', '1920-12-12', '1920-12-12', '1920-12-12', '1920-12-12', '1920-12-12', 26),
(9, 9, '2021-01-01', '2021-01-01', '1970-12-12', '2022-03-03', '1920-12-12', '1920-12-12', '1920-12-12', '1920-12-12', '1920-12-12', '1920-12-12', '1920-12-12', '1920-12-12', '1920-12-12', '1920-12-12', 26),
(10, 10, '1920-12-12', '1920-12-12', '1920-12-12', '1920-12-12', '1920-12-12', '1920-12-12', '1920-12-12', '1920-12-12', '1920-12-12', '1920-12-12', '1920-12-12', '1920-12-12', '1920-12-12', '1920-12-12', 26),
(11, 11, '1920-12-12', '1920-12-12', '1920-12-12', '2022-03-16', '2022-02-02', '2022-03-17', '2022-02-02', '1920-12-12', '2022-03-02', '1920-12-12', '1920-12-12', '1920-12-12', '1920-12-12', '1920-12-12', 26),
(12, 12, '1920-12-12', '1920-12-12', '1920-12-12', '2021-10-06', '2021-10-06', '2021-11-03', '2021-11-03', '1920-12-12', '2021-12-01', '1920-12-12', '1920-12-12', '1920-12-12', '1920-12-12', '1920-12-12', 26),
(13, 13, '1920-12-12', '1920-12-12', '1920-12-12', '1920-12-12', '2021-08-04', '1920-12-12', '2021-09-01', '1920-12-12', '2021-10-06', '1920-12-12', '1920-12-12', '1920-12-12', '1920-12-12', '1920-12-12', 26),
(14, 14, '1920-12-12', '1920-12-12', '2021-03-17', '1920-12-12', '2022-01-05', '1920-12-12', '2022-02-02', '2022-03-02', '2022-03-02', '1920-12-12', '1920-12-12', '1920-12-12', '1920-12-12', '1920-12-12', 26),
(15, 15, '1920-12-12', '1920-12-12', '1920-12-12', '2021-08-04', '2021-08-04', '2021-09-01', '2021-09-01', '2021-10-06', '2021-10-06', '1920-12-12', '1920-12-12', '1920-12-12', '1920-12-12', '1920-12-12', 26),
(16, 16, '1920-12-12', '1920-12-12', '1920-12-12', '1920-12-12', '1920-12-12', '1920-12-12', '1920-12-12', '1920-12-12', '1920-12-12', '1920-12-12', '1920-12-12', '1920-12-12', '1920-12-12', '1920-12-12', 26),
(17, 17, '1920-12-12', '1920-12-12', '1920-12-12', '1920-12-12', '1920-12-12', '1920-12-12', '1920-12-12', '1920-12-12', '1920-12-12', '1920-12-12', '1920-12-12', '1920-12-12', '1920-12-12', '1920-12-12', 26),
(18, 18, '1920-12-12', '1920-12-12', '1920-12-12', '1920-12-12', '1920-12-12', '1920-12-12', '1920-12-12', '1920-12-12', '1920-12-12', '1920-12-12', '2021-12-01', '1920-12-12', '1920-12-12', '1920-12-12', 26),
(19, 19, '1920-12-12', '1920-12-12', '1920-12-12', '1920-12-12', '1920-12-12', '1920-12-12', '1920-12-12', '1920-12-12', '1920-12-12', '1920-12-12', '1920-12-12', '1920-12-12', '1920-12-12', '1920-12-12', 26),
(20, 20, '1920-12-12', '1920-12-12', '1920-12-12', '1920-12-12', '1920-12-12', '1920-12-12', '1920-12-12', '2022-02-02', '1920-12-12', '1920-12-12', '1920-12-12', '1920-12-12', '1920-12-12', '1920-12-12', 26),
(21, 21, '1920-12-12', '1920-12-12', '1920-12-12', '1920-12-12', '1920-12-12', '1920-12-12', '1920-12-12', '1920-12-12', '1920-12-12', '1920-12-12', '1920-12-12', '1920-12-12', '1920-12-12', '1920-12-12', 26),
(22, 22, '1920-12-12', '1920-12-12', '1920-12-12', '1920-12-12', '1920-12-12', '1920-12-12', '1920-12-12', '1920-12-12', '1920-12-12', '1920-12-12', '2019-12-04', '1920-12-12', '1920-12-12', '1920-12-12', 26),
(23, 23, '1920-12-12', '1920-12-12', '1920-12-12', '1920-12-12', '1920-12-12', '1920-12-12', '1920-12-12', '1920-12-12', '1920-12-12', '1920-12-12', '2020-12-02', '1920-12-12', '1920-12-12', '1920-12-12', 26),
(24, 24, '2021-03-09', '1920-12-12', '1920-12-12', '1920-12-12', '1920-12-12', '1920-12-12', '1920-12-12', '1920-12-12', '1920-12-12', '1920-12-12', '1920-12-12', '1920-12-12', '1920-12-12', '1920-12-12', 27),
(25, 25, '2021-03-25', '2022-03-19', '1920-12-12', '1920-12-12', '1920-12-12', '1920-12-12', '1920-12-12', '1920-12-12', '1920-12-12', '1920-12-12', '1920-12-12', '1920-12-12', '1920-12-12', '1920-12-12', 28),
(26, 26, '2021-03-25', '1920-12-12', '1920-12-12', '1920-12-12', '1920-12-12', '1920-12-12', '1920-12-12', '1920-12-12', '1920-12-12', '1920-12-12', '1920-12-12', '1920-12-12', '1920-12-12', '1920-12-12', 28),
(27, 27, '1920-12-12', '1920-12-12', '1920-12-12', '1920-12-12', '1920-12-12', '1920-12-12', '1920-12-12', '1920-12-12', '1920-12-12', '1920-12-12', '1920-12-12', '1920-12-12', '1920-12-12', '1920-12-12', 28),
(28, 28, '1920-12-12', '1920-12-12', '1920-12-12', '1920-12-12', '1920-12-12', '1920-12-12', '1920-12-12', '1920-12-12', '1920-12-12', '1920-12-12', '1920-12-12', '1920-12-12', '1920-12-12', '1920-12-12', 28),
(29, 29, '1920-12-12', '1920-12-12', '1920-12-12', '1920-12-12', '1920-12-12', '1920-12-12', '1920-12-12', '1920-12-12', '1920-12-12', '1920-12-12', '1920-12-12', '1920-12-12', '1920-12-12', '1920-12-12', 28),
(30, 30, '0000-00-00', '0000-00-00', '0000-00-00', '1920-12-12', '1920-12-12', '1920-12-12', '1920-12-12', '1920-12-12', '1920-12-12', '1920-12-12', '1920-12-12', '1920-12-12', '1920-12-12', '1920-12-12', 29),
(31, 31, '1920-12-12', '1920-12-12', '1920-12-12', '1920-12-12', '1920-12-12', '1920-12-12', '1920-12-12', '1920-12-12', '1920-12-12', '1920-12-12', '1920-12-12', '1920-12-12', '1920-12-12', '1920-12-12', 26),
(32, 32, '1920-12-12', '1920-12-12', '1920-12-12', '1920-12-12', '1920-12-12', '1920-12-12', '1920-12-12', '1920-12-12', '1920-12-12', '1920-12-12', '1920-12-12', '1920-12-12', '1920-12-12', '1920-12-12', 26),
(33, 33, '1920-12-12', '1920-12-12', '1920-12-12', '1920-12-12', '1920-12-12', '1920-12-12', '1920-12-12', '1920-12-12', '1920-12-12', '1920-12-12', '1920-12-12', '1920-12-12', '1920-12-12', '1920-12-12', 26),
(34, 34, '1920-12-12', '1920-12-12', '1920-12-12', '1920-12-12', '1920-12-12', '1920-12-12', '1920-12-12', '1920-12-12', '1920-12-12', '1920-12-12', '1920-12-12', '1920-12-12', '1920-12-12', '1920-12-12', 26),
(35, 35, '1920-12-12', '1920-12-12', '1920-12-12', '1920-12-12', '1920-12-12', '1920-12-12', '1920-12-12', '1920-12-12', '1920-12-12', '1920-12-12', '1920-12-12', '1920-12-12', '1920-12-12', '1920-12-12', 26),
(36, 36, '1920-12-12', '1920-12-12', '1920-12-12', '2020-08-24', '2020-08-24', '1920-12-12', '2020-09-20', '1920-12-12', '1920-12-12', '1920-12-12', '1920-12-12', '1920-12-12', '1920-12-12', '1920-12-12', 26),
(37, 37, '1920-12-12', '1920-12-12', '1920-12-12', '1920-12-12', '1920-12-12', '1920-12-12', '1920-12-12', '1920-12-12', '1920-12-12', '1920-12-12', '1920-12-12', '1920-12-12', '1920-12-12', '1920-12-12', 29),
(38, 38, '2021-04-07', '1920-12-12', '1920-12-12', '1920-12-12', '1920-12-12', '1920-12-12', '1920-12-12', '1920-12-12', '1920-12-12', '1920-12-12', '1920-12-12', '1920-12-12', '1920-12-12', '1920-12-12', 29),
(39, 39, '1920-12-12', '1920-12-12', '1920-12-12', '1920-12-12', '1920-12-12', '1920-12-12', '1920-12-12', '1920-12-12', '1920-12-12', '1920-12-12', '1920-12-12', '1920-12-12', '1920-12-12', '1920-12-12', 26),
(40, 40, '1920-12-12', '1920-12-12', '1920-12-12', '1920-12-12', '1920-12-12', '1920-12-12', '1920-12-12', '1920-12-12', '1920-12-12', '1920-12-12', '1920-12-12', '1920-12-12', '1920-12-12', '1920-12-12', 26),
(41, 41, '1920-12-12', '1920-12-12', '1920-12-12', '1920-12-12', '2022-02-15', '2022-03-16', '1920-12-12', '1920-12-12', '1920-12-12', '1920-12-12', '1920-12-12', '1920-12-12', '1920-12-12', '1920-12-12', 26),
(42, 42, '1920-12-12', '1920-12-12', '1920-12-12', '1920-12-12', '1920-12-12', '1920-12-12', '1920-12-12', '1920-12-12', '1920-12-12', '1920-12-12', '1920-12-12', '1920-12-12', '1920-12-12', '1920-12-12', 26),
(43, 43, '1920-12-12', '1920-12-12', '2021-09-08', '2021-10-10', '2021-10-20', '2021-11-21', '2021-11-17', '2021-12-15', '2021-12-15', '1920-12-12', '1920-12-12', '1920-12-12', '1920-12-12', '1920-12-12', 26);

-- --------------------------------------------------------

--
-- Table structure for table `tblCountryMaster`
--

CREATE TABLE `tblCountryMaster` (
  `CountryId` int(11) NOT NULL,
  `CounryName` varchar(200) NOT NULL,
  `CountryCode` varchar(100) NOT NULL,
  `isActive` int(11) NOT NULL DEFAULT 1
) ENGINE=MyISAM DEFAULT CHARSET=latin1;

--
-- Dumping data for table `tblCountryMaster`
--

INSERT INTO `tblCountryMaster` (`CountryId`, `CounryName`, `CountryCode`, `isActive`) VALUES
(1, 'India', 'IND', 1);

-- --------------------------------------------------------

--
-- Table structure for table `tblDistrictMaster`
--

CREATE TABLE `tblDistrictMaster` (
  `DistrictId` int(11) NOT NULL,
  `DistrictName` varchar(100) NOT NULL,
  `DistrictCode` varchar(100) NOT NULL,
  `StateId` int(11) NOT NULL,
  `isActive` int(11) NOT NULL DEFAULT 1
) ENGINE=MyISAM DEFAULT CHARSET=latin1;

--
-- Dumping data for table `tblDistrictMaster`
--

INSERT INTO `tblDistrictMaster` (`DistrictId`, `DistrictName`, `DistrictCode`, `StateId`, `isActive`) VALUES
(1, 'Delhi', 'DL', 1, 1),
(2, 'Mewat', 'MWT', 2, 1),
(3, 'Pilibheet', 'PBE', 3, 0),
(4, 'Barily', 'BE', 3, 0),
(5, 'Aligarh', 'ALG', 3, 0),
(6, 'Mayurbhanj', 'MYR', 4, 1),
(8, 'New Delhi', 'NDL', 1, 1),
(9, 'Shahdera', 'SHD', 1, 1),
(10, 'Firojpur', 'FJP', 2, 1),
(11, 'Faridabad', 'FBD', 2, 1);

-- --------------------------------------------------------

--
-- Table structure for table `tblIotInteraction`
--

CREATE TABLE `tblIotInteraction` (
  `communication_id` int(11) NOT NULL,
  `toy_id` int(11) NOT NULL,
  `token_id` int(11) NOT NULL,
  `visit_date_time` datetime NOT NULL,
  `child_id` int(11) NOT NULL,
  `immunisation` varchar(100) NOT NULL,
  `verbal_comm_mother` varchar(1000) NOT NULL,
  `advise_related_child` varchar(1000) NOT NULL,
  `immunization_messages` varchar(2000) NOT NULL,
  `serverdatetime` timestamp NOT NULL DEFAULT current_timestamp()
) ENGINE=MyISAM DEFAULT CHARSET=latin1;

--
-- Dumping data for table `tblIotInteraction`
--

INSERT INTO `tblIotInteraction` (`communication_id`, `toy_id`, `token_id`, `visit_date_time`, `child_id`, `immunisation`, `verbal_comm_mother`, `advise_related_child`, `immunization_messages`, `serverdatetime`) VALUES
(1, 1, 57, '2022-03-16 08:47:45', 2, '1.0*2.1*3.0*4.0*5.0*6.0*7.0*8.0*9.0*10.0*11.0*12.0*13.0*14.0', '6561', '9934', '_1140_1178_1141_1119_9939_1179_9940_9903', '2022-03-16 03:28:04'),
(2, 1, 57, '2022-03-16 08:55:21', 2, '1.0*2.1*3.0*4.0*5.0*6.0*7.0*8.0*9.0*10.0*11.0*12.0*13.0*14.0', '6562', '6445', '_1140_1178_1141_1119_9939_1179_9940_9903', '2022-03-16 03:34:50'),
(3, 1, 57, '2022-03-16 09:00:52', 2, '1.0*2.1*3.0*4.0*5.0*6.0*7.0*8.0*9.0*10.0*11.0*12.0*13.0*14.0', '6558', '9934', '_1140_1178_1141_1119_9939_1179_9940_9903', '2022-03-16 03:40:46'),
(4, 2, 91, '2022-03-15 18:47:03', 4, '1.1*2.0*3.0*4.0*5.0*6.0*7.0*8.0*9.0*10.0*11.0*12.0*13.0*14.0', '6556', '9934', '_1140_1179_1141_9903_9905_9904', '2022-03-16 06:13:09'),
(5, 2, 91, '2022-03-15 18:52:19', 4, '1.1*2.0*3.0*4.0*5.0*6.0*7.0*8.0*9.0*10.0*11.0*12.0*13.0*14.0', '6562', '9934', '_1140_1179_1141_9903_9905_9904', '2022-03-16 06:17:29'),
(6, 2, 91, '2022-03-15 18:56:18', 4, '1.1*2.0*3.0*4.0*5.0*6.0*7.0*8.0*9.0*10.0*11.0*12.0*13.0*14.0', '6560', '9934', '_1140_1179_1141_9903_9905_9904', '2022-03-16 06:21:35'),
(7, 2, 91, '2022-03-15 19:00:24', 4, '1.1*2.0*3.0*4.0*5.0*6.0*7.0*8.0*9.0*10.0*11.0*12.0*13.0*14.0', '6562', '9934', '_1140_1179_1141_9903_9905_9904', '2022-03-16 06:25:33'),
(8, 2, 91, '2022-03-15 19:04:22', 4, '1.1*2.0*3.0*4.0*5.0*6.0*7.0*8.0*9.0*10.0*11.0*12.0*13.0*14.0', '6556', '6445', '_1140_1179_1141_9903_9905_9904', '2022-03-16 06:29:24'),
(9, 2, 97, '2022-03-16 05:56:12', 5, '1.0*2.0*3.1*4.0*5.0*6.0*7.0*8.0*9.0*10.0*11.0*12.0*13.0*14.0', '6560', '64496451', '_1140_1178_1141_1140_1179_1179_1119_9939_1180_9940_9905_9904_6111', '2022-03-16 17:22:38'),
(10, 2, 93, '2022-03-16 19:02:54', 11, '1.1*2.1*3.1*4.1*5.0*6.1*7.0*8.0*9.0*10.0*11.0*12.0*13.0*14.0', '6562', '9934', '_1119_9939_1180_9940_1119_9939_1181_9940_9904_1119_9939_1183_9940_9909', '2022-03-17 06:27:40'),
(11, 2, 87, '2022-03-16 20:18:09', 14, '1.1*2.1*3.1*4.1*5.0*6.0*7.0*8.0*9.0*10.0*11.0*12.0*13.0*14.0', '6560', '6445', '_1119_9939_1180_9940_1119_9939_1181_9940_9904_9906', '2022-03-17 07:42:44'),
(12, 2, 84, '2022-03-16 20:31:42', 15, '1.1*2.1*3.1*4.1*5.1*6.0*7.0*8.0*9.1*10.0*11.0*12.0*13.0*14.0', '6556', '6447', '_1119_9939_1180_9940_1119_9939_1181_9940_1119_9939_1182_9940_9906_9907_6111', '2022-03-17 07:57:12'),
(13, 2, 94, '2022-03-16 20:50:38', 16, '1.1*2.0*3.0*4.0*5.1*6.0*7.0*8.0*9.0*10.0*11.0*12.0*13.0*14.0', '6558', '9934', '_1140_1179_1141_9903_9905_1119_9939_1182_9940_9907', '2022-03-17 08:15:59'),
(14, 2, 92, '2022-03-16 20:59:15', 20, '1.0*2.0*3.0*4.0*5.0*6.0*7.0*8.0*9.0*10.0*11.0*12.0*13.0*14.0', '6557', '6445', '_1140_1178_1141_1140_1179_1141_9903_9905_9904', '2022-03-17 08:24:12'),
(15, 2, 101, '2022-03-16 21:04:14', 21, '1.0*2.0*3.0*4.0*5.0*6.0*7.0*8.0*9.0*10.0*11.1*12.0*13.0*14.0', '6559', '6446', '_1140_1178_1141_1140_1179_1141_1140_1180_1141_9905_9904_6111_6222', '2022-03-17 08:29:59'),
(16, 2, 95, '2022-03-16 21:14:22', 8, '1.1*2.1*3.1*4.1*5.1*6.1*7.1*8.1*9.1*10.1*11.1*12.1*13.1*14.1', '6556', '6445', '_1119_9939_1178_9940_1119_9939_1179_9940_1119_9939_1180_9940', '2022-03-17 08:37:19'),
(17, 2, 96, '2022-03-16 21:16:49', 22, '1.0*2.0*3.0*4.0*5.0*6.0*7.0*8.0*9.0*10.0*11.1*12.0*13.0*14.0', '6556', '6448', '_1140_1178_1141_1140_1179_1141_1140_1180_1141_9905_9904_6111_6222', '2022-03-17 08:42:36'),
(18, 2, 88, '2022-03-16 18:52:01', 9, '1.1*2.1*3.0*4.1*5.0*6.0*7.0*8.0*9.0*10.0*11.0*12.0*13.0*14.0', '6560', '6446', '_9903_1119_9939_1181_9940_9904_9906_6111', '2022-03-17 09:06:21'),
(19, 2, 81, '2022-03-16 21:21:40', 23, '1.0*2.0*3.0*4.0*5.0*6.0*7.0*8.0*9.0*10.0*11.1*12.0*13.0*14.0', '6560', '6446', '_1140_1178_1141_1140_1179_1141_1140_1180_1141_9905_9904_6111_6222', '2022-03-17 09:06:25'),
(20, 2, 88, '2022-03-16 18:52:01', 9, '1.1*2.1*3.0*4.1*5.0*6.0*7.0*8.0*9.0*10.0*11.0*12.0*13.0*14.0', '6560', '6446', '_9903_1119_9939_1181_9940_9904_9906_6111', '2022-03-17 09:11:34'),
(21, 2, 81, '2022-03-16 21:21:40', 23, '1.0*2.0*3.0*4.0*5.0*6.0*7.0*8.0*9.0*10.0*11.1*12.0*13.0*14.0', '6560', '6446', '_1140_1178_1141_1140_1179_1141_1140_1180_1141_9905_9904_6111_6222', '2022-03-17 09:11:38'),
(22, 4, 21, '2022-03-22 15:14:40', 55, '1.0*2.0*3.0*4.0*5.0*6.0*7.0*8.0*9.0*10.0*11.0*12.0*13.0*14.0', '6558', '6449', '_1140_1178_1141_1140_1179_1141_1140_1180_1141_9905_9904_6111_6222', '2022-03-22 09:49:57'),
(23, 4, 21, '2022-03-22 15:27:13', 55, '1.0*2.0*3.0*4.0*5.0*6.0*7.0*8.0*9.0*10.0*11.0*12.0*13.0*14.0', '6560', '6446', '_1140_1178_1141_1140_1179_1141_1140_1180_1141_9905_9904_6111_6222', '2022-03-22 10:03:37'),
(24, 4, 21, '2022-03-22 16:39:51', 55, '1.0*2.0*3.0*4.0*5.0*6.0*7.0*8.0*9.0*10.0*11.0*12.0*13.0*14.0', '6561', '6448', '_1140_1178_1141_1140_1179_1141_1140_1180_1141_9905_9904_6111_6222', '2022-03-22 11:16:09'),
(25, 4, 21, '2022-02-17 16:46:54', 55, '1.0*2.0*3.0*4.0*5.0*6.0*7.0*8.0*9.0*10.0*11.0*12.0*13.0*14.0', '6556', '6446', '_1140_1178_1141_1140_1179_1141_1140_1180_1141_9905_9904_6111_6222', '2022-03-23 05:52:42'),
(26, 4, 25, '0000-00-00 00:00:00', 8, '1.0*2.0*3.0*4.0*5.0*6.0*7.0*8.0*9.0*10.0*11.0*12.0*13.0*14.0', '_6556_6557_6558_6559_6560_6561_6562_6563', '_6446_6447_6448_6449_6450_6451_6452', 'No_Information_Given_To_This_Card', '2022-03-23 05:53:14'),
(27, 4, 25, '0000-00-00 00:00:00', 8, '1.0*2.0*3.0*4.0*5.0*6.0*7.0*8.0*9.0*10.0*11.0*12.0*13.0*14.0', '_6556_6557_6558_6559_6560_6561_6562_6563', '_6446_6447_6448_6449_6450_6451_6452', 'No_Information_Given_To_This_Card', '2022-03-23 05:53:18'),
(28, 4, 111, '2022-02-19 19:46:42', 25, '1.1*2.1*3.0*4.0*5.0*6.0*7.0*8.0*9.0*10.0*11.0*12.0*13.0*14.0', '6559', '6446', '_9903_9905_9904_6111', '2022-03-25 08:50:42'),
(29, 4, 111, '2022-02-19 20:06:05', 25, '1.0*2.0*3.0*4.0*5.0*6.0*7.0*8.0*9.0*10.0*11.0*12.0*13.0*14.0', '6556', '6448', '_1140_1178_1141_1140_1179_1179_9903_9905_9904_6111', '2022-03-25 09:10:19'),
(30, 4, 111, '2022-02-19 22:34:11', 25, '1.1*2.1*3.0*4.0*5.0*6.0*7.0*8.0*9.0*10.0*11.0*12.0*13.0*14.0', '6561', '64496451', '_9903_9905_9904_6111', '2022-03-25 11:39:36'),
(31, 4, 110, '2022-02-19 22:19:27', 27, '1.1*2.0*3.0*4.0*5.0*6.0*7.0*8.0*9.0*10.0*11.0*12.0*13.0*14.0', '6561', '9934', '_1140_1179_1141_9903', '2022-03-25 11:43:57'),
(32, 4, 110, '2022-02-19 22:26:50', 27, '1.1*2.1*3.0*4.0*5.0*6.0*7.0*8.0*9.0*10.0*11.0*12.0*13.0*14.0', '6561', '9934', '_9903', '2022-03-25 11:44:02'),
(33, 4, 21, '2022-03-22 16:43:15', 55, '1.0*2.0*3.0*4.0*5.0*6.0*7.0*8.0*9.0*10.0*11.0*12.0*13.0*14.0', '6557', '6449', '_1140_1178_1141_1140_1179_1141_1140_1180_1141_9905_9904_6111_6222', '2022-03-26 05:50:32'),
(34, 4, 10, '2022-03-25 12:02:09', 1, '1.0*2.1*3.1*4.0*5.0*6.0*7.0*8.0*9.0*10.0*11.0*12.0*13.0*14.0', '6561', '9934', '_1140_1178_1141_1119_9939_1180_9940', '2022-03-26 06:45:19'),
(35, 4, 10, '2022-03-25 12:02:09', 1, '1.0*2.1*3.1*4.0*5.0*6.0*7.0*8.0*9.0*10.0*11.0*12.0*13.0*14.0', '6561', '9934', '_1140_1178_1141_1119_9939_1180_9940', '2022-03-26 07:11:59'),
(36, 5, 26, '2022-03-29 12:09:29', 55, '1.0*2.0*3.0*4.0*5.0*6.0*7.0*8.0*9.0*10.0*11.0*12.0*13.0*14.0', '6558', '9934', '_1140_1178_1141_1140_1179_1141_9903_9905_9904', '2022-03-29 06:43:47'),
(37, 5, 112, '2022-03-29 13:02:44', 30, '1.1*2.0*3.0*4.0*5.0*6.0*7.0*8.0*9.0*10.0*11.0*12.0*13.0*14.0', '6560', '6445', '_1140_1179_1141_9903', '2022-03-29 07:35:19'),
(38, 5, 26, '2022-03-29 14:38:20', 55, '1.0*2.0*3.0*4.0*5.0*6.0*7.0*8.0*9.0*10.0*11.0*12.0*13.0*14.0', '6560', '6445', '_1140_1178_1141_1140_1179_1141_9903_9905_9904', '2022-03-29 09:12:33'),
(39, 5, 26, '2022-03-29 14:42:42', 55, '1.0*2.0*3.0*4.0*5.0*6.0*7.0*8.0*9.0*10.0*11.0*12.0*13.0*14.0', '6556', '6445', '_1140_1178_1141_1140_1179_1141_9903_9905_9904', '2022-03-29 09:27:15'),
(40, 5, 26, '2022-03-29 14:59:51', 55, '1.0*2.0*3.0*4.0*5.0*6.0*7.0*8.0*9.0*10.0*11.0*12.0*13.0*14.0', '6562', '9934', '_1140_1178_1141_1140_1179_1141_9903_9905_9904', '2022-03-29 09:34:18'),
(41, 5, 112, '2022-03-29 15:27:59', 30, '1.1*2.1*3.0*4.0*5.0*6.0*7.0*8.0*9.0*10.0*11.0*12.0*13.0*14.0', '6559', '9934', '_9903', '2022-03-29 10:00:39'),
(42, 5, 112, '2022-03-30 11:57:13', 30, '1.1*2.1*3.0*4.0*5.0*6.0*7.0*8.0*9.0*10.0*11.0*12.0*13.0*14.0', '6560', '6445', '_9903', '2022-03-30 06:29:54'),
(43, 5, 112, '2022-03-30 12:34:42', 30, '1.1*2.1*3.0*4.0*5.0*6.0*7.0*8.0*9.0*10.0*11.0*12.0*13.0*14.0', '6559', '6445', '_9903', '2022-03-30 07:07:59'),
(44, 5, 112, '2022-03-30 13:06:24', 30, '1.1*2.1*3.0*4.0*5.0*6.0*7.0*8.0*9.0*10.0*11.0*12.0*13.0*14.0', '6563', '6445', '_9903', '2022-03-30 07:38:43'),
(45, 5, 112, '2022-03-31 12:28:12', 30, '1.1*2.1*3.0*4.0*5.0*6.0*7.0*8.0*9.0*10.0*11.0*12.0*13.0*14.0', '6560', '6445', '_9903', '2022-03-31 07:00:33'),
(46, 5, 112, '2022-03-31 14:42:21', 30, '1.1*2.1*3.0*4.0*5.0*6.0*7.0*8.0*9.0*10.0*11.0*12.0*13.0*14.0', '6559', '9934', '_9903', '2022-03-31 09:15:00'),
(47, 5, 112, '2022-03-31 15:04:20', 30, '1.1*2.1*3.0*4.0*5.0*6.0*7.0*8.0*9.0*10.0*11.0*12.0*13.0*14.0', '6560', '9934', '_9903', '2022-03-31 09:36:49'),
(48, 5, 13, '2022-03-31 15:41:11', 59, '1.0*2.0*3.0*4.0*5.0*6.0*7.0*8.0*9.0*10.0*11.0*12.0*13.0*14.0', '6560', '6445', '_1140_1178_1141_1140_1179_1141_9903_9905_9904', '2022-03-31 10:15:26'),
(49, 5, 112, '2022-03-31 15:50:10', 30, '1.1*2.1*3.0*4.0*5.0*6.0*7.0*8.0*9.0*10.0*11.0*12.0*13.0*14.0', '6562', '6445', '_9903', '2022-03-31 10:22:32'),
(50, 5, 21, '2022-03-31 16:13:59', 51, '1.1*2.1*3.1*4.1*5.1*6.1*7.1*8.1*9.1*10.1*11.1*12.1*13.1*14.1', '6563', '6445', '_1119_9939_1180_9940_1119_9939_1181_9940_1119_9939_1182_9940', '2022-03-31 10:46:15'),
(51, 5, 21, '2022-03-31 16:32:06', 51, '1.1*2.1*3.1*4.1*5.1*6.1*7.1*8.1*9.1*10.1*11.1*12.1*13.1*14.1', '6561', '6445', '_1119_9939_1180_9940_1119_9939_1181_9940_1119_9939_1182_9940', '2022-03-31 11:04:29'),
(52, 5, 10, '2022-03-31 17:43:33', 1, '1.0*2.1*3.1*4.0*5.0*6.0*7.0*8.0*9.0*10.0*11.0*12.0*13.0*14.0', '6558', '9934', '_1140_1178_1141_1119_9939_1180_9940', '2022-03-31 12:15:55'),
(53, 5, 21, '2022-03-31 17:53:22', 51, '1.1*2.1*3.1*4.1*5.1*6.1*7.1*8.1*9.1*10.1*11.1*12.1*13.1*14.1', '6557', '9934', '_1119_9939_1180_9940_1119_9939_1181_9940_1119_9939_1182_9940', '2022-03-31 12:25:36'),
(54, 5, 112, '2022-03-31 18:03:55', 30, '1.1*2.1*3.0*4.0*5.0*6.0*7.0*8.0*9.0*10.0*11.0*12.0*13.0*14.0', '6557', '6445', '_9903', '2022-03-31 12:36:09'),
(55, 5, 112, '2022-03-31 18:14:46', 30, '1.1*2.1*3.0*4.0*5.0*6.0*7.0*8.0*9.0*10.0*11.0*12.0*13.0*14.0', '6563', '6445', '_9903', '2022-03-31 12:47:10'),
(56, 5, 112, '2022-04-01 11:05:05', 30, '1.1*2.1*3.0*4.0*5.0*6.0*7.0*8.0*9.0*10.0*11.0*12.0*13.0*14.0', '6559', '6445', '_9903', '2022-04-01 05:37:34'),
(57, 5, 112, '2022-04-01 12:25:51', 30, '1.1*2.1*3.0*4.0*5.0*6.0*7.0*8.0*9.0*10.0*11.0*12.0*13.0*14.0', '6558', '6445', '_9903', '2022-04-01 06:58:27'),
(58, 5, 112, '2022-04-01 14:55:16', 30, '1.1*2.1*3.0*4.0*5.0*6.0*7.0*8.0*9.0*10.0*11.0*12.0*13.0*14.0', '6560', '6445', '_9903', '2022-04-01 09:27:54'),
(59, 5, 21, '2022-04-01 15:19:52', 51, '1.1*2.1*3.1*4.1*5.1*6.1*7.1*8.1*9.1*10.1*11.1*12.1*13.1*14.1', '6557', '6445', '_1119_9939_1180_9940_1119_9939_1181_9940_1119_9939_1182_9940', '2022-04-01 09:52:00'),
(60, 5, 112, '2022-04-01 15:55:55', 30, '1.1*2.1*3.0*4.0*5.0*6.0*7.0*8.0*9.0*10.0*11.0*12.0*13.0*14.0', '6562', '9934', '_9903', '2022-04-01 10:28:20'),
(61, 5, 13, '2022-04-01 15:59:15', 59, '1.1*2.1*3.1*4.1*5.1*6.1*7.1*8.1*9.1*10.1*11.1*12.1*13.1*14.1', '6556', '9934', '_1119_9939_1180_9940_1119_9939_1181_9940_1119_9939_1182_9940', '2022-04-01 10:31:32'),
(62, 5, 10, '2022-04-01 16:01:58', 1, '1.0*2.1*3.1*4.0*5.0*6.0*7.0*8.0*9.0*10.0*11.0*12.0*13.0*14.0', '6561', '6445', '_1140_1178_1141_1119_9939_1180_9940', '2022-04-01 10:34:11'),
(63, 5, 21, '2022-04-01 15:12:57', 51, '1.1*2.1*3.1*4.1*5.1*6.1*7.1*8.1*9.1*10.1*11.1*12.1*13.1*14.1', '6562', '9934', '_1119_9939_1180_9940_1119_9939_1181_9940_1119_9939_1182_9940', '2022-04-01 10:47:17'),
(64, 5, 21, '2022-04-01 16:17:10', 51, '1.1*2.1*3.1*4.1*5.1*6.1*7.1*8.1*9.1*10.1*11.1*12.1*13.1*14.1', '6559', '6445', '_1119_9939_1180_9940_1119_9939_1181_9940_1119_9939_1182_9940', '2022-04-01 11:18:05'),
(65, 5, 112, '2022-04-01 16:27:35', 30, '1.1*2.1*3.0*4.0*5.0*6.0*7.0*8.0*9.0*10.0*11.0*12.0*13.0*14.0', '6558', '9934', '_9903', '2022-04-01 11:18:11'),
(66, 5, 21, '2022-04-01 16:52:58', 51, '1.1*2.1*3.1*4.1*5.1*6.1*7.1*8.1*9.1*10.1*11.1*12.1*13.1*14.1', '6560', '6445', '_1119_9939_1180_9940_1119_9939_1181_9940_1119_9939_1182_9940', '2022-04-01 11:25:14'),
(67, 5, 10, '2022-04-01 16:57:39', 1, '1.0*2.1*3.1*4.0*5.0*6.0*7.0*8.0*9.0*10.0*11.0*12.0*13.0*14.0', '6562', '9934', '_1140_1178_1141_1119_9939_1180_9940', '2022-04-01 11:29:45'),
(68, 5, 112, '2022-04-01 17:12:57', 30, '1.1*2.1*3.0*4.0*5.0*6.0*7.0*8.0*9.0*10.0*11.0*12.0*13.0*14.0', '6559', '9934', '_9903', '2022-04-01 11:48:48'),
(69, 5, 112, '2022-04-04 10:10:17', 30, '1.1*2.1*3.0*4.0*5.0*6.0*7.0*8.0*9.0*10.0*11.0*12.0*13.0*14.0', '6557', '6445', '_9903', '2022-04-04 04:43:00'),
(70, 5, 10, '2022-04-04 10:13:36', 1, '1.0*2.1*3.1*4.0*5.0*6.0*7.0*8.0*9.0*10.0*11.0*12.0*13.0*14.0', '6556', '9934', '_1140_1178_1141_1119_9939_1180_9940', '2022-04-04 04:45:58'),
(71, 5, 112, '2022-04-04 10:21:31', 30, '1.1*2.1*3.0*4.0*5.0*6.0*7.0*8.0*9.0*10.0*11.0*12.0*13.0*14.0', '6557', '6445', '_9903', '2022-04-04 04:55:23'),
(72, 5, 21, '2022-04-04 12:00:11', 51, '1.1*2.1*3.1*4.1*5.1*6.1*7.1*8.1*9.1*10.1*11.1*12.1*13.1*14.1', '6560', '6445', '_1119_9939_1180_9940_1119_9939_1181_9940_1119_9939_1182_9940', '2022-04-04 06:34:37'),
(73, 5, 21, '2022-04-04 13:02:12', 51, '1.1*2.1*3.1*4.1*5.1*6.1*7.1*8.1*9.1*10.1*11.1*12.1*13.1*14.1', '6557', '9934', '_1119_9939_1180_9940_1119_9939_1181_9940_1119_9939_1182_9940', '2022-04-04 07:35:03'),
(74, 5, 21, '2022-04-04 14:58:44', 51, '1.1*2.1*3.1*4.1*5.1*6.1*7.1*8.1*9.1*10.1*11.1*12.1*13.1*14.1', '6558', '6445', '_1119_9939_1180_9940_1119_9939_1181_9940_1119_9939_1182_9940', '2022-04-05 04:51:34'),
(75, 5, 112, '2022-04-04 15:11:44', 30, '1.1*2.1*3.0*4.0*5.0*6.0*7.0*8.0*9.0*10.0*11.0*12.0*13.0*14.0', '6558', '9934', '_9903', '2022-04-05 04:51:38'),
(76, 5, 112, '2022-04-05 10:29:46', 30, '1.1*2.1*3.0*4.0*5.0*6.0*7.0*8.0*9.0*10.0*11.0*12.0*13.0*14.0', '6563', '9934', '_9903', '2022-04-05 05:02:36'),
(77, 5, 112, '2022-04-06 12:40:44', 30, '1.1*2.1*3.0*4.0*5.0*6.0*7.0*8.0*9.0*10.0*11.0*12.0*13.0*14.0', '6561', '9934', '_9903', '2022-04-06 07:13:37'),
(78, 5, 114, '2022-04-07 12:29:06', 37, '1.0*2.0*3.0*4.0*5.0*6.0*7.0*8.0*9.0*10.0*11.0*12.0*13.0*14.0', '6559', '6445', '_1140_1178_1141_1140_1179_1141_9903', '2022-04-07 07:06:57'),
(79, 5, 114, '2022-04-07 12:44:20', 37, '1.0*2.0*3.0*4.0*5.0*6.0*7.0*8.0*9.0*10.0*11.0*12.0*13.0*14.0', '6561', '9934', '_1140_1178_1141_1140_1179_1141_9903', '2022-04-07 07:22:31'),
(80, 5, 114, '2022-04-07 15:16:08', 37, '1.0*2.0*3.0*4.0*5.0*6.0*7.0*8.0*9.0*10.0*11.0*12.0*13.0*14.0', '6563', '6445', '_1140_1178_1141_1140_1179_1141_9903', '2022-04-07 09:49:18'),
(81, 5, 112, '2022-04-07 15:33:16', 30, '1.1*2.1*3.1*4.0*5.0*6.0*7.0*8.0*9.0*10.0*11.0*12.0*13.0*14.0', '6558', '6445', '_1119_9939_1180_9940', '2022-04-07 10:08:09'),
(82, 5, 112, '2022-04-07 15:33:16', 30, '1.1*2.1*3.1*4.0*5.0*6.0*7.0*8.0*9.0*10.0*11.0*12.0*13.0*14.0', '6558', '6445', '_1119_9939_1180_9940', '2022-04-07 10:08:45'),
(83, 5, 112, '2022-04-07 15:33:16', 30, '1.1*2.1*3.1*4.0*5.0*6.0*7.0*8.0*9.0*10.0*11.0*12.0*13.0*14.0', '6558', '6445', '_1119_9939_1180_9940', '2022-04-07 10:09:18'),
(84, 5, 112, '2022-04-07 15:33:16', 30, '1.1*2.1*3.1*4.0*5.0*6.0*7.0*8.0*9.0*10.0*11.0*12.0*13.0*14.0', '6558', '6445', '_1119_9939_1180_9940', '2022-04-07 10:37:52'),
(85, 5, 112, '2022-04-07 16:18:38', 30, '1.1*2.1*3.1*4.0*5.0*6.0*7.0*8.0*9.0*10.0*11.0*12.0*13.0*14.0', '6559', '6445', '_1119_9939_1180_9940', '2022-04-07 10:51:48'),
(86, 5, 112, '2022-04-08 10:13:12', 30, '1.1*2.1*3.1*4.0*5.0*6.0*7.0*8.0*9.0*10.0*11.0*12.0*13.0*14.0', '6558', '9934', '_1119_9939_1180_9940', '2022-04-08 04:47:28'),
(87, 5, 112, '2022-04-08 10:13:12', 30, '1.1*2.1*3.1*4.0*5.0*6.0*7.0*8.0*9.0*10.0*11.0*12.0*13.0*14.0', '6558', '9934', '_1119_9939_1180_9940', '2022-04-08 04:47:59'),
(88, 5, 112, '2022-04-08 10:13:12', 30, '1.1*2.1*3.1*4.0*5.0*6.0*7.0*8.0*9.0*10.0*11.0*12.0*13.0*14.0', '6558', '9934', '_1119_9939_1180_9940', '2022-04-08 04:49:14'),
(89, 5, 112, '2022-04-08 10:13:12', 30, '1.1*2.1*3.1*4.0*5.0*6.0*7.0*8.0*9.0*10.0*11.0*12.0*13.0*14.0', '6558', '9934', '_1119_9939_1180_9940', '2022-04-08 04:50:06'),
(90, 5, 112, '2022-04-08 10:13:12', 30, '1.1*2.1*3.1*4.0*5.0*6.0*7.0*8.0*9.0*10.0*11.0*12.0*13.0*14.0', '6558', '9934', '_1119_9939_1180_9940', '2022-04-08 04:50:08'),
(91, 5, 112, '2022-04-11 12:18:44', 30, '1.1*2.1*3.1*4.0*5.0*6.0*7.0*8.0*9.0*10.0*11.0*12.0*13.0*14.0', '6561', '6445', '_1119_9939_1180_9940', '2022-04-11 06:53:02'),
(92, 5, 112, '2022-04-11 12:47:48', 30, '1.1*2.1*3.1*4.0*5.0*6.0*7.0*8.0*9.0*10.0*11.0*12.0*13.0*14.0', '6556', '6445', '_1119_9939_1180_9940', '2022-04-11 07:20:13'),
(93, 2, 14, '2022-02-18 11:36:53', 8, '1.0*2.0*3.0*4.0*5.0*6.0*7.0*8.0*9.0*10.0*11.0*12.0*13.0*14.0', '_6556_6557_6558_6559_6560_6561_6562_6563', 'zcxc', '_1140_1178_1141_1140_1179_1141_1140_1180_1141_1122_1181_1123_9905_1122_1182_1123_9904_1122_1187_1123_6111_1122_1190_1123_6222', '2022-04-12 05:12:01'),
(94, 1, 21, '2022-04-26 12:49:51', 51, '1.1*2.1*3.1*4.1*5.1*6.1*7.1*8.1*9.1*10.1*11.1*12.1*13.1*14.1', '6560', '6445', '_1119_9939_1180_9940_1119_9939_1181_9940_1119_9939_1182_9940_1119_9939_1183_9940_1119_9939_1184_9940', '2022-04-26 07:24:47'),
(95, 5, 21, '2022-04-28 10:43:25', 51, '1.1*2.1*3.1*4.1*5.1*6.1*7.1*8.1*9.1*10.1*11.1*12.1*13.1*14.1', '6559', '9934', '_1119_9939_1180_9940_1119_9939_1181_9940_1119_9939_1182_9940_1119_9939_1183_9940_1119_9939_1184_9940', '2022-04-28 05:20:28'),
(96, 5, 21, '2022-04-28 10:45:59', 51, '1.1*2.1*3.1*4.1*5.1*6.1*7.1*8.1*9.1*10.1*11.1*12.1*13.1*14.1', '6561', '9934', '_1119_9939_1180_9940_1119_9939_1181_9940_1119_9939_1182_9940_1119_9939_1183_9940_1119_9939_1184_9940', '2022-04-28 05:23:01'),
(97, 5, 114, '2022-04-28 11:57:35', 3, '1.Y*2.Y*3.Y*0.N*0.N*0.N*0.N*0.N*0.N*0.N*0.N*0.N*0.N*0.N*0.N*0.N*0.N*0.N*0.N*0.N*0.N*0.N*', '6564', '9934', '_1119_9939_1180_9940_1238_9905_9904_1231_1233', '2022-04-28 06:42:15'),
(98, 5, 114, '2022-04-28 12:04:39', 3, '1.Y*2.Y*3.Y*0.N*0.N*0.N*0.N*0.N*0.N*0.N*0.N*0.N*0.N*0.N*0.N*0.N*0.N*0.N*0.N*0.N*0.N*0.N*', '6556', '9934', '_1119_9939_1180_9940_1238_9905_9904_1231_1233', '2022-04-28 06:49:25'),
(99, 5, 113, '2022-04-28 12:16:12', 1, '1.Y*2.Y*3.Y*0.N*0.N*0.N*0.N*0.N*0.N*0.N*0.N*0.N*0.N*0.N*0.N*0.N*0.N*0.N*0.N*0.N*0.N*0.N*', '6562', '64496452', '_1140_1180_1141_1140_1180_1141_9905_9904_1140_1180_1141_1140_1180_1141_1140_1180_1141_6111_6222_1236_6333_6334_1140_1179_1179', '2022-04-28 07:03:02'),
(100, 5, 114, '2022-04-28 12:45:13', 3, '1.Y*2.Y*3.Y*0.N*0.N*0.N*0.N*0.N*0.N*0.N*0.N*0.N*0.N*0.N*0.N*0.N*0.N*0.N*0.N*0.N*0.N*0.N*', '6564', '6445', '_1119_9939_1180_9940_1238_9905_9904_1231_1233', '2022-04-28 07:29:49'),
(101, 5, 114, '2022-04-28 14:37:41', 3, '1.Y*2.Y*3.Y*0.N*0.N*0.N*0.N*0.N*0.N*0.N*0.N*0.N*0.N*0.N*0.N*0.N*0.N*0.N*0.N*0.N*0.N*0.N*', '6562', '6445', '_1119_9939_1180_9940_1238_9905_9904_1231_1233', '2022-04-28 09:23:15'),
(102, 5, 114, '2022-04-28 14:45:54', 3, '1.Y*2.Y*3.Y*0.N*0.N*0.N*0.N*0.N*0.N*0.N*0.N*0.N*0.N*0.N*0.N*0.N*0.N*0.N*0.N*0.N*0.N*0.N*', '6557', '6445', '_1119_9939_1180_9940_1238_9905_9904_1231_1233', '2022-04-28 09:30:28'),
(103, 5, 114, '2022-04-28 14:55:39', 3, '1.Y*2.Y*3.Y*0.N*0.N*0.N*0.N*0.N*0.N*0.N*0.N*0.N*0.N*0.N*0.N*0.N*0.N*0.N*0.N*0.N*0.N*0.N*', '6559', '6445', '_1119_9939_1180_9940_1238_9905_9904_1231_1233', '2022-04-28 09:40:18'),
(104, 5, 113, '2022-04-28 15:01:14', 1, '1.Y*2.Y*3.Y*0.N*0.N*0.N*0.N*0.N*0.N*0.N*0.N*0.N*0.N*0.N*0.N*0.N*0.N*0.N*0.N*0.N*0.N*0.N*', '6559', '6448', '_1140_1180_1141_1140_1180_1141_9905_9904_1140_1180_1141_1140_1180_1141_1140_1180_1141_6111_6222_1236_6333_6334_1140_1179_1179', '2022-04-28 09:48:00'),
(105, 5, 113, '2022-04-28 15:08:58', 1, '1.Y*2.Y*3.Y*0.N*0.N*0.N*0.N*0.N*0.N*0.N*0.N*0.N*0.N*0.N*0.N*0.N*0.N*0.N*0.N*0.N*0.N*0.N*', '6559', '6448', '_1140_1180_1141_1140_1180_1141_9905_9904_1140_1180_1141_1140_1180_1141_1140_1180_1141_6111_6222_1236_6333_6334_1140_1179_1179', '2022-04-28 09:55:44'),
(106, 5, 114, '2022-04-28 16:00:18', 3, '1.Y*2.Y*3.Y*0.N*0.N*0.N*0.N*0.N*0.N*0.N*0.N*0.N*0.N*0.N*0.N*0.N*0.N*0.N*0.N*0.N*0.N*0.N*', '6558', '6445', '_1119_9939_1180_9940_1238_9905_9904_1231_1233', '2022-04-28 10:45:19'),
(107, 5, 114, '2022-04-28 16:05:32', 3, '1.Y*2.Y*3.Y*0.N*0.N*0.N*0.N*0.N*0.N*0.N*0.N*0.N*0.N*0.N*0.N*0.N*0.N*0.N*0.N*0.N*0.N*0.N*', '6562', '9934', '_1119_9939_1180_9940_1238_9905_9904_1231_1233', '2022-04-28 10:50:46'),
(108, 5, 114, '2022-04-28 16:10:58', 3, '1.Y*2.Y*3.Y*0.N*0.N*0.N*0.N*0.N*0.N*0.N*0.N*0.N*0.N*0.N*0.N*0.N*0.N*0.N*0.N*0.N*0.N*0.N*', '6559', '6445', '_1119_9939_1180_9940_1238_9905_9904_1231_1233', '2022-04-28 10:55:36'),
(109, 5, 114, '2022-04-28 16:46:06', 3, '1.Y*2.Y*3.Y*0.N*0.N*0.N*0.N*0.N*0.N*0.N*0.N*0.N*0.N*0.N*0.N*0.N*0.N*0.N*0.N*0.N*0.N*0.N*', '6559', '9934', '_1119_9939_1180_9940_1238_9905_9904_1231_1233', '2022-04-28 11:31:55'),
(110, 5, 113, '2022-04-29 13:56:34', 1, '1.Y*2.Y*3.Y*0.N*0.N*0.N*0.N*0.N*0.N*0.N*0.N*0.N*0.N*0.N*0.N*0.N*0.N*0.N*0.N*0.N*0.N*0.N*', '6559', '6448', '_1140_2238_1141_1140_2239_1141_9905_9904_1140_2231_1141_1140_2233_1141_1140_2234_1141_6222_6222_1236_6334_6335_1140_2237_1141', '2022-04-29 08:44:20'),
(111, 5, 113, '2022-04-29 16:01:08', 1, '1.Y*2.Y*3.Y*0.N*0.N*0.N*0.N*0.N*0.N*0.N*0.N*0.N*0.N*0.N*0.N*0.N*0.N*0.N*0.N*0.N*0.N*0.N*', '6558', '6446', '_1140_2238_1141_1140_2239_1141_9905_9904_1140_2231_1141_1140_2233_1141_1140_2234_1141_6222_6222_1236_6334_6335_1140_2237_1141', '2022-04-29 10:47:59'),
(112, 5, 113, '2022-04-29 16:34:58', 1, '1.Y*2.Y*3.Y*0.N*0.N*0.N*0.N*0.N*0.N*0.N*0.N*0.N*0.N*0.N*0.N*0.N*0.N*0.N*0.N*0.N*0.N*0.N*', '6558', '6447', '_1140_2238_1141_1140_2239_1141_9905_9904_1140_2231_1141_1140_2233_1141_1140_2234_1141_6222_6222_1236_6334_6335_1140_2237_1141', '2022-04-29 11:22:07'),
(113, 5, 114, '2022-05-09 11:39:17', 3, '1.Y*2.Y*3.Y*0.N*0.N*0.N*0.N*0.N*0.N*0.N*0.N*0.N*0.N*0.N*0.N*0.N*0.N*0.N*0.N*0.N*0.N*0.N*', '6561', '9934', '_1119_9939_1180_9940_1238_9905_9904_1231_1233', '2022-05-09 06:24:22'),
(114, 5, 113, '2022-05-09 12:07:47', 1, '1.Y*2.Y*3.Y*0.N*0.N*0.N*0.N*0.N*0.N*0.N*0.N*0.N*0.N*0.N*0.N*0.N*0.N*0.N*0.N*0.N*0.N*0.N*', '6560', '6448', '_1140_2238_1141_1140_2239_1141_9905_9904_1140_2231_1141_1140_2233_1141_1140_2234_1141_6222_6222_1236_6334_6335_1140_2237_1141', '2022-05-09 06:55:10'),
(115, 5, 113, '2022-05-09 15:06:03', 1, '1.Y*2.Y*3.Y*0.N*0.N*0.N*0.N*0.N*0.N*0.N*0.N*0.N*0.N*0.N*0.N*0.N*0.N*0.N*0.N*0.N*0.N*0.N*', '6559', '6448', '_1140_2238_1141_1140_2239_1141_9905_9904_1140_2231_1141_1140_2233_1141_6222_1236_6334_6335', '2022-05-09 09:52:06'),
(116, 5, 113, '2022-05-09 16:17:31', 1, '1.Y*2.Y*3.Y*0.N*0.N*0.N*0.N*0.N*0.N*0.N*0.N*0.N*0.N*0.N*0.N*0.N*0.N*0.N*0.N*0.N*0.N*0.N*', '6556', '6446', '_1140_2238_1141_1140_2239_1141_9905_9904_1140_2231_1141_1140_2233_1141_6222_1236_6334_6335', '2022-05-09 11:02:55'),
(117, 5, 113, '2022-05-09 16:27:04', 1, '1.Y*2.Y*3.Y*0.N*0.N*0.N*0.N*0.N*0.N*0.N*0.N*0.N*0.N*0.N*0.N*0.N*0.N*0.N*0.N*0.N*0.N*0.N*', '6564', '6447', '_1140_2238_1141_1140_2239_1141_9905_9904_1140_2231_1141_1140_2233_1141_6222_1236_6334_6335', '2022-05-09 11:12:55'),
(118, 5, 114, '2022-05-09 17:00:23', 3, '1.Y*2.Y*3.Y*0.N*0.N*0.N*0.N*0.N*0.N*0.N*0.N*0.N*0.N*0.N*0.N*0.N*0.N*0.N*0.N*0.N*0.N*0.N*', '6562', '6445', '_1119_9939_1180_9940_1238_9905_9904_1231_1233', '2022-05-09 11:45:14'),
(119, 5, 115, '2022-05-09 18:28:46', 2, '1.Y*2.Y*3.Y*2.2Y*2.3Y*4.Y*0.N*0.N*0.N*0.N*0.N*0.N*0.N*0.N*0.N*0.N*0.N*0.N*0.N*0.N*0.N*0.N*', '6557', '6445', '_1119_9939_1180_9940_1119_9939_1181_9940_9904_1231_1233_9906', '2022-05-09 13:03:12'),
(120, 6, 115, '2022-05-10 17:17:19', 2, '1.Y*2.Y*3.Y*2.2Y*2.3Y*4.Y*0.N*0.N*0.N*0.N*0.N*0.N*0.N*0.N*0.N*0.N*0.N*0.N*0.N*0.N*0.N*0.N*', '6562', '9934', '_1119_9939_1180_9940_1119_9939_1181_9940_9904_1231_1233_9906', '2022-05-10 11:52:45'),
(121, 7, 113, '2022-05-10 17:32:18', 1, '1.Y*2.Y*3.Y*0.N*0.N*0.N*0.N*0.N*0.N*0.N*0.N*0.N*0.N*0.N*0.N*0.N*0.N*0.N*0.N*0.N*0.N*0.N*', '6556', '6447', '_1140_2238_1141_1140_2239_1141_9905_9904_1140_2231_1141_1140_2233_1141_6222_1236_6334_6335', '2022-05-10 12:09:52'),
(122, 5, 115, '2022-05-13 16:04:25', 2, '1.Y*2.Y*3.Y*2.2Y*2.3Y*4.Y*0.N*0.N*0.N*0.N*0.N*0.N*0.N*0.N*0.N*0.N*0.N*0.N*0.N*0.N*0.N*0.N*', '6561', '6445', '_1119_9939_1180_9940_1119_9939_1181_9940_9904_1231_1233_9906', '2022-05-13 10:48:36'),
(123, 5, 115, '2022-05-13 16:48:23', 2, '1.Y*2.Y*3.Y*2.2Y*2.3Y*4.Y*0.N*0.N*0.N*0.N*0.N*0.N*0.N*0.N*0.N*0.N*0.N*0.N*0.N*0.N*0.N*0.N*', '6556', '9934', '_1119_9939_1180_9940_1119_9939_1181_9940_9904_1231_1233_9906', '2022-05-13 11:23:08'),
(124, 5, 115, '2022-05-13 16:59:47', 2, '1.Y*2.Y*3.Y*2.2Y*2.3Y*4.Y*0.N*0.N*0.N*0.N*0.N*0.N*0.N*0.N*0.N*0.N*0.N*0.N*0.N*0.N*0.N*0.N*', '6556', '6445', '_1119_9939_1180_9940_1119_9939_1181_9940_9904_1231_1233_9906', '2022-05-13 11:35:00');

-- --------------------------------------------------------

--
-- Table structure for table `tblLogin`
--

CREATE TABLE `tblLogin` (
  `staff_uuid` varchar(255) NOT NULL,
  `login_id` varchar(255) NOT NULL,
  `password` varchar(255) NOT NULL,
  `level` int(4) NOT NULL,
  `isActive` int(2) NOT NULL,
  `created_datetime` timestamp NOT NULL DEFAULT current_timestamp() ON UPDATE current_timestamp()
) ENGINE=InnoDB DEFAULT CHARSET=utf8mb4;

--
-- Dumping data for table `tblLogin`
--

INSERT INTO `tblLogin` (`staff_uuid`, `login_id`, `password`, `level`, `isActive`, `created_datetime`) VALUES
('673a98ce-29c7-11ed-a0a5-f44d304ae155', '0', '', 2, 1, '2022-09-01 07:26:32'),
('45f2717c-291f-11ed-8f65-f44d304ae155', 'CAdmin', '12345', 1, 1, '2022-09-01 06:35:42'),
('5cd1fb0b-291f-11ed-8f65-f44d304ae155', 'ProAdmin', 'Proadmin123', 2, 1, '2022-08-31 11:23:39'),
('e2f100d3-291e-11ed-8f65-f44d304ae155', 'Super123', 'Super123', 0, 1, '2022-08-31 11:20:15'),
('8f7b6071-29c3-11ed-a0a5-f44d304ae155', 'Test123', 'vhY4O8Lz', 1, 1, '2022-09-01 06:59:02'),
('3cbde059-29df-11ed-a0a5-f44d304ae155', 'Test777', '777', 2, 1, '2022-09-01 10:17:09');

--
-- Triggers `tblLogin`
--
DELIMITER $$
CREATE TRIGGER `staff_uuid_before_insert_staff_details` BEFORE INSERT ON `tblLogin` FOR EACH ROW SET new.staff_uuid=uuid()
$$
DELIMITER ;

-- --------------------------------------------------------

--
-- Table structure for table `tblMessageText`
--

CREATE TABLE `tblMessageText` (
  `MessageId` int(11) NOT NULL,
  `Name` varchar(100) NOT NULL,
  `Text` varchar(1000) NOT NULL,
  `Type` varchar(10) NOT NULL,
  `isActive` int(11) NOT NULL DEFAULT 1
) ENGINE=MyISAM DEFAULT CHARSET=latin1;

--
-- Dumping data for table `tblMessageText`
--

INSERT INTO `tblMessageText` (`MessageId`, `Name`, `Text`, `Type`, `isActive`) VALUES
(1, '1', 'xyz', 'E', 1),
(2, '2', 'xyz', 'E', 1),
(3, '3', 'xyz', 'E', 1),
(4, '4', 'xyz', 'E', 1),
(5, '5', 'xyz', 'E', 1);

-- --------------------------------------------------------

--
-- Table structure for table `tblPhcRegister`
--

CREATE TABLE `tblPhcRegister` (
  `PhcId` int(11) NOT NULL,
  `PhcName` varchar(50) NOT NULL,
  `isActive` int(11) NOT NULL DEFAULT 0
) ENGINE=MyISAM DEFAULT CHARSET=latin1;

--
-- Dumping data for table `tblPhcRegister`
--

INSERT INTO `tblPhcRegister` (`PhcId`, `PhcName`, `isActive`) VALUES
(1, 'ZMQ Phc', 1),
(2, 'Odisa Phc', 1),
(3, 'Monetra Phc', 1);

-- --------------------------------------------------------

--
-- Table structure for table `tblQuestionDownload`
--

CREATE TABLE `tblQuestionDownload` (
  `autoId` int(11) NOT NULL,
  `QuestionId` int(11) NOT NULL,
  `QuestionName` varchar(100) NOT NULL,
  `UserId` varchar(100) NOT NULL,
  `isDownload` int(11) NOT NULL DEFAULT 1
) ENGINE=MyISAM DEFAULT CHARSET=latin1;

-- --------------------------------------------------------

--
-- Table structure for table `tblQuestionText`
--

CREATE TABLE `tblQuestionText` (
  `QuestionId` int(11) NOT NULL,
  `Name` varchar(10) NOT NULL,
  `Answer` varchar(10) NOT NULL,
  `LangType` varchar(10) NOT NULL,
  `AudioUrl` varchar(100) NOT NULL,
  `isActive` int(11) NOT NULL DEFAULT 1
) ENGINE=MyISAM DEFAULT CHARSET=latin1;

--
-- Dumping data for table `tblQuestionText`
--

INSERT INTO `tblQuestionText` (`QuestionId`, `Name`, `Answer`, `LangType`, `AudioUrl`, `isActive`) VALUES
(1, '1', 'D', 'E', 'complianceMode/IE/', 1),
(2, '2', 'D', 'E', 'complianceMode/IE/', 1),
(3, '3', 'D', 'E', 'complianceMode/IE/', 1),
(4, '4', 'A', 'E', 'complianceMode/IE/', 1),
(5, '5', 'B', 'E', 'complianceMode/IE/', 1),
(6, '6', 'C', 'E', 'complianceMode/IE/', 1),
(7, '7', 'B', 'E', 'complianceMode/IE/', 1),
(8, '8', 'A', 'E', 'complianceMode/IE/', 1),
(9, '9', 'B', 'E', 'complianceMode/IE/', 1),
(10, '10', 'A', 'E', 'complianceMode/IE/', 1),
(11, '11', 'C', 'E', 'complianceMode/IE/', 1),
(12, '12', 'B', 'E', 'complianceMode/IE/', 1),
(13, '13', 'B', 'E', 'complianceMode/IE/', 1),
(14, '14', 'C', 'E', 'complianceMode/IE/', 1),
(15, '15', 'A', 'E', 'complianceMode/IE/', 1),
(16, '16', 'D', 'E', 'complianceMode/IE/', 1),
(17, '17', 'B', 'E', 'complianceMode/IE/', 1),
(18, '18', 'A', 'E', 'complianceMode/IE/', 1),
(19, '19', 'C', 'E', 'complianceMode/IE/', 1),
(20, '20', 'C', 'E', 'complianceMode/IE/', 1),
(21, '21', 'D', 'E', 'complianceMode/IE/', 1),
(22, '22', 'A', 'E', 'complianceMode/IE/', 1),
(23, '23', 'A', 'E', 'complianceMode/IE/', 1),
(24, '24', 'A', 'E', 'complianceMode/IE/', 1),
(25, '25', 'D', 'E', 'complianceMode/IE/', 1),
(26, '26', 'B', 'E', 'complianceMode/IE/', 1),
(27, '27', 'C', 'E', 'complianceMode/IE/', 1),
(28, '28', 'B', 'E', 'complianceMode/IE/', 1),
(29, '29', 'A', 'E', 'complianceMode/IE/', 1),
(30, '30', 'D', 'E', 'complianceMode/IE/', 1),
(31, '31', 'B', 'E', 'complianceMode/IE/', 1),
(32, '32', 'D', 'E', 'complianceMode/IE/', 1),
(33, '33', 'C', 'E', 'complianceMode/IE/', 1),
(34, '34', 'D', 'E', 'complianceMode/IE/', 1),
(35, '35', 'D', 'E', 'complianceMode/IE/', 1),
(36, '36', 'A', 'E', 'complianceMode/IE/', 1),
(37, '37', 'D', 'E', 'complianceMode/IH/', 1),
(38, '1', 'A', 'H', 'complianceMode/IH/', 1),
(39, '2', 'A', 'H', 'complianceMode/IH/', 1),
(40, '3', 'B', 'H', 'complianceMode/IH/', 1),
(41, '4', 'D', 'H', 'complianceMode/IH/', 1),
(42, '5', 'B', 'H', 'complianceMode/IH/', 1),
(43, '6', 'B', 'H', 'complianceMode/IH/', 1),
(44, '7', 'D', 'H', 'complianceMode/IH/', 1),
(45, '8', 'D', 'H', 'complianceMode/IH/', 1),
(46, '9', 'C', 'H', 'complianceMode/IH/', 1),
(47, '10', 'D', 'H', 'complianceMode/IH/', 1),
(48, '11', 'B', 'H', 'complianceMode/IH/', 1),
(49, '12', 'B', 'H', 'complianceMode/IH/', 1),
(50, '13', 'A', 'H', 'complianceMode/IH/', 1),
(51, '14', 'C', 'H', 'complianceMode/IH/', 1),
(52, '15', 'D', 'H', 'complianceMode/IH/', 1),
(53, '16', 'A', 'H', 'complianceMode/IH/', 1),
(54, '17', 'B', 'H', 'complianceMode/IH/', 1),
(55, '18', 'C', 'H', 'complianceMode/IH/', 1),
(56, '19', 'D', 'H', 'complianceMode/IH/', 1),
(57, '20', 'B', 'H', 'complianceMode/IH/', 1),
(58, '21', 'D', 'H', 'complianceMode/IH/', 1),
(59, '22', 'C', 'H', 'complianceMode/IH/', 1),
(60, '23', 'D', 'H', 'complianceMode/IH/', 1),
(61, '24', 'A', 'H', 'complianceMode/IH/', 1),
(62, '25', 'C', 'H', 'complianceMode/IH/', 1),
(63, '26', 'C', 'H', 'complianceMode/IH/', 1),
(64, '27', 'A', 'H', 'complianceMode/IH/', 1),
(65, '28', 'C', 'H', 'complianceMode/IH/', 1),
(66, '29', 'A', 'H', 'complianceMode/IH/', 1),
(67, '30', 'D', 'H', 'complianceMode/IH/', 1),
(68, '31', 'B', 'H', 'complianceMode/IH/', 1),
(69, '32', 'C', 'H', 'complianceMode/IH/', 1),
(70, '33', 'A', 'H', 'complianceMode/IH/', 1),
(71, '34', 'C', 'H', 'complianceMode/IH/', 1),
(72, '35', 'C', 'H', 'complianceMode/IH/', 1),
(73, '36', 'A', 'H', 'complianceMode/IH/', 1),
(74, '37', 'C', 'H', 'complianceMode/IH/', 1);

-- --------------------------------------------------------

--
-- Table structure for table `tblRegisterProvider`
--

CREATE TABLE `tblRegisterProvider` (
  `ProviderId` int(11) NOT NULL,
  `HandmadeProviderId` varchar(200) NOT NULL,
  `UserId` varchar(20) NOT NULL,
  `Password` varchar(20) NOT NULL,
  `ProviderName` varchar(100) NOT NULL,
  `PhoneNo` varchar(20) NOT NULL,
  `EmailId` varchar(100) NOT NULL,
  `Gender` varchar(20) NOT NULL,
  `Age` int(11) NOT NULL,
  `Qualification` varchar(200) NOT NULL,
  `CounryId` int(11) NOT NULL,
  `StateId` int(11) NOT NULL,
  `DistrictId` int(11) NOT NULL,
  `BlockId` int(11) NOT NULL,
  `PhcId` int(11) NOT NULL,
  `ServiceType` varchar(100) NOT NULL,
  `Clinic_PHCName` varchar(500) NOT NULL,
  `LandMarkAddress` longtext NOT NULL,
  `isActive` int(11) NOT NULL DEFAULT 1,
  `CreatedDate` timestamp NOT NULL DEFAULT current_timestamp(),
  `AdminApproval` int(11) NOT NULL DEFAULT 1
) ENGINE=MyISAM DEFAULT CHARSET=latin1;

--
-- Dumping data for table `tblRegisterProvider`
--

INSERT INTO `tblRegisterProvider` (`ProviderId`, `HandmadeProviderId`, `UserId`, `Password`, `ProviderName`, `PhoneNo`, `EmailId`, `Gender`, `Age`, `Qualification`, `CounryId`, `StateId`, `DistrictId`, `BlockId`, `PhcId`, `ServiceType`, `Clinic_PHCName`, `LandMarkAddress`, `isActive`, `CreatedDate`, `AdminApproval`) VALUES
(29, '', 'zee556', '1234', 'Zeeshan', '7906020700', 'zeeshan@zmq.in', 'Male', 28, '', 1, 1, 1, 1, 1, 'Public', '', 'ZMQ', 1, '2022-03-29 06:01:26', 1),
(28, '', '9871981960', '1234', 'Demo Filed Worker', '9871981960', 'hilmi@zmq.in', 'Male', 30, '', 1, 1, 1, 1, 3, 'Public', '', 'Pitampura', 1, '2022-03-25 05:44:33', 1),
(27, '', 'ki123', 'zmq26', 'Kishore Kumar Mohanta', '7878787879', 'xyz@zmq.in', 'Male', 25, '', 1, 4, 6, 7, 2, 'Private', '', 'xyz', 1, '2022-03-14 05:17:07', 1),
(26, '', 'bi123', 'hhi03', 'Bigneswar Mohanta', '78787878781', 'xyz@zmq.in', 'Male', 25, '', 1, 4, 6, 6, 2, 'Private', '', 'xyz', 1, '2022-03-14 05:15:26', 1),
(25, '', 'ra123', 'hhi02', 'Raghunath Singh', '78787878780', 'xyz@zmq.in', 'Male', 25, '', 1, 4, 6, 5, 2, 'Private', '', 'xyz', 0, '2022-03-14 05:14:26', 1),
(24, '', 'la123', 'hhi01', 'Lakesh Mandal ', '7878787878', 'xyz@zmq.in', 'Male', 23, '', 1, 4, 6, 4, 2, 'Private', '', 'xyz', 0, '2022-03-14 05:13:16', 1),
(20, '', 'a001', '7860', 'Shadan-zmq', '8700741494', 'chand@abc.com', 'M', 33, 'Doctor', 1, 1, 1, 1, 1, 'Public', 'Zmq', 'D mall', 1, '2021-12-06 04:37:17', 1),
(22, '', 'a002', '7860', 'Shahjan-zmq', '9897945620', 'abdul@zmq.in', 'Male', 34, '', 1, 1, 1, 1, 1, 'Public', '', 'xyz', 1, '2022-02-08 10:03:30', 1),
(23, '', 'test01', '1234', 'Test-zmq', '8888888888', 'test@gmail.com', 'Male', 40, '', 1, 1, 1, 1, 1, 'Public', '', 'Shahin bagh', 0, '2022-02-28 09:59:38', 1);

-- --------------------------------------------------------

--
-- Table structure for table `tblStaffDesignation`
--

CREATE TABLE `tblStaffDesignation` (
  `designation_uuid` varchar(255) NOT NULL,
  `designation_name` varchar(255) NOT NULL,
  `level` int(4) NOT NULL,
  `isActive` int(2) NOT NULL,
  `created_By` varchar(255) NOT NULL,
  `created_At` timestamp NOT NULL DEFAULT current_timestamp() ON UPDATE current_timestamp()
) ENGINE=InnoDB DEFAULT CHARSET=utf8mb4;

-- --------------------------------------------------------

--
-- Table structure for table `tblStateMaster`
--

CREATE TABLE `tblStateMaster` (
  `StateId` int(11) NOT NULL,
  `StateName` varchar(100) NOT NULL,
  `StateCode` varchar(100) NOT NULL,
  `CountryId` int(11) NOT NULL,
  `isActive` int(11) NOT NULL DEFAULT 1
) ENGINE=MyISAM DEFAULT CHARSET=latin1;

--
-- Dumping data for table `tblStateMaster`
--

INSERT INTO `tblStateMaster` (`StateId`, `StateName`, `StateCode`, `CountryId`, `isActive`) VALUES
(1, 'Delhi', 'DL', 1, 1),
(2, 'Haryana', 'HR', 1, 1),
(3, 'Utter Pradesh', 'UP', 1, 0),
(4, 'Odisha ', 'OD', 1, 1);

-- --------------------------------------------------------

--
-- Table structure for table `tblTokenMaster`
--

CREATE TABLE `tblTokenMaster` (
  `TokenId` int(11) NOT NULL,
  `ZMQTokenId` varchar(50) NOT NULL,
  `TokenRealId` varchar(100) NOT NULL,
  `isAssigned` int(11) NOT NULL DEFAULT 0,
  `HealthWorkerId` int(11) NOT NULL,
  `ToyId` int(11) NOT NULL,
  `AssigningDate` timestamp NOT NULL DEFAULT current_timestamp(),
  `isActive` int(11) NOT NULL DEFAULT 1
) ENGINE=MyISAM DEFAULT CHARSET=latin1;

--
-- Dumping data for table `tblTokenMaster`
--

INSERT INTO `tblTokenMaster` (`TokenId`, `ZMQTokenId`, `TokenRealId`, `isAssigned`, `HealthWorkerId`, `ToyId`, `AssigningDate`, `isActive`) VALUES
(58, 'T58', '23 76 C1 19', 1, 27, 1, '2022-03-14 06:58:55', 1),
(9, 'T9', '4C 51 E3 66', 0, 0, 0, '2021-12-09 10:49:14', 1),
(10, 'T10', '2C 90 54 6E', 0, 0, 0, '2021-12-09 11:05:11', 1),
(11, 'T11', 'BC 79 1F 6D', 0, 0, 0, '2021-12-09 11:07:16', 1),
(12, 'T12', '9C 7B EB 67', 0, 0, 0, '2021-12-09 11:07:46', 1),
(13, 'T13', '8C 54 5A 5C', 0, 0, 0, '2021-12-09 11:08:07', 1),
(14, 'T14', 'DC 1C EB 67', 0, 23, 1, '2021-12-09 11:08:28', 1),
(15, 'T15', '9C 34 EC 67', 0, 23, 1, '2021-12-09 11:08:58', 1),
(16, 'T16', '7C A8 3D 6E', 0, 23, 1, '2021-12-09 11:12:50', 1),
(17, 'T17', '7C 00 05 6E', 0, 23, 1, '2021-12-09 11:13:14', 1),
(18, 'T18', '8C 92 3D 6E', 0, 23, 1, '2021-12-09 11:13:40', 1),
(19, 'T19', '9C 80 36 6D', 0, 0, 0, '2021-12-09 11:14:20', 1),
(20, 'T20', '6C 2C 3D 6E', 0, 0, 0, '2021-12-09 11:14:44', 1),
(21, 'T21', '9C CD D6 65', 0, 0, 0, '2021-12-09 11:15:24', 1),
(22, 'T22', '8C 26 E2 65', 0, 0, 0, '2021-12-09 11:15:45', 1),
(23, 'T23', '5C 67 E1 65', 0, 0, 0, '2021-12-09 11:16:11', 1),
(24, 'T24', 'CC 00 E4 66', 0, 0, 0, '2021-12-09 11:16:32', 1),
(25, 'T25', 'DC D1 E1 66', 0, 0, 0, '2021-12-09 11:16:59', 1),
(26, 'T26', '3C 76 E2 66', 0, 0, 0, '2021-12-09 11:18:22', 1),
(27, 'T27', '66 F5 05 85', 0, 0, 0, '2021-12-09 11:20:18', 1),
(28, 'T28', '5D 92 06 85', 0, 0, 0, '2021-12-09 11:20:52', 1),
(29, 'T29', 'FD 51 06 85', 0, 0, 0, '2021-12-09 11:21:19', 1),
(30, 'T30', 'FC A4 E2 66', 0, 0, 0, '2021-12-09 11:21:43', 1),
(31, 'T31', '3B 02 06 85', 0, 0, 0, '2021-12-09 11:22:07', 1),
(32, 'T32', '8B F6 06 85', 0, 0, 0, '2021-12-09 11:23:52', 1),
(33, 'T33', 'E3 10 4F 05', 0, 0, 0, '2021-12-13 06:08:47', 1),
(34, 'T34', 'A3 53 B0 05', 0, 0, 0, '2021-12-13 06:10:04', 1),
(35, 'T35', '03 C1 C2 06', 0, 0, 0, '2021-12-13 06:10:49', 1),
(36, 'T36', '13 3B 58 05', 0, 0, 0, '2021-12-13 06:14:04', 1),
(37, 'T37', 'B3 B5 30 07', 0, 0, 0, '2021-12-13 06:20:28', 1),
(38, 'T38', 'E3 95 BA 19', 0, 0, 0, '2021-12-13 06:32:00', 1),
(39, 'T39', 'A3 85 95 19', 0, 0, 0, '2021-12-13 06:32:40', 1),
(40, 'T40', 'F3 60 8C 19', 0, 0, 0, '2021-12-13 06:33:02', 1),
(41, 'T41', '43 5F A5 19', 0, 26, 2, '2021-12-13 06:33:24', 1),
(42, 'T42', '23 C3 99 19', 0, 26, 2, '2021-12-13 06:33:46', 1),
(43, 'T43', 'A3 79 F2 16', 0, 26, 2, '2021-12-13 09:09:10', 1),
(44, 'T44', '93 5C 05 17', 0, 26, 2, '2021-12-13 09:10:03', 1),
(45, 'T45', '73 81 06 17', 0, 26, 2, '2021-12-13 09:10:38', 1),
(46, 'T46', '73 6E 06 17', 0, 26, 2, '2021-12-13 09:10:54', 1),
(47, 'T47', 'C3 C9 18 17', 0, 26, 2, '2021-12-13 09:11:18', 1),
(48, 'T48', 'D3 8C 07 04', 0, 26, 2, '2021-12-13 09:13:23', 1),
(49, 'T49', '63 29 DC 05', 0, 26, 2, '2021-12-13 09:13:39', 1),
(50, 'T50', '63 4B DB 05', 0, 26, 2, '2021-12-13 09:14:00', 1),
(51, 'T51', '33 5F 8C 06', 0, 0, 0, '2021-12-13 09:14:34', 1),
(52, 'T52', 'D3 8A A2 05', 0, 0, 0, '2021-12-13 09:14:55', 1),
(53, 'T53', '33 00 2A 16', 0, 0, 0, '2021-12-14 09:27:45', 1),
(56, 'T56', 'D3 65 B6 05', 0, 0, 0, '2022-03-11 10:51:57', 1),
(55, 'T55', 'D3 55 B4 05', 0, 0, 0, '2022-03-11 10:50:10', 1),
(57, 'T57', 'B3 39 FE 15', 1, 27, 1, '2022-03-14 06:58:08', 1),
(59, 'T59', 'A3 19 68 17', 0, 27, 1, '2022-03-14 06:59:27', 1),
(60, 'T60', '53 5E A2 15', 0, 27, 1, '2022-03-14 07:00:09', 1),
(61, 'T61', '83 D6 94 19', 1, 27, 1, '2022-03-14 07:01:16', 1),
(62, 'T62', '03 FD AD 15', 0, 27, 1, '2022-03-14 07:01:52', 1),
(63, 'T63', '73 CF 49 15', 0, 27, 1, '2022-03-14 07:02:58', 1),
(64, 'T64', 'C3 33 09 17', 0, 27, 1, '2022-03-14 07:03:21', 1),
(65, 'T65', '03 59 58 15', 0, 27, 1, '2022-03-14 07:03:46', 1),
(66, 'T66', '33 DA 66 17', 0, 27, 1, '2022-03-14 07:04:27', 1),
(67, 'T67', '73 A2 EB 17', 0, 27, 1, '2022-03-14 07:04:55', 1),
(68, 'T68', 'F3 C8 89 15', 0, 27, 1, '2022-03-14 07:05:20', 1),
(69, 'T69', '83 2B 60 15', 1, 27, 1, '2022-03-14 07:05:45', 1),
(70, 'T70', '33 5B EB 17', 1, 26, 2, '2022-03-14 07:06:17', 1),
(71, 'T71', 'F3 6C 2E 15', 0, 26, 2, '2022-03-14 07:06:42', 1),
(72, 'T72', '73 8D 85 15', 1, 26, 2, '2022-03-14 07:07:25', 1),
(73, 'T73', '13 E3 86 15', 0, 26, 2, '2022-03-14 07:07:49', 1),
(74, 'T74', '03 E2 F1 16', 0, 26, 2, '2022-03-14 07:11:24', 1),
(75, 'T75', '73 72 2B 17', 0, 26, 2, '2022-03-14 07:12:12', 1),
(76, 'T76', 'C3 93 6A 15', 0, 26, 2, '2022-03-14 07:14:09', 1),
(77, 'T77', '63 18 66 15', 1, 26, 2, '2022-03-14 07:35:29', 1),
(78, 'T78', '13 80 19 17', 0, 26, 2, '2022-03-14 07:35:49', 1),
(79, 'T79', 'F3 43 8E 19', 0, 26, 2, '2022-03-14 07:36:33', 1),
(80, 'T80', '23 A0 77 15', 0, 26, 2, '2022-03-14 07:37:00', 1),
(81, 'T81', '93 E7 DD 17', 1, 26, 2, '2022-03-14 07:37:50', 1),
(82, 'T82', '33 AF DB 05', 1, 26, 2, '2022-03-14 07:38:21', 1),
(83, 'T83', '23 2A 07 04', 1, 26, 2, '2022-03-14 07:38:44', 1),
(84, 'T84', '63 1E 05 04', 1, 26, 2, '2022-03-14 07:39:09', 1),
(85, 'T85', 'E3 38 7E 06', 0, 26, 2, '2022-03-14 07:39:33', 1),
(86, 'T86', 'C3 3D 1A 05', 1, 26, 2, '2022-03-14 07:39:55', 1),
(87, 'T87', '83 80 31 15', 1, 26, 2, '2022-03-14 07:40:52', 1),
(88, 'T88', '83 3A 8A 15', 1, 26, 2, '2022-03-14 07:41:24', 1),
(89, 'T89', 'C3 AC AD 15', 0, 26, 2, '2022-03-14 07:41:47', 1),
(90, 'T90', 'C3 72 49 15', 0, 26, 2, '2022-03-14 07:42:09', 1),
(91, 'T91', '03 25 8F 15', 1, 26, 2, '2022-03-14 07:42:32', 1),
(92, 'T92', '33 67 A2 19', 1, 26, 2, '2022-03-14 07:43:05', 1),
(93, 'T93', '23 4E 7C 19', 1, 26, 2, '2022-03-14 07:43:26', 1),
(94, 'T94', 'B3 30 CA 15', 1, 26, 2, '2022-03-14 07:43:47', 1),
(95, 'T95', '63 4B A7 19', 1, 26, 2, '2022-03-14 07:44:05', 1),
(96, 'T96', 'F3 2C AC 19', 1, 26, 2, '2022-03-14 07:44:24', 1),
(97, 'T97', 'C3 AA CD 19', 1, 26, 2, '2022-03-14 07:44:55', 1),
(98, 'T98', '33 D0 75 19', 1, 26, 2, '2022-03-14 07:45:08', 1),
(99, 'T99', 'F3 6B C1 19', 1, 26, 2, '2022-03-14 07:45:20', 1),
(100, 'T100', 'D3 98 72 19', 1, 26, 2, '2022-03-14 07:45:33', 1),
(101, 'T101', '83 2B 57 17', 1, 26, 2, '2022-03-14 07:45:46', 1),
(102, 'T102', 'C3 66 E7 03', 1, 28, 4, '2022-03-25 05:42:52', 1),
(103, 'T103', 'A3 F7 E0 03', 0, 28, 4, '2022-03-25 05:43:19', 1),
(104, 'T104', 'E3 E0 F3 06', 0, 28, 4, '2022-03-25 05:43:32', 1),
(105, 'T105', '33 94 E9 06', 0, 28, 4, '2022-03-25 05:43:52', 1),
(106, 'T106', 'A3 45 EE 06', 0, 28, 4, '2022-03-25 05:48:43', 1),
(107, 'T107', 'A3 88 C8 05', 1, 28, 4, '2022-03-25 05:48:58', 1),
(108, 'T108', '03 42 95 05', 0, 28, 4, '2022-03-25 05:49:11', 1),
(109, 'T109', 'D3 5A F3 06', 1, 28, 4, '2022-03-25 05:49:25', 1),
(110, 'T110', '43 60 D8 03', 1, 28, 4, '2022-03-25 05:49:37', 1),
(111, 'T111', 'A3 7B 91 05', 1, 28, 4, '2022-03-25 05:58:16', 1),
(112, 'T112', '23 5C 91 05', 1, 29, 5, '2022-03-28 09:05:26', 1),
(113, 'T113', '83 D1 8C 05', 1, 29, 5, '2022-03-28 09:05:40', 1),
(114, 'T114', 'B3 F9 F0 06', 1, 29, 5, '2022-03-28 09:06:06', 1),
(115, 'T115', '53 89 B0 05', 0, 29, 5, '2022-03-28 09:06:38', 1),
(116, 'T116', '63 BE 90 05', 0, 29, 5, '2022-03-28 09:06:57', 1),
(117, '', '11111111112233qqq', 0, 0, 0, '2022-04-28 10:37:02', 1),
(118, '', '12', 0, 0, 0, '2022-04-28 10:39:21', 1),
(119, '', '84 4F E3 64', 0, 0, 0, '2022-05-13 05:52:08', 1),
(120, '', '93 B1 C2 1D', 0, 0, 0, '2022-05-13 05:57:59', 1),
(121, '', '74 C4 C7 64', 0, 0, 0, '2022-05-13 05:59:19', 1),
(122, '', 'A3 1E 6F 1D', 0, 0, 0, '2022-05-13 06:03:13', 1),
(123, '', 'A3 A7 90 1D', 0, 0, 0, '2022-05-13 06:05:50', 1),
(124, '', '64 0D 11 64', 0, 0, 0, '2022-05-13 06:10:48', 1),
(125, '', '03 FC 47 AC', 0, 0, 0, '2022-05-13 06:11:40', 1),
(126, '', '43 0A 4D AC', 0, 0, 0, '2022-05-13 06:12:34', 1),
(127, '', 'E3 1F 49 AC', 0, 0, 0, '2022-05-13 06:14:31', 1),
(128, '', '13 79 C9 15', 0, 0, 0, '2022-05-13 06:14:57', 1),
(129, '', '84 05 B4 64', 0, 0, 0, '2022-05-13 06:23:45', 1),
(130, '', '94 0B 7A 64', 0, 0, 0, '2022-05-13 06:23:57', 1),
(131, '', '74 77 41 64', 0, 0, 0, '2022-05-13 06:24:11', 1),
(132, '', '64 4A 84 64', 0, 0, 0, '2022-05-13 06:25:44', 1),
(133, '', 'C3 A7 52 AC', 0, 0, 0, '2022-05-13 06:51:52', 1),
(134, '', 'F3 19 53 AC', 0, 0, 0, '2022-05-13 06:52:28', 1),
(135, '', '23 E3 65 95', 0, 0, 0, '2022-05-13 06:52:46', 1),
(136, '', 'B3 DC E4 AB', 0, 0, 0, '2022-05-13 06:53:01', 1),
(137, '', '83 37 59 AC', 0, 0, 0, '2022-05-13 06:53:24', 1),
(138, '', '64 D6 D5 64', 0, 0, 0, '2022-05-13 06:54:32', 1),
(139, '', '84 33 11 64', 0, 0, 0, '2022-05-13 06:54:51', 1),
(140, '', '73 AE 57 AC', 0, 0, 0, '2022-05-13 06:55:05', 1),
(141, '', '84 46 D7 64', 0, 0, 0, '2022-05-13 06:55:18', 1),
(142, '', '94 01 3D 64', 0, 0, 0, '2022-05-13 06:55:33', 1),
(143, '', 'C3 27 E2 95', 0, 0, 0, '2022-05-13 06:55:47', 1),
(144, '', '54 D0 92 64', 0, 0, 0, '2022-05-13 06:56:01', 1),
(145, '', 'D3 46 11 AD', 0, 0, 0, '2022-05-13 06:56:14', 1),
(146, '', '64 1D CD 64', 0, 0, 0, '2022-05-13 06:56:28', 1),
(147, '', 'A3 38 47 AD', 0, 0, 0, '2022-05-13 06:56:45', 1),
(148, '', '74 3E 45 64', 0, 0, 0, '2022-05-13 06:56:59', 1),
(149, '', 'E3 D3 56 AC', 0, 0, 0, '2022-05-13 06:57:12', 1),
(150, '', '13 B2 63 AC', 0, 0, 0, '2022-05-13 06:57:26', 1),
(151, '', '43 B5 49 AC', 0, 0, 0, '2022-05-13 06:57:43', 1),
(152, '', 'C3 02 A4 95', 0, 0, 0, '2022-05-13 06:57:57', 1),
(153, '', '13 D6 5A AC', 0, 0, 0, '2022-05-13 06:58:11', 1),
(154, '', 'E3 83 4A AC', 0, 0, 0, '2022-05-13 06:58:50', 1),
(155, '', '93 86 AF 95', 0, 0, 0, '2022-05-13 06:59:09', 1),
(156, '', 'D3 CA 68 95', 0, 0, 0, '2022-05-13 06:59:27', 1),
(157, '', 'D3 5A FC AC', 0, 0, 0, '2022-05-13 06:59:45', 1),
(158, '', '63 34 C4 95', 0, 0, 0, '2022-05-13 07:00:01', 1),
(159, '', '93 85 A1 95', 0, 0, 0, '2022-05-13 07:00:15', 1),
(160, '', '94 00 7B 64', 0, 0, 0, '2022-05-13 07:00:29', 1),
(161, '', '84 E7 38 64', 0, 0, 0, '2022-05-13 07:00:48', 1),
(162, '', '13 8D 85 95', 0, 0, 0, '2022-05-13 07:01:02', 1),
(163, '', 'F3 95 5E AC', 0, 0, 0, '2022-05-13 07:01:15', 1),
(164, '', '64 02 04 64', 0, 0, 0, '2022-05-13 07:01:29', 1),
(165, '', '93 55 5B AC', 0, 0, 0, '2022-05-13 07:01:45', 1),
(166, '', '23 F2 57 AC', 0, 0, 0, '2022-05-13 07:02:18', 1),
(167, '', '83 80 68 AC', 0, 0, 0, '2022-05-13 07:02:32', 1),
(168, '', '13 CD 63 AC', 0, 0, 0, '2022-05-13 07:03:26', 1),
(169, '', '84 B7 14 64', 0, 0, 0, '2022-05-13 07:03:44', 1),
(170, '', '84 91 2D 64', 0, 0, 0, '2022-05-13 07:04:01', 1),
(171, '', 'B3 0E F9 AC', 0, 0, 0, '2022-05-13 07:04:15', 1),
(172, '', '13 CB 07 AD', 0, 0, 0, '2022-05-13 07:04:29', 1),
(173, '', '23 E4 5F AC', 0, 0, 0, '2022-05-13 07:04:43', 1),
(174, '', 'C3 AC F6 AC', 0, 0, 0, '2022-05-13 07:04:57', 1),
(175, '', '74 D5 3B 64', 0, 0, 0, '2022-05-13 07:05:56', 1),
(176, '', '84 E2 50 64', 0, 0, 0, '2022-05-13 07:06:20', 1),
(177, '', '74 45 2F 64', 0, 0, 0, '2022-05-13 07:06:45', 1),
(178, '', '64 E4 93 64', 0, 0, 0, '2022-05-13 07:06:59', 1),
(179, '', '63 6D 0D 95', 0, 0, 0, '2022-05-13 07:07:13', 1),
(180, '', '84 95 A3 64', 0, 0, 0, '2022-05-13 07:08:25', 1),
(181, '', '74 69 8B 64', 0, 0, 0, '2022-05-13 07:08:50', 1),
(182, '', '64 13 49 64', 0, 0, 0, '2022-05-13 09:00:31', 1),
(183, '', '74 5A E9 64', 0, 0, 0, '2022-05-13 09:00:45', 1),
(184, '', '64 28 95 64', 0, 0, 0, '2022-05-13 09:01:01', 1),
(185, '', 'C3 AD F3 AC', 0, 0, 0, '2022-05-13 09:01:23', 1),
(186, '', '83 8C F6 AC', 0, 0, 0, '2022-05-13 09:01:35', 1),
(187, '', '13 DE A2 AC', 0, 0, 0, '2022-05-13 09:01:48', 1),
(188, '', '73 04 F2 AC', 0, 0, 0, '2022-05-13 09:02:05', 1),
(189, '', '63 DD F6 AC', 0, 0, 0, '2022-05-13 09:02:24', 1),
(190, '', '43 64 04 AD', 0, 0, 0, '2022-05-13 09:02:38', 1),
(191, '', '84 6D D0 64', 0, 0, 0, '2022-05-13 09:02:52', 1),
(192, '', '84 20 E0 64', 0, 0, 0, '2022-05-13 09:03:05', 1),
(193, '', '84 FA 8B 64', 0, 0, 0, '2022-05-13 09:03:26', 1),
(194, '', '53 F1 4E AC', 0, 0, 0, '2022-05-13 09:04:04', 1),
(195, '', 'F3 F3 5B AC', 0, 0, 0, '2022-05-13 09:04:18', 1),
(196, '', 'E3 FC B0 95', 0, 0, 0, '2022-05-13 09:05:40', 1),
(197, '', '53 50 48 AC', 0, 0, 0, '2022-05-13 09:06:00', 1),
(198, '', 'C3 49 9D 95', 0, 0, 0, '2022-05-13 09:06:15', 1),
(199, '', '64 3B F6 64', 0, 0, 0, '2022-05-13 09:06:35', 1),
(200, '', '53 FC B3 95', 0, 0, 0, '2022-05-13 09:06:50', 1),
(201, '', '83 37 B4 95', 0, 0, 0, '2022-05-13 09:07:41', 1),
(202, '', '13 A2 B4 95', 0, 0, 0, '2022-05-13 09:08:04', 1),
(203, '', '84 56 28 64', 0, 0, 0, '2022-05-13 09:08:28', 1),
(204, '', '74 CA 88 64', 0, 0, 0, '2022-05-13 09:08:45', 1),
(205, '', 'F3 39 F8 AC', 0, 0, 0, '2022-05-13 09:09:06', 1),
(206, '', '74 A9 7E 64', 0, 0, 0, '2022-05-13 09:09:32', 1),
(207, '', '74 93 D6 64', 0, 0, 0, '2022-05-13 09:13:58', 1),
(208, '', '74 97 A2 64', 0, 0, 0, '2022-05-13 09:14:22', 1),
(209, '', '94 0A DA 64', 0, 0, 0, '2022-05-13 09:15:03', 1),
(210, '', '74 E0 93 64', 0, 0, 0, '2022-05-13 09:15:49', 1),
(211, '', 'E3 6C 3A AD', 0, 0, 0, '2022-05-13 09:16:14', 1),
(212, '', '13 0F 4A AD', 0, 0, 0, '2022-05-13 09:16:35', 1),
(213, '', '64 B6 35 64', 0, 0, 0, '2022-05-13 09:19:02', 1),
(214, '', '94 00 CE 64', 0, 0, 0, '2022-05-13 09:19:44', 1),
(215, '', '74 56 EC 64', 0, 0, 0, '2022-05-13 09:19:58', 1),
(216, '', '64 B1 23 64', 0, 0, 0, '2022-05-13 09:20:14', 1),
(217, '', '84 B1 EF 64', 0, 0, 0, '2022-05-13 09:21:01', 1),
(218, '', 'B3 41 55 AC', 0, 0, 0, '2022-05-13 09:21:25', 1),
(219, '', '74 7F 0F 64', 0, 0, 0, '2022-05-13 09:21:41', 1),
(220, '', 'E3 28 5B AC', 0, 0, 0, '2022-05-13 09:21:56', 1),
(221, '', '84 D9 64 64', 0, 0, 0, '2022-05-13 09:22:09', 1),
(222, '', '74 A9 A5 64', 0, 0, 0, '2022-05-13 09:22:23', 1),
(223, '', '83 76 53 AC', 0, 0, 0, '2022-05-13 09:22:44', 1),
(224, '', '73 4B 69 AC', 0, 0, 0, '2022-05-13 09:23:02', 1),
(225, '', 'A3 89 5F AC', 0, 0, 0, '2022-05-13 09:23:20', 1),
(226, '', '73 11 5F AC', 0, 0, 0, '2022-05-13 09:24:01', 1),
(227, '', 'F3 C6 61 AC', 0, 0, 0, '2022-05-13 09:24:56', 1),
(228, '', 'E3 55 60 AC', 0, 0, 0, '2022-05-13 09:25:11', 1),
(229, '', 'B3 F3 4E AC', 0, 0, 0, '2022-05-13 09:25:32', 1),
(230, '', 'F3 86 56 AC', 0, 0, 0, '2022-05-13 09:25:47', 1),
(231, '', 'C3 44 50 AC', 0, 0, 0, '2022-05-13 09:26:22', 1),
(232, '', '33 A0 E5 AB', 0, 0, 0, '2022-05-13 09:26:50', 1),
(233, '', '84 EA 5F 64', 0, 0, 0, '2022-05-13 09:27:10', 1),
(234, '', '74 74 2B 64', 0, 0, 0, '2022-05-13 09:27:25', 1),
(235, '', '94 02 C8 64', 0, 0, 0, '2022-05-13 09:27:40', 1),
(236, '', '64 3C B9 64', 0, 0, 0, '2022-05-13 09:27:54', 1),
(237, '', '64 87 E0 64', 0, 0, 0, '2022-05-13 09:28:06', 1),
(238, '', '03 12 A0 95', 0, 0, 0, '2022-05-13 09:28:21', 1),
(239, '', 'E3 CD 09 AD', 0, 0, 0, '2022-05-13 09:28:36', 1),
(240, '', 'F3 75 FA AC', 0, 0, 0, '2022-05-13 09:28:50', 1),
(241, '', '43 D8 06 AD', 0, 0, 0, '2022-05-13 09:29:06', 1),
(242, '', '23 15 10 AD', 0, 0, 0, '2022-05-13 09:29:20', 1),
(243, '', 'A3 18 57 1D', 0, 0, 0, '2022-05-13 09:29:33', 1),
(244, '', 'A3 84 4A 1D', 0, 0, 0, '2022-05-13 09:29:47', 1),
(245, '', 'A3 21 54 1D', 0, 0, 0, '2022-05-13 09:30:01', 1),
(246, '', 'B3 09 90 1D', 0, 0, 0, '2022-05-13 09:30:15', 1),
(247, '', 'A3 55 AC 1D', 0, 0, 0, '2022-05-13 09:30:28', 1),
(248, '', '84 AB 5A 64', 0, 0, 0, '2022-05-13 09:30:43', 1),
(249, '', '93 AA 94 95', 0, 0, 0, '2022-05-13 09:31:02', 1),
(250, '', '73 12 AE 95', 0, 0, 0, '2022-05-13 09:31:16', 1),
(251, '', '74 7E 88 64', 0, 0, 0, '2022-05-13 09:31:32', 1),
(252, '', '94 09 2A 64', 0, 0, 0, '2022-05-13 09:31:55', 1),
(253, '', '73 E6 4A AC', 0, 0, 0, '2022-05-13 09:32:20', 1),
(254, '', '73 B1 66 AC', 0, 0, 0, '2022-05-13 09:32:44', 1),
(255, '', 'C3 D9 53 AC', 0, 0, 0, '2022-05-13 09:33:13', 1),
(256, '', 'B3 5A FA AC', 0, 0, 0, '2022-05-13 09:33:30', 1),
(257, '', '63 01 47 AD', 0, 0, 0, '2022-05-13 09:33:46', 1),
(258, '', 'B3 03 4F AD', 0, 0, 0, '2022-05-13 09:34:00', 1),
(259, '', '13 4E 77 95', 0, 0, 0, '2022-05-13 09:34:52', 1),
(260, '', '33 70 53 AC', 0, 0, 0, '2022-05-13 09:35:09', 1),
(261, '', '43 09 03 AD', 0, 0, 0, '2022-05-13 09:35:27', 1),
(262, '', '84 6A 63 64', 0, 0, 0, '2022-05-13 09:35:43', 1),
(263, '', '74 FF 61 64', 0, 0, 0, '2022-05-13 09:36:01', 1),
(264, '', '84 96 82 64', 0, 0, 0, '2022-05-13 09:36:20', 1),
(265, '', 'F3 5F 64 AC', 0, 0, 0, '2022-05-13 09:36:56', 1),
(266, '', '84 F5 C1 64', 0, 0, 0, '2022-05-13 09:38:19', 1),
(267, '', '83 08 FA AC', 0, 0, 0, '2022-05-13 09:38:49', 1),
(268, '', 'F3 6D 57 AC', 0, 0, 0, '2022-05-13 09:39:35', 1),
(269, '', 'C3 F0 4F AC', 0, 0, 0, '2022-05-13 09:40:26', 1),
(270, '', '23 EE 48 AC', 0, 0, 0, '2022-05-13 09:40:44', 1),
(271, '', '23 E4 4E AC', 0, 0, 0, '2022-05-13 09:41:04', 1),
(272, '', 'A3 83 0D AD', 0, 0, 0, '2022-05-13 09:41:27', 1),
(273, '', '84 E7 1E 64', 0, 0, 0, '2022-05-13 09:42:04', 1),
(274, '', '03 1B 05 AD', 0, 0, 0, '2022-05-13 09:43:04', 1),
(275, '', '64 B0 9B 64', 0, 0, 0, '2022-05-13 09:43:26', 1),
(276, '', '74 4D AC 64', 0, 0, 0, '2022-05-13 09:43:40', 1),
(277, '', '93 03 4E AC', 0, 0, 0, '2022-05-13 09:44:09', 1),
(278, '', '64 A6 B1 64', 0, 0, 0, '2022-05-13 09:44:23', 1),
(279, '', 'A3 3C 4D AC', 0, 0, 0, '2022-05-13 09:44:39', 1),
(280, '', '33 2B 67 AC', 0, 0, 0, '2022-05-13 09:44:51', 1),
(281, '', '74 F5 F9 64', 0, 0, 0, '2022-05-13 09:45:15', 1),
(282, '', '83 99 58 AC', 0, 0, 0, '2022-05-13 09:45:30', 1),
(283, '', '03 04 63 AC', 0, 0, 0, '2022-05-13 09:45:50', 1),
(284, '', '74 65 D2 64', 0, 0, 0, '2022-05-13 09:46:03', 1),
(285, '', '74 15 B8 64', 0, 0, 0, '2022-05-13 09:46:21', 1),
(286, '', '64 0B 28 64', 0, 0, 0, '2022-05-13 09:46:33', 1),
(287, '', '64 54 B8 64', 0, 0, 0, '2022-05-13 09:46:46', 1),
(288, '', '54 D7 3B 64', 0, 0, 0, '2022-05-13 09:46:59', 1),
(289, '', '64 0D 3C 64', 0, 0, 0, '2022-05-13 09:47:30', 1),
(290, '', '84 49 A2 64', 0, 0, 0, '2022-05-13 09:47:43', 1),
(291, '', 'F3 E6 0D AD', 0, 0, 0, '2022-05-13 09:48:44', 1),
(292, '', 'A3 44 4A AD', 0, 0, 0, '2022-05-13 09:49:07', 1),
(293, '', 'E3 08 4F AD', 0, 0, 0, '2022-05-13 09:49:26', 1),
(294, '', '94 14 13 64', 0, 0, 0, '2022-05-13 09:49:39', 1),
(295, '', '74 CA 57 64', 0, 0, 0, '2022-05-13 09:49:53', 1),
(296, '', '74 83 7D 64', 0, 0, 0, '2022-05-13 09:50:06', 1),
(297, '', '84 08 58 64', 0, 0, 0, '2022-05-13 09:50:30', 1),
(298, '', '74 A7 B9 64', 0, 0, 0, '2022-05-13 09:50:42', 1),
(299, '', '94 0B 82 64', 0, 0, 0, '2022-05-13 09:50:57', 1),
(300, '', '74 6D 7A 64', 0, 0, 0, '2022-05-13 09:51:11', 1),
(301, '', '93 11 5D AC', 0, 0, 0, '2022-05-13 09:51:25', 1),
(302, '', '84 FA A7 64', 0, 0, 0, '2022-05-13 09:51:38', 1),
(303, '', '84 E6 C7 64', 0, 0, 0, '2022-05-13 09:51:50', 1),
(304, '', '63 62 05 AD', 0, 0, 0, '2022-05-13 09:52:07', 1),
(305, '', '03 3B F9 AC', 0, 0, 0, '2022-05-13 09:52:21', 1),
(306, '', '23 11 01 AD', 0, 0, 0, '2022-05-13 09:52:47', 1),
(307, '', '74 4B 4F 64', 0, 0, 0, '2022-05-13 09:53:00', 1),
(308, '', 'E3 F3 0F AD', 0, 0, 0, '2022-05-13 09:53:12', 1),
(309, '', 'B3 0E 4C AD', 0, 0, 0, '2022-05-13 09:53:30', 1),
(310, '', '23 F5 F4 AC', 0, 0, 0, '2022-05-13 09:53:44', 1),
(311, '', 'A3 5E F3 AC', 0, 0, 0, '2022-05-13 09:53:56', 1),
(312, '', 'A3 DA FC AC', 0, 0, 0, '2022-05-13 09:54:13', 1),
(313, '', '33 30 5C AC', 0, 0, 0, '2022-05-13 09:54:25', 1),
(314, '', 'F3 9A 5D AC', 0, 0, 0, '2022-05-13 09:54:38', 1),
(315, '', 'F3 5F 4A AC', 0, 0, 0, '2022-05-13 09:55:01', 1),
(316, '', '43 43 64 AC', 0, 0, 0, '2022-05-13 09:55:14', 1),
(317, '', 'E3 90 06 AD', 0, 0, 0, '2022-05-13 09:55:35', 1),
(318, '', 'D3 36 4F AC', 0, 0, 0, '2022-05-13 09:55:50', 1),
(319, '', '03 49 0D AD', 0, 0, 0, '2022-05-13 09:56:03', 1),
(320, '', 'D3 A6 65 AC', 0, 0, 0, '2022-05-13 09:56:25', 1),
(321, '', '53 86 62 AC', 0, 0, 0, '2022-05-13 09:56:38', 1),
(322, '', '74 20 32 64', 0, 0, 0, '2022-05-13 09:56:50', 1),
(323, '', '23 C0 53 AC', 0, 0, 0, '2022-05-13 09:57:05', 1),
(324, '', '43 57 EB AB', 0, 0, 0, '2022-05-13 09:57:53', 1),
(325, '', 'D3 3B 04 AD', 0, 0, 0, '2022-05-13 09:58:08', 1),
(326, '', 'C3 E0 5A AC', 0, 0, 0, '2022-05-13 09:58:21', 1),
(327, '', 'D3 FA 49 AC', 0, 0, 0, '2022-05-13 09:58:56', 1),
(328, '', '33 7E 77 95', 0, 0, 0, '2022-05-13 09:59:21', 1),
(329, '', '64 67 05 64', 0, 0, 0, '2022-05-13 09:59:45', 1),
(330, '', '64 D7 01 64', 0, 0, 0, '2022-05-13 09:59:58', 1),
(331, '', '74 32 11 64', 0, 0, 0, '2022-05-13 10:00:13', 1),
(332, '', '64 D4 71 64', 0, 0, 0, '2022-05-13 10:00:26', 1),
(333, '', '64 F3 50 64', 0, 0, 0, '2022-05-13 10:00:44', 1),
(334, '', '64 5F 3A 64', 0, 0, 0, '2022-05-13 10:00:58', 1),
(335, '', '54 F0 C9 64', 0, 0, 0, '2022-05-13 10:01:10', 1),
(336, '', '64 8E B3 64', 0, 0, 0, '2022-05-13 10:01:29', 1),
(337, '', '64 8B 27 64', 0, 0, 0, '2022-05-13 10:01:42', 1),
(338, '', '84 BC 36 64', 0, 0, 0, '2022-05-13 10:01:58', 1),
(339, '', '13 DB 62 95', 0, 0, 0, '2022-05-13 10:02:12', 1),
(340, '', '74 CA 43 64', 0, 0, 0, '2022-05-13 10:02:31', 1),
(341, '', '64 9D 9B 64', 0, 0, 0, '2022-05-13 10:02:44', 1),
(342, '', '33 8C 9D 95', 0, 0, 0, '2022-05-13 10:02:57', 1),
(343, '', '74 5F 6E 64', 0, 0, 0, '2022-05-13 10:03:10', 1),
(344, '', 'A3 6D 9B 95', 0, 0, 0, '2022-05-13 10:03:25', 1),
(345, '', '54 B4 3F 64', 0, 0, 0, '2022-05-13 10:03:38', 1),
(346, '', '74 1F C5 64', 0, 0, 0, '2022-05-13 10:03:55', 1),
(347, '', '74 57 27 64', 0, 0, 0, '2022-05-13 10:04:07', 1),
(348, '', '54 EC 4B 64', 0, 0, 0, '2022-05-13 10:04:20', 1),
(349, '', '84 35 EA 64', 0, 0, 0, '2022-05-13 10:04:45', 1),
(350, '', '84 FE 0A 64', 0, 0, 0, '2022-05-13 10:06:00', 1),
(351, '', '84 DC 35 64', 0, 0, 0, '2022-05-13 10:06:14', 1),
(352, '', '43 0F FD AC', 0, 0, 0, '2022-05-13 10:07:13', 1),
(353, '', '33 6C 04 AD', 0, 0, 0, '2022-05-13 10:09:02', 1),
(354, '', '84 2F 40 64', 0, 0, 0, '2022-05-13 10:09:14', 1),
(355, '', '84 F0 A1 64', 0, 0, 0, '2022-05-13 10:09:27', 1),
(356, '', '84 D6 AF 64', 0, 0, 0, '2022-05-13 10:09:57', 1),
(357, '', '84 8E 47 64', 0, 0, 0, '2022-05-13 10:10:13', 1),
(358, '', 'B3 9A F4 AC', 0, 0, 0, '2022-05-13 10:10:48', 1),
(359, '', '73 1B 02 AD', 0, 0, 0, '2022-05-13 10:11:07', 1),
(360, '', '53 07 07 AD', 0, 0, 0, '2022-05-13 10:11:28', 1),
(361, '', '33 72 53 AC', 0, 0, 0, '2022-05-13 10:12:32', 1),
(362, '', 'D3 D9 5E AC', 0, 0, 0, '2022-05-13 10:14:48', 1),
(363, '', '93 F1 05 AD', 0, 0, 0, '2022-05-13 10:15:10', 1),
(364, '', '73 27 40 AD', 0, 0, 0, '2022-05-13 10:15:24', 1),
(365, '', 'B3 E6 0C AD', 0, 0, 0, '2022-05-13 10:15:46', 1),
(366, '', '64 DF E5 64', 0, 0, 0, '2022-05-13 10:15:59', 1),
(367, '', '93 58 69 AC', 0, 0, 0, '2022-05-13 10:16:18', 1),
(368, '', 'C3 9C 57 AC', 0, 0, 0, '2022-05-13 10:17:39', 1),
(369, '', 'D3 93 5A AC', 0, 0, 0, '2022-05-13 10:18:35', 1),
(370, '', '73 4E 5B AC', 0, 0, 0, '2022-05-13 10:18:55', 1),
(371, '', '84 99 74 64', 0, 0, 0, '2022-05-13 10:20:05', 1),
(372, '', '74 24 0A 64', 0, 0, 0, '2022-05-13 10:20:26', 1),
(373, '', '64 06 E9 64', 0, 0, 0, '2022-05-13 10:20:46', 1),
(374, '', '74 33 6A 64', 0, 0, 0, '2022-05-13 10:20:58', 1),
(375, '', 'B3 9A 51 AC', 0, 0, 0, '2022-05-13 10:21:28', 1),
(376, '', '43 F9 74 95', 0, 0, 0, '2022-05-13 10:21:50', 1),
(377, '', '64 72 0B 64', 0, 0, 0, '2022-05-13 10:22:12', 1),
(378, '', '13 E9 B6 95', 0, 0, 0, '2022-05-13 10:22:27', 1),
(379, '', '74 32 89 64', 0, 0, 0, '2022-05-13 10:22:54', 1),
(380, '', 'C3 C6 0D 95', 0, 0, 0, '2022-05-13 10:23:07', 1),
(381, '', '54 E6 42 64', 0, 0, 0, '2022-05-13 10:23:20', 1),
(382, '', '23 9B 68 AC', 0, 0, 0, '2022-05-13 10:23:36', 1),
(383, '', 'E3 A9 53 AC', 0, 0, 0, '2022-05-13 10:23:49', 1),
(384, '', 'D3 33 51 AC', 0, 0, 0, '2022-05-13 10:24:02', 1),
(385, '', '03 90 49 AC', 0, 0, 0, '2022-05-13 10:24:56', 1),
(386, '', '03 F3 5F AC', 0, 0, 0, '2022-05-13 10:25:26', 1),
(387, '', '93 68 50 AC', 0, 0, 0, '2022-05-13 10:27:52', 1),
(388, '', '03 18 5A AC', 0, 0, 0, '2022-05-13 10:28:07', 1),
(389, '', '94 13 03 64', 0, 0, 0, '2022-05-13 10:28:34', 1),
(390, '', '33 4A 9C 95', 0, 0, 0, '2022-05-13 10:28:49', 1),
(391, '', '53 7E 65 95', 0, 0, 0, '2022-05-13 10:29:03', 1),
(392, '', '84 85 77 64', 0, 0, 0, '2022-05-13 10:29:39', 1),
(393, '', '63 C4 C0 95', 0, 0, 0, '2022-05-13 10:30:08', 1),
(394, '', '84 8A 57 64', 0, 0, 0, '2022-05-13 10:30:24', 1),
(395, '', '64 60 7A 64', 0, 0, 0, '2022-05-13 10:31:49', 1),
(396, '', '74 02 00 64', 0, 0, 0, '2022-05-13 10:32:26', 1),
(397, '', '74 17 5C 64', 0, 0, 0, '2022-05-13 10:33:13', 1),
(398, '', '23 80 68 AC', 0, 0, 0, '2022-05-13 10:33:28', 1),
(399, '', 'B3 4E FE AC', 0, 0, 0, '2022-05-13 10:34:33', 1),
(400, '', '53 69 5C AC', 0, 0, 0, '2022-05-13 10:34:53', 1),
(401, '', '74 D6 61 64', 0, 0, 0, '2022-05-13 10:35:03', 1),
(402, '', '74 B8 E3 64', 0, 0, 0, '2022-05-13 10:35:11', 1),
(403, '', '74 B0 EE 64', 0, 0, 0, '2022-05-13 10:35:16', 1),
(404, '', '64 A9 D4 64', 0, 0, 0, '2022-05-13 10:35:23', 1),
(405, '', '54 E0 78 64', 0, 0, 0, '2022-05-13 10:35:36', 1),
(406, '', '74 38 43 64', 0, 0, 0, '2022-05-13 10:35:49', 1),
(407, '', 'F3 36 F2 AC', 0, 0, 0, '2022-05-13 10:36:12', 1),
(408, '', 'A3 80 09 AD', 0, 0, 0, '2022-05-13 10:36:58', 1),
(409, '', 'F3 78 F0 AC', 0, 0, 0, '2022-05-13 10:37:15', 1),
(410, '', '74 75 F4 64', 0, 0, 0, '2022-05-13 10:37:47', 1),
(411, '', '33 D7 97 95', 0, 0, 0, '2022-05-13 10:38:23', 1),
(412, '', '03 E5 F3 AC', 0, 0, 0, '2022-05-13 10:38:53', 1),
(413, '', '83 45 FB AC', 0, 0, 0, '2022-05-13 10:39:08', 1),
(414, '', '23 83 FC AC', 0, 0, 0, '2022-05-13 10:39:22', 1),
(415, '', 'F3 9F 5D AC', 0, 0, 0, '2022-05-13 10:40:05', 1),
(416, '', 'A3 2E 37 1D', 0, 0, 0, '2022-05-13 10:40:18', 1),
(417, '', '64 90 95 64', 0, 0, 0, '2022-05-13 10:40:23', 1),
(418, '', '64 D9 7E 64', 0, 0, 0, '2022-05-13 10:40:28', 1),
(419, '', '64 39 08 64', 0, 0, 0, '2022-05-13 10:40:33', 1),
(420, '', '54 B3 E4 64', 0, 0, 0, '2022-05-13 10:40:44', 1),
(421, '', '33 3C 68 AC', 0, 0, 0, '2022-05-13 10:40:52', 1),
(422, '', '74 A5 F3 64', 0, 0, 0, '2022-05-13 10:40:59', 1),
(423, '', '03 80 FE AB', 0, 0, 0, '2022-05-13 10:41:20', 1),
(424, '', 'E3 49 4A AD', 0, 0, 0, '2022-05-13 10:41:33', 1),
(425, '', '03 11 3F AD', 0, 0, 0, '2022-05-13 10:41:56', 1),
(426, '', 'F3 E2 68 AC', 0, 0, 0, '2022-05-13 10:42:09', 1),
(427, '', '64 2C 52 64', 0, 0, 0, '2022-05-13 10:42:17', 1),
(428, '', '64 19 D7 64', 0, 0, 0, '2022-05-13 10:42:21', 1),
(429, '', '43 B1 0B AD', 0, 0, 0, '2022-05-13 10:43:00', 1),
(430, '', '53 87 00 AD', 0, 0, 0, '2022-05-13 10:43:14', 1),
(431, '', '83 DD 48 AC', 0, 0, 0, '2022-05-13 10:43:44', 1),
(432, '', 'A3 44 95 AC', 0, 0, 0, '2022-05-13 10:43:51', 1),
(433, '', '64 6F 8D 64', 0, 0, 0, '2022-05-13 10:43:55', 1),
(434, '', '94 15 FF 64', 0, 0, 0, '2022-05-13 10:44:03', 1),
(435, '', '84 43 F5 64', 0, 0, 0, '2022-05-13 10:44:07', 1),
(436, '', '94 0A 64 64', 0, 0, 0, '2022-05-13 10:44:12', 1),
(437, '', 'A3 16 55 1D', 0, 0, 0, '2022-05-13 10:44:18', 1),
(438, '', 'B3 2A 26 1D', 0, 0, 0, '2022-05-13 10:44:23', 1),
(439, '', 'B3 1A B5 1D', 0, 0, 0, '2022-05-13 10:44:28', 1),
(440, '', '93 F5 B2 1D', 0, 0, 0, '2022-05-13 10:44:32', 1),
(441, '', '23 64 68 AC', 0, 0, 0, '2022-05-13 10:44:45', 1),
(442, '', 'A3 5C F3 1D', 0, 0, 0, '2022-05-13 10:44:52', 1),
(443, '', 'A3 AB 1A 1D', 0, 0, 0, '2022-05-13 10:46:29', 1),
(444, '', 'A3 9E 9E 1D', 0, 0, 0, '2022-05-13 10:46:39', 1),
(445, '', '93 20 F5 AC', 0, 0, 0, '2022-05-13 10:46:45', 1),
(446, '', '64 7A 3B 64', 0, 0, 0, '2022-05-13 10:47:03', 1),
(447, '', 'A3 94 9E 1D', 0, 0, 0, '2022-05-13 10:47:23', 1),
(448, '', '64 3E 4D 64', 0, 0, 0, '2022-05-13 10:47:27', 1),
(449, '', '64 CD E8 64', 0, 0, 0, '2022-05-13 10:47:47', 1),
(450, '', 'C3 22 0B AD', 0, 0, 0, '2022-05-13 10:48:25', 1),
(451, '', '63 D0 0C AD', 0, 0, 0, '2022-05-13 10:48:37', 1),
(452, '', '74 83 6F 64', 0, 0, 0, '2022-05-13 10:48:43', 1),
(453, '', '74 73 6A 64', 0, 0, 0, '2022-05-13 10:48:46', 1),
(454, '', '84 9B 08 64', 0, 0, 0, '2022-05-13 10:49:14', 1),
(455, '', '94 1C C7 64', 0, 0, 0, '2022-05-13 10:49:19', 1),
(456, '', '64 F0 04 64', 0, 0, 0, '2022-05-13 10:49:41', 1),
(457, '', '54 EF 75 64', 0, 0, 0, '2022-05-13 10:50:10', 1),
(458, '', '54 D6 BC 64', 0, 0, 0, '2022-05-13 10:50:15', 1),
(459, '', '64 22 DF 64', 0, 0, 0, '2022-05-13 10:50:22', 1),
(460, '', '33 23 54 AC', 0, 0, 0, '2022-05-13 10:50:35', 1),
(461, '', '64 4D 58 64', 0, 0, 0, '2022-05-13 10:50:38', 1),
(462, '', '54 EC 30 64', 0, 0, 0, '2022-05-13 10:51:03', 1),
(463, '', '64 33 F4 64', 0, 0, 0, '2022-05-13 10:51:16', 1),
(464, '', '74 02 88 64', 0, 0, 0, '2022-05-13 10:52:27', 1),
(465, '', '74 2E E1 64', 0, 0, 0, '2022-05-13 10:53:41', 1),
(466, '', 'F3 7D 48 AC', 0, 0, 0, '2022-05-13 10:54:14', 1),
(467, '', '53 41 57 AC', 0, 0, 0, '2022-05-13 10:55:03', 1),
(468, '', '74 52 B0 64', 0, 0, 0, '2022-05-13 10:55:17', 1),
(469, '', '64 6F 90 64', 0, 0, 0, '2022-05-13 10:55:39', 1),
(470, '', 'C3 A2 FA AC', 0, 0, 0, '2022-05-13 10:55:48', 1),
(471, '', '64 BC F2 64', 0, 0, 0, '2022-05-13 10:55:53', 1),
(472, '', '64 5D 22 64', 0, 0, 0, '2022-05-13 10:56:12', 1),
(473, '', '64 C6 53 64', 0, 0, 0, '2022-05-13 10:56:18', 1),
(474, '', '63 9C 00 AD', 0, 0, 0, '2022-05-13 10:56:23', 1),
(475, '', '84 A9 80 64', 0, 0, 0, '2022-05-13 10:56:29', 1),
(476, '', '84 20 22 64', 0, 0, 0, '2022-05-13 10:57:00', 1),
(477, '', '93 8E 57 AC', 0, 0, 0, '2022-05-13 10:57:06', 1),
(478, '', 'F3 F1 57 AC', 0, 0, 0, '2022-05-13 10:57:43', 1),
(479, '', '73 FB 51 AC', 0, 0, 0, '2022-05-13 10:57:56', 1),
(480, '', 'A3 CD 67 95', 0, 0, 0, '2022-05-13 10:58:15', 1),
(481, '', 'D3 0F 66 95', 0, 0, 0, '2022-05-13 10:59:24', 1),
(482, '', '13 4E A3 95', 0, 0, 0, '2022-05-13 10:59:31', 1),
(483, '', 'F3 EC DF 95', 0, 0, 0, '2022-05-13 10:59:55', 1),
(484, '', 'D3 08 B4 95', 0, 0, 0, '2022-05-13 11:00:01', 1),
(485, '', 'E3 58 61 AC', 0, 0, 0, '2022-05-13 11:00:21', 1),
(486, '', '83 95 5F AC', 0, 0, 0, '2022-05-13 11:00:32', 1),
(487, '', '73 51 5B AC', 0, 0, 0, '2022-05-13 11:01:12', 1),
(488, '', 'C3 9F 5E AC', 0, 0, 0, '2022-05-13 11:01:24', 1),
(489, '', 'E3 C2 F9 AC', 0, 0, 0, '2022-05-13 11:01:32', 1),
(490, '', '93 77 F8 AC', 0, 0, 0, '2022-05-13 11:01:42', 1),
(491, '', '64 01 15 64', 0, 0, 0, '2022-05-13 11:01:50', 1),
(492, '', '13 65 F6 AC', 0, 0, 0, '2022-05-13 11:01:58', 1),
(493, '', '54 BA 63 64', 0, 0, 0, '2022-05-13 11:02:02', 1),
(494, '', 'E3 59 64 AC', 0, 0, 0, '2022-05-13 11:02:08', 1),
(495, '', '03 18 5F AC', 0, 0, 0, '2022-05-13 11:02:16', 1),
(496, '', 'A3 D7 57 AC', 0, 0, 0, '2022-05-13 11:02:24', 1),
(497, '', '63 D7 64 AC', 0, 0, 0, '2022-05-13 11:02:33', 1),
(498, '', '93 AC 83 95', 0, 0, 0, '2022-05-13 11:02:50', 1),
(499, '', 'F3 C6 9A 95', 0, 0, 0, '2022-05-13 11:03:02', 1),
(500, '', 'C3 A5 F2 AB', 0, 0, 0, '2022-05-13 11:03:07', 1),
(501, '', 'C3 EE C5 95', 0, 0, 0, '2022-05-13 11:03:12', 1),
(502, '', 'B3 6D 9C 95', 0, 0, 0, '2022-05-13 11:03:19', 1),
(503, '', 'F3 86 77 95', 0, 0, 0, '2022-05-13 11:04:38', 1),
(504, '', 'B3 8B 54 AC', 0, 0, 0, '2022-05-13 11:05:49', 1),
(505, '', '64 D1 84 64', 0, 0, 0, '2022-05-13 11:05:56', 1),
(506, '', '74 1A F6 64', 0, 0, 0, '2022-05-13 11:06:00', 1),
(507, '', '64 80 D8 64', 0, 0, 0, '2022-05-13 11:06:04', 1),
(508, '', '64 64 60 64', 0, 0, 0, '2022-05-13 11:06:13', 1),
(509, '', '13 78 45 AD', 0, 0, 0, '2022-05-13 11:06:49', 1),
(510, '', '13 A8 0C AD', 0, 0, 0, '2022-05-13 11:08:21', 1),
(511, '', '23 C6 0D AD', 0, 0, 0, '2022-05-13 11:08:34', 1),
(512, '', '83 33 50 AC', 0, 0, 0, '2022-05-13 11:08:43', 1),
(513, '', '73 51 BE 95', 0, 0, 0, '2022-05-13 11:08:47', 1),
(514, '', '74 53 56 64', 0, 0, 0, '2022-05-13 11:08:53', 1),
(515, '', 'E3 04 58 AC', 0, 0, 0, '2022-05-13 11:08:58', 1),
(516, '', '43 9B 4D 95', 0, 0, 0, '2022-05-13 11:09:08', 1),
(517, '', 'C3 6C 5A AC', 0, 0, 0, '2022-05-13 11:09:20', 1),
(518, '', 'D3 8E A1 95', 0, 0, 0, '2022-05-13 11:09:24', 1),
(519, '', 'F3 74 C4 95', 0, 0, 0, '2022-05-13 11:09:27', 1),
(520, '', '74 02 85 64', 0, 0, 0, '2022-05-13 11:09:32', 1),
(521, '', '54 D4 5D 64', 0, 0, 0, '2022-05-13 11:10:28', 1),
(522, '', 'C3 D1 75 95', 0, 0, 0, '2022-05-13 11:10:40', 1),
(523, '', '64 83 5B 64', 0, 0, 0, '2022-05-13 11:10:43', 1),
(524, '', 'E3 B7 B1 95', 0, 0, 0, '2022-05-13 11:10:49', 1),
(525, '', '74 DD 7E 64', 0, 0, 0, '2022-05-13 11:10:56', 1),
(526, '', '64 57 D0 64', 0, 0, 0, '2022-05-13 11:11:01', 1),
(527, '', '74 CC D5 64', 0, 0, 0, '2022-05-13 11:11:07', 1),
(528, '', '93 0C F3 AC', 0, 0, 0, '2022-05-13 11:11:15', 1),
(529, '', '13 9E 96 AC', 0, 0, 0, '2022-05-13 11:11:27', 1),
(530, '', '84 87 86 64', 0, 0, 0, '2022-05-13 11:11:32', 1),
(531, '', 'D3 85 A1 95', 0, 0, 0, '2022-05-13 11:11:40', 1),
(532, '', '63 68 9E 95', 0, 0, 0, '2022-05-13 11:11:49', 1),
(533, '', '13 7D 91 95', 0, 0, 0, '2022-05-13 11:12:15', 1),
(534, '', '54 C7 33 64', 0, 0, 0, '2022-05-13 11:12:28', 1),
(535, '', '73 67 47 AD', 0, 0, 0, '2022-05-13 11:12:52', 1),
(536, '', '64 C1 BE 64', 0, 0, 0, '2022-05-13 11:13:01', 1),
(537, '', '03 AE FA AC', 0, 0, 0, '2022-05-13 11:13:10', 1),
(538, '', '43 A6 4B AD', 0, 0, 0, '2022-05-13 11:13:18', 1),
(539, '', '84 08 E6 64', 0, 0, 0, '2022-05-13 11:13:49', 1),
(540, '', '54 C4 DD 64', 0, 0, 0, '2022-05-13 11:14:18', 1),
(541, '', '74 12 E0 64', 0, 0, 0, '2022-05-13 11:15:10', 1),
(542, '', '74 60 90 64', 0, 0, 0, '2022-05-13 11:16:00', 1),
(543, '', 'A3 B7 53 95', 0, 0, 0, '2022-05-13 11:16:18', 1),
(544, '', 'C3 28 C1 95', 0, 0, 0, '2022-05-13 11:18:17', 1),
(545, '', '63 4B FF AC', 0, 0, 0, '2022-05-13 11:18:45', 1),
(546, '', '43 8C 51 AC', 0, 0, 0, '2022-05-13 11:19:04', 1),
(547, '', '73 BC 74 95', 0, 0, 0, '2022-05-13 11:19:17', 1),
(548, '', '84 A6 D3 64', 0, 0, 0, '2022-05-13 11:19:30', 1),
(549, '', 'A3 3E F3 AC', 0, 0, 0, '2022-05-13 11:19:56', 1),
(550, '', '73 E4 68 AC', 0, 0, 0, '2022-05-13 11:20:19', 1),
(551, '', 'E3 CB 59 AC', 0, 0, 0, '2022-05-13 11:20:34', 1),
(552, '', 'C3 93 56 AC', 0, 0, 0, '2022-05-13 11:20:48', 1),
(553, '', '74 5A 1E 64', 0, 0, 0, '2022-05-13 11:21:01', 1),
(554, '', '74 DB 87 64', 0, 0, 0, '2022-05-13 11:21:14', 1),
(555, '', '74 65 13 64', 0, 0, 0, '2022-05-13 11:21:29', 1),
(556, '', '84 11 BB 64', 0, 0, 0, '2022-05-13 11:21:59', 1),
(557, '', '83 F1 FD AC', 0, 0, 0, '2022-05-13 11:22:13', 1),
(558, '', '53 F1 FF AC', 0, 0, 0, '2022-05-13 11:22:41', 1),
(559, '', '74 E0 1E 64', 0, 0, 0, '2022-05-13 11:22:53', 1),
(560, '', 'B3 C0 55 AC', 0, 0, 0, '2022-05-13 11:23:10', 1),
(561, '', 'F3 C6 4A AC', 0, 0, 0, '2022-05-13 11:23:25', 1),
(562, '', '63 89 75 95', 0, 0, 0, '2022-05-13 11:23:41', 1),
(563, '', '64 F1 F3 64', 0, 0, 0, '2022-05-13 11:23:54', 1),
(564, '', '74 08 42 64', 0, 0, 0, '2022-05-13 11:24:07', 1),
(565, '', '64 50 E4 64', 0, 0, 0, '2022-05-13 11:24:20', 1),
(566, '', 'A3 9F 2A 1D', 0, 0, 0, '2022-05-13 11:24:32', 1),
(567, '', 'D3 76 58 AC', 0, 0, 0, '2022-05-13 11:26:31', 1),
(568, '', 'D3 EC F5 AC', 0, 0, 0, '2022-05-13 11:26:47', 1),
(569, '', 'D3 B2 03 AD', 0, 0, 0, '2022-05-13 11:27:38', 1),
(570, '', 'C3 36 BE 95', 0, 0, 0, '2022-05-13 11:28:09', 1),
(571, '', '74 E9 69 64', 0, 0, 0, '2022-05-13 11:28:25', 1),
(572, '', '53 B8 09 AD', 0, 0, 0, '2022-05-13 11:29:03', 1),
(573, '', '74 7A 72 64', 0, 0, 0, '2022-05-13 11:29:17', 1),
(574, '', '84 31 A7 64', 0, 0, 0, '2022-05-13 11:29:31', 1),
(575, '', 'D3 5F 58 AC', 0, 0, 0, '2022-05-13 11:29:44', 1),
(576, '', 'F3 53 67 AC', 0, 0, 0, '2022-05-13 11:29:58', 1),
(577, '', '64 4F B2 64', 0, 0, 0, '2022-05-13 11:30:13', 1),
(578, '', '43 1B F2 AC', 0, 0, 0, '2022-05-13 11:30:28', 1),
(579, '', '33 EA 50 AD', 0, 0, 0, '2022-05-13 11:30:41', 1),
(580, '', '23 38 55 AC', 0, 0, 0, '2022-05-13 11:31:04', 1),
(581, '', 'D3 53 A9 95', 0, 0, 0, '2022-05-13 11:31:32', 1),
(582, '', '64 C9 47 64', 0, 0, 0, '2022-05-13 11:32:10', 1),
(583, '', '13 67 B3 95', 0, 0, 0, '2022-05-13 11:32:26', 1),
(584, '', '74 65 83 64', 0, 0, 0, '2022-05-13 11:32:38', 1),
(585, '', '64 A7 8A 64', 0, 0, 0, '2022-05-13 11:33:27', 1),
(586, '', '64 1E 0B 64', 0, 0, 0, '2022-05-13 11:33:37', 1),
(587, '', '64 A1 26 64', 0, 0, 0, '2022-05-13 11:33:45', 1),
(588, '', '63 9D A0 95', 0, 0, 0, '2022-05-13 11:33:51', 1),
(589, '', 'E3 BE D1 95', 0, 0, 0, '2022-05-13 11:34:10', 1),
(590, '', '13 1A E2 95', 0, 0, 0, '2022-05-13 11:34:25', 1),
(591, '', 'F3 08 B0 95', 0, 0, 0, '2022-05-13 11:34:43', 1),
(592, '', '54 C1 E5 64', 0, 0, 0, '2022-05-13 11:34:55', 1),
(593, '', '84 D1 73 64', 0, 0, 0, '2022-05-13 11:35:19', 1),
(594, '', '84 AC 21 64', 0, 0, 0, '2022-05-13 11:35:55', 1),
(595, '', '84 C9 65 64', 0, 0, 0, '2022-05-13 11:36:08', 1),
(596, '', '94 0C 46 64', 0, 0, 0, '2022-05-13 11:36:24', 1),
(597, '', 'D3 7D 53 AD', 0, 0, 0, '2022-05-13 11:36:37', 1),
(598, '', '64 06 52 64', 0, 0, 0, '2022-05-13 11:36:52', 1),
(599, '', 'D3 DB F6 AC', 0, 0, 0, '2022-05-13 11:37:13', 1),
(600, '', '93 6D 05 AD', 0, 0, 0, '2022-05-13 11:38:07', 1),
(601, '', '33 85 0D AD', 0, 0, 0, '2022-05-13 11:38:37', 1),
(602, '', 'C3 74 FE AC', 0, 0, 0, '2022-05-13 11:39:11', 1),
(603, '', '03 68 0A AD', 0, 0, 0, '2022-05-13 11:40:05', 1),
(604, '', '63 F3 F3 AC', 0, 0, 0, '2022-05-13 11:40:17', 1),
(605, '', '64 26 F6 64', 0, 0, 0, '2022-05-13 11:40:37', 1),
(606, '', '13 06 70 95', 0, 0, 0, '2022-05-13 11:40:58', 1),
(607, '', '74 01 5E 64', 0, 0, 0, '2022-05-13 11:41:22', 1),
(608, '', '64 EC 3D 64', 0, 0, 0, '2022-05-13 11:41:32', 1),
(609, '', '74 FA C1 64', 0, 0, 0, '2022-05-13 11:42:00', 1),
(610, '', '64 8B 17 64', 0, 0, 0, '2022-05-13 11:42:46', 1),
(611, '', '03 6B F3 AC', 0, 0, 0, '2022-05-13 11:43:01', 1),
(612, '', '63 33 9D 95', 0, 0, 0, '2022-05-13 11:43:19', 1),
(613, '', '74 2E EA 64', 0, 0, 0, '2022-05-13 11:43:31', 1),
(614, '', '54 DE 96 64', 0, 0, 0, '2022-05-13 11:43:39', 1),
(615, '', '54 DF 04 64', 0, 0, 0, '2022-05-13 11:45:52', 1),
(616, '', '33 FE F1 AC', 0, 0, 0, '2022-05-13 11:46:16', 1),
(617, '', '23 C8 68 AC', 0, 0, 0, '2022-05-13 11:46:29', 1),
(618, '', '64 8D D4 64', 0, 0, 0, '2022-05-13 11:46:42', 1),
(619, '', '54 F0 55 64', 0, 0, 0, '2022-05-13 11:47:14', 1),
(620, '', '74 15 22 64', 0, 0, 0, '2022-05-13 11:47:27', 1),
(621, '', '64 B7 D3 64', 0, 0, 0, '2022-05-13 11:47:42', 1),
(622, '', '64 AB FF 64', 0, 0, 0, '2022-05-13 11:47:55', 1),
(623, '', '23 47 AF 95', 0, 0, 0, '2022-05-13 11:48:09', 1),
(624, '', '64 4C C9 64', 0, 0, 0, '2022-05-13 11:48:25', 1),
(625, '', 'F3 DB 4C 95', 0, 0, 0, '2022-05-13 11:48:39', 1),
(626, '', '13 BA 07 AD', 0, 0, 0, '2022-05-13 11:49:01', 1),
(627, '', 'F3 6F 00 AD', 0, 0, 0, '2022-05-13 11:49:21', 1),
(628, '', 'F3 C6 F9 AC', 0, 0, 0, '2022-05-13 11:49:41', 1),
(629, '', 'D3 A9 35 AD', 0, 0, 0, '2022-05-13 11:49:54', 1),
(630, '', '93 45 5A AC', 0, 0, 0, '2022-05-13 11:50:39', 1);

-- --------------------------------------------------------

--
-- Table structure for table `tblTokensToHealthProvider`
--

CREATE TABLE `tblTokensToHealthProvider` (
  `provider_id` varchar(11) NOT NULL,
  `AssignTokenToHealthProvider` longtext CHARACTER SET utf8mb4 COLLATE utf8mb4_bin NOT NULL CHECK (json_valid(`AssignTokenToHealthProvider`))
) ENGINE=InnoDB DEFAULT CHARSET=utf8mb4;

--
-- Dumping data for table `tblTokensToHealthProvider`
--

INSERT INTO `tblTokensToHealthProvider` (`provider_id`, `AssignTokenToHealthProvider`) VALUES
('29', '[\"ZT-9,4C_51_E3_66\",\"ZT-10,2C_90_54_6E\",\"ZT-11,BC_79_1F_6D\"]'),
('29', '[\"ZT-9,4C_51_E3_66\"]');

-- --------------------------------------------------------

--
-- Table structure for table `tblToyRegistration`
--

CREATE TABLE `tblToyRegistration` (
  `ToyId` int(11) NOT NULL,
  `ToyName` varchar(50) NOT NULL,
  `PhcId` int(11) NOT NULL,
  `IsInitialized` int(11) NOT NULL DEFAULT 0,
  `IsAssignedtoPhc` int(11) NOT NULL DEFAULT 0,
  `No_Of_Tokens` int(11) NOT NULL,
  `projectid` int(11) NOT NULL
) ENGINE=MyISAM DEFAULT CHARSET=latin1;

--
-- Dumping data for table `tblToyRegistration`
--

INSERT INTO `tblToyRegistration` (`ToyId`, `ToyName`, `PhcId`, `IsInitialized`, `IsAssignedtoPhc`, `No_Of_Tokens`, `projectid`) VALUES
(1, 'ZMQ_TOY_001', 0, 0, 0, 7, 0),
(2, 'ZMQ_TOY_002', 0, 0, 0, 0, 0),
(5, 'ZMQ_TOY_005', 0, 0, 0, 0, 0),
(4, 'ZMQ_TOY_003', 3, 0, 1, 0, 0),
(6, 'ZMQ_TOY_006', 0, 0, 0, 0, 0),
(7, 'ZMQ_TOY_007', 0, 0, 0, 0, 0),
(8, 'ZMQ_TOY_008', 0, 0, 0, 0, 0),
(9, 'ZMQ_TOY_009', 0, 0, 0, 0, 0),
(10, 'ZMQ_TOY_010', 0, 0, 0, 0, 0),
(11, 'ZMQ_TOY_011', 0, 0, 0, 0, 0),
(12, 'ZMQ_TOY_012', 0, 0, 0, 0, 0),
(13, 'ZMQ_TOY_013', 0, 0, 0, 0, 0),
(14, 'ZMQ_TOY_014', 0, 0, 0, 0, 0);

-- --------------------------------------------------------

--
-- Table structure for table `tblToyTokenMapping`
--

CREATE TABLE `tblToyTokenMapping` (
  `Id` int(11) NOT NULL,
  `ToyId` int(11) NOT NULL,
  `TokenId` int(11) NOT NULL,
  `MappingDate` datetime NOT NULL DEFAULT current_timestamp()
) ENGINE=MyISAM DEFAULT CHARSET=latin1;

--
-- Dumping data for table `tblToyTokenMapping`
--

INSERT INTO `tblToyTokenMapping` (`Id`, `ToyId`, `TokenId`, `MappingDate`) VALUES
(1, 2, 41, '2022-02-16 10:21:18'),
(2, 2, 42, '2022-02-16 10:21:18'),
(3, 2, 43, '2022-02-16 10:25:13'),
(4, 2, 44, '2022-02-16 10:25:13'),
(5, 2, 45, '2022-02-16 10:25:25'),
(6, 2, 46, '2022-02-28 10:24:19'),
(7, 2, 47, '2022-02-28 10:24:19'),
(8, 2, 48, '2022-02-28 10:24:19'),
(9, 2, 49, '2022-02-28 10:24:19'),
(10, 2, 50, '2022-02-28 10:24:19'),
(11, 41, 20, '2022-03-14 11:17:58'),
(12, 42, 20, '2022-03-14 11:18:06'),
(13, 43, 20, '2022-03-14 11:18:13'),
(14, 44, 20, '2022-03-14 11:18:20'),
(15, 45, 20, '2022-03-14 11:18:27'),
(16, 46, 22, '2022-03-14 11:18:47'),
(17, 47, 22, '2022-03-14 11:18:53'),
(18, 48, 22, '2022-03-14 11:19:01'),
(19, 49, 22, '2022-03-14 11:19:07'),
(20, 50, 22, '2022-03-14 11:19:15'),
(21, 1, 57, '2022-03-14 11:24:12'),
(22, 1, 58, '2022-03-14 11:24:20'),
(23, 1, 59, '2022-03-14 11:24:27'),
(24, 1, 60, '2022-03-14 11:24:34'),
(25, 1, 61, '2022-03-14 11:24:42'),
(26, 1, 62, '2022-03-14 11:24:49'),
(27, 1, 63, '2022-03-14 11:24:56'),
(28, 1, 64, '2022-03-14 11:25:03'),
(29, 1, 65, '2022-03-14 11:25:11'),
(30, 1, 66, '2022-03-14 11:25:19'),
(31, 1, 67, '2022-03-14 11:25:26'),
(32, 1, 68, '2022-03-14 11:25:33'),
(33, 1, 69, '2022-03-14 11:25:40'),
(34, 2, 70, '2022-03-14 11:25:48'),
(35, 2, 71, '2022-03-14 11:25:55'),
(36, 2, 72, '2022-03-14 11:26:02'),
(37, 2, 73, '2022-03-14 11:26:09'),
(38, 2, 74, '2022-03-14 11:26:17'),
(39, 2, 75, '2022-03-14 11:26:24'),
(40, 2, 76, '2022-03-14 11:26:32'),
(48, 2, 82, '2022-03-14 11:30:40'),
(47, 2, 81, '2022-03-14 11:30:33'),
(43, 2, 77, '2022-03-14 11:26:57'),
(44, 2, 78, '2022-03-14 11:27:04'),
(45, 2, 79, '2022-03-14 11:27:11'),
(46, 2, 80, '2022-03-14 11:27:20'),
(49, 2, 83, '2022-03-14 11:30:47'),
(50, 2, 84, '2022-03-14 11:30:57'),
(51, 2, 85, '2022-03-14 11:31:05'),
(52, 2, 86, '2022-03-14 11:31:12'),
(53, 2, 87, '2022-03-14 11:31:20'),
(54, 2, 88, '2022-03-14 11:31:26'),
(55, 2, 89, '2022-03-14 11:31:34'),
(56, 2, 90, '2022-03-14 11:33:12'),
(57, 2, 91, '2022-03-14 11:33:20'),
(58, 2, 92, '2022-03-14 11:33:27'),
(59, 2, 93, '2022-03-14 11:33:35'),
(60, 2, 94, '2022-03-14 11:33:42'),
(61, 2, 95, '2022-03-14 11:33:49'),
(62, 2, 96, '2022-03-14 11:33:57'),
(63, 2, 97, '2022-03-14 11:34:04'),
(64, 2, 98, '2022-03-14 11:34:12'),
(65, 2, 99, '2022-03-14 11:34:20'),
(66, 2, 100, '2022-03-14 11:34:28'),
(67, 2, 101, '2022-03-14 11:34:36'),
(68, 4, 102, '2022-03-25 06:11:24'),
(69, 4, 103, '2022-03-25 06:11:24'),
(70, 4, 104, '2022-03-25 06:11:24'),
(71, 4, 105, '2022-03-25 06:11:24'),
(72, 4, 106, '2022-03-25 06:11:24'),
(73, 4, 107, '2022-03-25 06:11:24'),
(74, 4, 108, '2022-03-25 06:11:24'),
(75, 4, 109, '2022-03-25 06:11:24'),
(76, 4, 110, '2022-03-25 06:11:24'),
(77, 4, 111, '2022-03-25 06:11:24'),
(78, 5, 112, '2022-03-29 06:05:07'),
(79, 5, 113, '2022-03-29 06:05:07'),
(80, 5, 114, '2022-03-29 06:05:07'),
(81, 5, 115, '2022-03-29 06:05:07'),
(82, 5, 116, '2022-03-29 06:05:07');

-- --------------------------------------------------------

--
-- Table structure for table `tblVaccineMaster`
--

CREATE TABLE `tblVaccineMaster` (
  `vaccineId` int(11) NOT NULL,
  `vaccineName` varchar(100) NOT NULL,
  `vaccineCode` varchar(100) NOT NULL,
  `startDay` int(11) NOT NULL,
  `endDay` int(11) NOT NULL,
  `dependentVaccineId` int(11) NOT NULL,
  `vaccineOrder` int(11) NOT NULL,
  `DayOfDependency` int(11) NOT NULL,
  `isActive` int(11) NOT NULL DEFAULT 1
) ENGINE=MyISAM DEFAULT CHARSET=latin1;

--
-- Dumping data for table `tblVaccineMaster`
--

INSERT INTO `tblVaccineMaster` (`vaccineId`, `vaccineName`, `vaccineCode`, `startDay`, `endDay`, `dependentVaccineId`, `vaccineOrder`, `DayOfDependency`, `isActive`) VALUES
(1, 'Hepatitis B', 'HEP B', 0, 1, 0, 1, 0, 1),
(2, 'OPV 0', 'OPV 0', 0, 15, 0, 2, 0, 1),
(3, 'BCG', 'BCG', 0, 365, 0, 3, 0, 1),
(4, 'OPV 1', 'OPV 1', 45, 1825, 0, 4, 0, 1),
(5, 'Penta 1', 'Penta 1', 45, 1825, 0, 5, 0, 1),
(6, 'OPV 2', 'OPV 2', 75, 1825, 4, 6, 30, 1),
(7, 'Penta 2', 'Penta 2', 75, 1825, 5, 7, 30, 1),
(8, 'OPV 3', 'OPV 3', 105, 1825, 6, 8, 30, 1),
(9, 'Penta 3', 'Penta 3', 105, 1825, 7, 9, 30, 1),
(10, 'Measles', 'MESL', 270, 1825, 0, 10, 0, 1),
(11, 'DPT Booster', 'DPT Booster', 480, 1825, 9, 11, 180, 1),
(12, 'OPV Booster', 'OPV Booster', 480, 1825, 8, 12, 180, 1),
(13, 'Vitamin A', 'VitA', 270, 1825, 0, 13, 0, 1),
(14, 'Measles Booster', 'MESL Booster', 480, 1825, 10, 14, 180, 1);

-- --------------------------------------------------------

--
-- Table structure for table `tblVaccinePlaner`
--

CREATE TABLE `tblVaccinePlaner` (
  `PlannerId` int(11) NOT NULL,
  `HandMadePlannerId` varchar(20) NOT NULL,
  `isActive` int(11) NOT NULL,
  `CreatedDate` timestamp NOT NULL DEFAULT current_timestamp()
) ENGINE=MyISAM DEFAULT CHARSET=latin1;

--
-- Dumping data for table `tblVaccinePlaner`
--

INSERT INTO `tblVaccinePlaner` (`PlannerId`, `HandMadePlannerId`, `isActive`, `CreatedDate`) VALUES
(1, 'P001', 1, '2017-05-25 06:26:46'),
(2, 'P002', 0, '2017-05-25 06:26:46');

--
-- Indexes for dumped tables
--

--
-- Indexes for table `deviceInputHistory`
--
ALTER TABLE `deviceInputHistory`
  ADD PRIMARY KEY (`auto_Id`);

--
-- Indexes for table `master_activityType`
--
ALTER TABLE `master_activityType`
  ADD PRIMARY KEY (`activity_Id`);

--
-- Indexes for table `master_login`
--
ALTER TABLE `master_login`
  ADD PRIMARY KEY (`auto_loginId`),
  ADD UNIQUE KEY `userId` (`userId`);

--
-- Indexes for table `master_project`
--
ALTER TABLE `master_project`
  ADD PRIMARY KEY (`project_uuid`);

--
-- Indexes for table `master_sensorType`
--
ALTER TABLE `master_sensorType`
  ADD PRIMARY KEY (`sensorTypeId`);

--
-- Indexes for table `QuestionAnswer`
--
ALTER TABLE `QuestionAnswer`
  ADD PRIMARY KEY (`AutoId`);

--
-- Indexes for table `tblAreaMapping`
--
ALTER TABLE `tblAreaMapping`
  ADD PRIMARY KEY (`AreaId`);

--
-- Indexes for table `tblBlockMaster`
--
ALTER TABLE `tblBlockMaster`
  ADD PRIMARY KEY (`BlockId`);

--
-- Indexes for table `tblChildMaster`
--
ALTER TABLE `tblChildMaster`
  ADD PRIMARY KEY (`ChildId`);

--
-- Indexes for table `tblChildTokenMapping`
--
ALTER TABLE `tblChildTokenMapping`
  ADD PRIMARY KEY (`AutoId`);

--
-- Indexes for table `tblchildwisevaccination`
--
ALTER TABLE `tblchildwisevaccination`
  ADD PRIMARY KEY (`Id`);

--
-- Indexes for table `tblCountryMaster`
--
ALTER TABLE `tblCountryMaster`
  ADD PRIMARY KEY (`CountryId`);

--
-- Indexes for table `tblDistrictMaster`
--
ALTER TABLE `tblDistrictMaster`
  ADD PRIMARY KEY (`DistrictId`);

--
-- Indexes for table `tblIotInteraction`
--
ALTER TABLE `tblIotInteraction`
  ADD PRIMARY KEY (`communication_id`);

--
-- Indexes for table `tblLogin`
--
ALTER TABLE `tblLogin`
  ADD UNIQUE KEY `login_id` (`login_id`);

--
-- Indexes for table `tblMessageText`
--
ALTER TABLE `tblMessageText`
  ADD PRIMARY KEY (`MessageId`);

--
-- Indexes for table `tblPhcRegister`
--
ALTER TABLE `tblPhcRegister`
  ADD PRIMARY KEY (`PhcId`);

--
-- Indexes for table `tblQuestionDownload`
--
ALTER TABLE `tblQuestionDownload`
  ADD PRIMARY KEY (`autoId`);

--
-- Indexes for table `tblQuestionText`
--
ALTER TABLE `tblQuestionText`
  ADD PRIMARY KEY (`QuestionId`);

--
-- Indexes for table `tblRegisterProvider`
--
ALTER TABLE `tblRegisterProvider`
  ADD PRIMARY KEY (`ProviderId`);

--
-- Indexes for table `tblStateMaster`
--
ALTER TABLE `tblStateMaster`
  ADD PRIMARY KEY (`StateId`);

--
-- Indexes for table `tblTokenMaster`
--
ALTER TABLE `tblTokenMaster`
  ADD PRIMARY KEY (`TokenId`);

--
-- Indexes for table `tblToyRegistration`
--
ALTER TABLE `tblToyRegistration`
  ADD PRIMARY KEY (`ToyId`);

--
-- Indexes for table `tblToyTokenMapping`
--
ALTER TABLE `tblToyTokenMapping`
  ADD PRIMARY KEY (`Id`);

--
-- Indexes for table `tblVaccineMaster`
--
ALTER TABLE `tblVaccineMaster`
  ADD PRIMARY KEY (`vaccineId`);

--
-- Indexes for table `tblVaccinePlaner`
--
ALTER TABLE `tblVaccinePlaner`
  ADD PRIMARY KEY (`PlannerId`);

--
-- AUTO_INCREMENT for dumped tables
--

--
-- AUTO_INCREMENT for table `deviceInputHistory`
--
ALTER TABLE `deviceInputHistory`
  MODIFY `auto_Id` int(11) NOT NULL AUTO_INCREMENT, AUTO_INCREMENT=3703;

--
-- AUTO_INCREMENT for table `master_activityType`
--
ALTER TABLE `master_activityType`
  MODIFY `activity_Id` int(11) NOT NULL AUTO_INCREMENT, AUTO_INCREMENT=4;

--
-- AUTO_INCREMENT for table `master_login`
--
ALTER TABLE `master_login`
  MODIFY `auto_loginId` int(11) NOT NULL AUTO_INCREMENT, AUTO_INCREMENT=28;

--
-- AUTO_INCREMENT for table `master_sensorType`
--
ALTER TABLE `master_sensorType`
  MODIFY `sensorTypeId` int(2) NOT NULL AUTO_INCREMENT, AUTO_INCREMENT=13;

--
-- AUTO_INCREMENT for table `QuestionAnswer`
--
ALTER TABLE `QuestionAnswer`
  MODIFY `AutoId` int(11) NOT NULL AUTO_INCREMENT, AUTO_INCREMENT=34;

--
-- AUTO_INCREMENT for table `tblAreaMapping`
--
ALTER TABLE `tblAreaMapping`
  MODIFY `AreaId` int(11) NOT NULL AUTO_INCREMENT, AUTO_INCREMENT=17;

--
-- AUTO_INCREMENT for table `tblBlockMaster`
--
ALTER TABLE `tblBlockMaster`
  MODIFY `BlockId` int(11) NOT NULL AUTO_INCREMENT, AUTO_INCREMENT=16;

--
-- AUTO_INCREMENT for table `tblChildMaster`
--
ALTER TABLE `tblChildMaster`
  MODIFY `ChildId` int(11) NOT NULL AUTO_INCREMENT, AUTO_INCREMENT=44;

--
-- AUTO_INCREMENT for table `tblChildTokenMapping`
--
ALTER TABLE `tblChildTokenMapping`
  MODIFY `AutoId` int(11) NOT NULL AUTO_INCREMENT, AUTO_INCREMENT=44;

--
-- AUTO_INCREMENT for table `tblchildwisevaccination`
--
ALTER TABLE `tblchildwisevaccination`
  MODIFY `Id` int(11) NOT NULL AUTO_INCREMENT, AUTO_INCREMENT=44;

--
-- AUTO_INCREMENT for table `tblCountryMaster`
--
ALTER TABLE `tblCountryMaster`
  MODIFY `CountryId` int(11) NOT NULL AUTO_INCREMENT, AUTO_INCREMENT=2;

--
-- AUTO_INCREMENT for table `tblDistrictMaster`
--
ALTER TABLE `tblDistrictMaster`
  MODIFY `DistrictId` int(11) NOT NULL AUTO_INCREMENT, AUTO_INCREMENT=12;

--
-- AUTO_INCREMENT for table `tblIotInteraction`
--
ALTER TABLE `tblIotInteraction`
  MODIFY `communication_id` int(11) NOT NULL AUTO_INCREMENT, AUTO_INCREMENT=125;

--
-- AUTO_INCREMENT for table `tblMessageText`
--
ALTER TABLE `tblMessageText`
  MODIFY `MessageId` int(11) NOT NULL AUTO_INCREMENT, AUTO_INCREMENT=6;

--
-- AUTO_INCREMENT for table `tblPhcRegister`
--
ALTER TABLE `tblPhcRegister`
  MODIFY `PhcId` int(11) NOT NULL AUTO_INCREMENT, AUTO_INCREMENT=4;

--
-- AUTO_INCREMENT for table `tblQuestionDownload`
--
ALTER TABLE `tblQuestionDownload`
  MODIFY `autoId` int(11) NOT NULL AUTO_INCREMENT, AUTO_INCREMENT=5;

--
-- AUTO_INCREMENT for table `tblQuestionText`
--
ALTER TABLE `tblQuestionText`
  MODIFY `QuestionId` int(11) NOT NULL AUTO_INCREMENT, AUTO_INCREMENT=75;

--
-- AUTO_INCREMENT for table `tblRegisterProvider`
--
ALTER TABLE `tblRegisterProvider`
  MODIFY `ProviderId` int(11) NOT NULL AUTO_INCREMENT, AUTO_INCREMENT=30;

--
-- AUTO_INCREMENT for table `tblStateMaster`
--
ALTER TABLE `tblStateMaster`
  MODIFY `StateId` int(11) NOT NULL AUTO_INCREMENT, AUTO_INCREMENT=5;

--
-- AUTO_INCREMENT for table `tblTokenMaster`
--
ALTER TABLE `tblTokenMaster`
  MODIFY `TokenId` int(11) NOT NULL AUTO_INCREMENT, AUTO_INCREMENT=631;

--
-- AUTO_INCREMENT for table `tblToyRegistration`
--
ALTER TABLE `tblToyRegistration`
  MODIFY `ToyId` int(11) NOT NULL AUTO_INCREMENT, AUTO_INCREMENT=15;

--
-- AUTO_INCREMENT for table `tblToyTokenMapping`
--
ALTER TABLE `tblToyTokenMapping`
  MODIFY `Id` int(11) NOT NULL AUTO_INCREMENT, AUTO_INCREMENT=83;

--
-- AUTO_INCREMENT for table `tblVaccineMaster`
--
ALTER TABLE `tblVaccineMaster`
  MODIFY `vaccineId` int(11) NOT NULL AUTO_INCREMENT, AUTO_INCREMENT=15;

--
-- AUTO_INCREMENT for table `tblVaccinePlaner`
--
ALTER TABLE `tblVaccinePlaner`
  MODIFY `PlannerId` int(11) NOT NULL AUTO_INCREMENT, AUTO_INCREMENT=3;
COMMIT;

/*!40101 SET CHARACTER_SET_CLIENT=@OLD_CHARACTER_SET_CLIENT */;
/*!40101 SET CHARACTER_SET_RESULTS=@OLD_CHARACTER_SET_RESULTS */;
/*!40101 SET COLLATION_CONNECTION=@OLD_COLLATION_CONNECTION */;
